✔ [1485/1524] Built Cloning.BlockFidelity (5.2s)
✔ [1576/1636] Built Cloning.Rounding (5.6s)
✔ [1684/1704] Built Cloning.ClassicalFidelity (2.9s)
⚠ [2474/2536] Built Cloning.Thermal (4.4s)
warning: Cloning/Thermal.lean:423:4: try 'simp' instead of 'simpa'

Note: This linter can be disabled with `set_option linter.unnecessarySimpa false`
✔ [2948/2964] Built Cloning.CountableScheffe (3.7s)
✔ [2949/2967] Built Cloning.PoissonApproximation (3.4s)
✔ [2950/2969] Built Cloning.CoherentCoefficients (3.7s)
✔ [2952/2972] Built Cloning.InfiniteTraceClass (15s)
✔ [2953/2972] Built Cloning.BosonicAmplifier (9.3s)
✔ [2954/2972] Built Cloning.InfiniteDensityState (5.8s)
✔ [2955/2979] Built Cloning.InfiniteTraceClassPolar (6.5s)
✔ [2956/2980] Built Cloning.Occupation (2.6s)
✔ [2957/2980] Built Cloning.InfiniteHilbertSchmidt (12s)
✔ [2958/2980] Built Cloning.WernerNormalization (2.8s)
✔ [2959/2980] Built Cloning.BosonicNumberLaw (3.5s)
✔ [2960/3017] Built Cloning.WernerAsymptotics (3.6s)
✔ [2989/3018] Built Cloning.InfiniteTraceClassBasis (8.2s)
✔ [2994/3025] Built Cloning.MatrixFidelity (5.4s)
✔ [2998/3027] Built Cloning.MatrixTraceOrder (4.2s)
✔ [2999/3029] Built Cloning.InfiniteTraceClassIdeal (9.7s)
✔ [3000/3029] Built Cloning.MatrixFidelityBounds (4.3s)
✔ [3001/3034] Built Cloning.MatrixFidelityEmbedding (4.1s)
✔ [3002/3037] Built Cloning.InfiniteTraceClassNormBounds (11s)
✔ [3004/3037] Built Cloning.MatrixRegularization (6.4s)
✔ [3005/3037] Built Cloning.MatrixFidelityScaling (4.2s)
✔ [3006/3037] Built Cloning.MatrixFidelityTraceBound (4.4s)
✔ [3007/3037] Built Cloning.InfiniteTraceClassSpace (8.0s)
✔ [3008/3037] Built Cloning.MatrixFidelitySymmetry (5.1s)
✔ [3009/3039] Built Cloning.InfiniteTraceClassBanach (8.4s)
✔ [3010/3039] Built Cloning.MatrixFidelityWitness (4.1s)
✔ [3011/3061] Built Cloning.MatrixFidelityBlockBound (4.1s)
✔ [3017/3061] Built Cloning.InfiniteTraceClassAlgebra (5.4s)
✔ [3018/3061] Built Cloning.ComplexGaussianMoments (4.3s)
✔ [3019/3061] Built Cloning.InfiniteHilbertSchmidtPositive (4.2s)
✔ [3020/3063] Built Cloning.InfiniteTraceClassSeries (7.2s)
✔ [3021/3065] Built Cloning.InfiniteTraceClassPositive (9.7s)
✔ [3022/3065] Built Cloning.InfinitePureStateContinuity (7.0s)
✔ [3023/3065] Built Cloning.InfiniteOccupationStates (4.4s)
✔ [3024/3065] Built Cloning.InfiniteTraceClassChannels (8.3s)
✔ [3025/3065] Built Cloning.InfiniteTraceClassDecomposition (9.7s)
✔ [3026/3065] Built Cloning.InfiniteTraceClassWeakLimit (6.1s)
✔ [3027/3065] Built Cloning.InfiniteFidelity (12s)
✔ [3028/3065] Built Cloning.SymmetricOccupation (13s)
✔ [3029/3065] Built Cloning.InfiniteTraceClassCutoff (8.0s)
✔ [3030/3065] Built Cloning.InfiniteFidelityWeighted (10s)
⚠ [3031/3065] Built Cloning.OccupationCompression (11s)
warning: Cloning/OccupationCompression.lean:73:25: Used `tac1 <;> tac2` where `(tac1; tac2)` would suffice

Note: This linter can be disabled with `set_option linter.unnecessarySeqFocus false`
✔ [3032/3065] Built Cloning.InfiniteChannelCovariance (4.6s)
✔ [3033/3067] Built Cloning.InfiniteTraceClassCutoffConvergence (6.1s)
✔ [3034/3067] Built Cloning.InfiniteFidelityRegularized (6.2s)
✔ [3035/3067] Built Cloning.InfiniteCompletelyPositive (7.6s)
✔ [3036/3067] Built Cloning.InfiniteFiniteCorner (7.3s)
✔ [3037/3074] Built Cloning.InfinitePowersStormer (9.3s)
✔ [3038/3074] Built Cloning.InfiniteChannelTraceRepair (7.6s)
✔ [3039/3074] Built Cloning.InfiniteTraceClassNormalPart (8.6s)
✔ [3040/3075] Built Cloning.InfiniteChannelWeakLimit (4.6s)
✔ [3041/3075] Built Cloning.InfiniteFidelityContinuity (4.4s)
✔ [3043/3075] Built Cloning.InfiniteTraceClassPairing (6.0s)
✔ [3044/3075] Built Cloning.InfiniteIsometricChannel (10s)
✔ [3045/3075] Built Cloning.InfiniteFidelityBlockBound (4.9s)
✔ [3046/3075] Built Cloning.InfiniteKrausChannel (20s)
✔ [3047/3075] Built Cloning.InfiniteDiagonalFidelity (3.7s)
✔ [3048/3075] Built Cloning.BosonicAmplifierChannel (3.7s)
✔ [3049/3075] Built Cloning.InfiniteRectangularKraus (19s)
✔ [3050/3075] Built Cloning.BosonicIdlerChannel (5.3s)
✔ [3051/3075] Built Cloning.ThermalWitness (7.8s)
✔ [3052/3075] Built Cloning.BosonicAmplifierThermal (5.6s)
✔ [3053/3076] Built Cloning.OccupationChannel (9.7s)
✔ [3054/3076] Built Cloning.MultimodeIdler (5.4s)
✔ [3055/3076] Built Cloning.ComplexCoherent (5.5s)
✔ [3056/3076] Built Cloning.CoherentKernel (4.0s)
✔ [3057/3076] Built Cloning.HeisenbergDual (11s)
✔ [3058/3076] Built Cloning.CoherentContinuity (5.5s)
✔ [3059/3076] Built Cloning.WeylKernel (5.3s)
✔ [3060/3076] Built Cloning.MultimodeCoherent (5.6s)
✔ [3061/3078] Built Cloning.CoherentGaussianMixture (6.1s)
✔ [3062/3078] Built Cloning.WeylMultimodeKernel (5.7s)
✔ [3063/3078] Built Cloning.MultimodeCoherentGaussianMixture (5.4s)
✔ [3075/3115] Built Cloning.WeylDensity (5.1s)
✔ [3077/3115] Built Cloning.UniversalLeastNoiseRecursion (2.0s)
✔ [3078/3115] Built Cloning.WeylMultimodeDensity (4.9s)
✔ [3079/3118] Built Cloning.WeylDisplacement (5.8s)
✔ [3080/3118] Built Cloning.BosonicStochasticOrder (4.5s)
✔ [3081/3119] Built Cloning.Channels (5.5s)
✔ [3082/3119] Built Cloning.WeylMultimodeDisplacement (6.3s)
✔ [3083/3119] Built Cloning.AmplifierWeylCoherent (4.0s)
✔ [3084/3119] Built Cloning.Compression (3.8s)
✔ [3085/3119] Built Cloning.WeylContinuity (4.7s)
✔ [3086/3119] Built Cloning.BosonicMixtureStochasticOrder (3.6s)
✔ [3087/3119] Built Cloning.ChannelAveraging (5.5s)
✔ [3088/3119] Built Cloning.CartanChannel (3.0s)
✔ [3089/3119] Built Cloning.WeylMultimodeContinuity (5.3s)
✔ [3090/3119] Built Cloning.WeylIrreducibleGaussian (4.7s)
✔ [3091/3120] Built Cloning.WeylIrreducibleAverage (5.2s)
✔ [3092/3122] Built Cloning.WeylChannel (8.1s)
✔ [3093/3122] Built Cloning.WeylIrreducible (5.4s)
✔ [3094/3122] Built Cloning.PCTPurificationChannel (6.2s)
✔ [3095/3125] Built Cloning.AmplifierWeylCovariance (6.3s)
✔ [3096/3125] Built Cloning.WeylMultimodeChannel (8.9s)
⚠ [3098/3125] Built Cloning.PCTPurificationChannelHaar (4.6s)
warning: Cloning/PCTPurificationChannelHaar.lean:107:20: This simp argument is unused:
  Matrix.one_kronecker_one

Hint: Omit it from the simp argument list.
  simp [leftTensor,̵ ̵M̵a̵t̵r̵i̵x̵.̵o̵n̵e̵_̵k̵r̵o̵n̵e̵c̵k̵e̵r̵_̵o̵n̵e̵]

Note: This linter can be disabled with `set_option linter.unusedSimpArgs false`
warning: Cloning/PCTPurificationChannelHaar.lean:133:36: This simp argument is unused:
  Matrix.mul_smul

Hint: Omit it from the simp argument list.
  simp [̵M̵a̵t̵r̵i̵x̵.̵m̵u̵l̵_̵s̵m̵u̵l̵,̵ ̵M̵a̵t̵r̵i̵x̵.̵s̵m̵u̵l̵_̵m̵u̵l̵]̵[̲M̲a̲t̲r̲i̲x̲.̲s̲m̲u̲l̲_̲m̲u̲l̲]̲

Note: This linter can be disabled with `set_option linter.unusedSimpArgs false`
warning: Cloning/PCTPurificationChannelHaar.lean:133:53: This simp argument is unused:
  Matrix.smul_mul

Hint: Omit it from the simp argument list.
  simp [Matrix.mul_smul,̵ ̵M̵a̵t̵r̵i̵x̵.̵s̵m̵u̵l̵_̵m̵u̵l̵]

Note: This linter can be disabled with `set_option linter.unusedSimpArgs false`
✔ [3100/3125] Built Cloning.WeylIrreducibleMultimode (6.7s)
✔ [3102/3125] Built Cloning.WeylEigenoperators (5.3s)
✔ [3103/3125] Built Cloning.AmplifierWeylMultimode (11s)
⚠ [3104/3125] Built Cloning.PCTPurificationChannelAction (6.3s)
warning: Cloning/PCTPurificationChannelAction.lean:73:12: This simp argument is unused:
  Matrix.diagonal_apply_ne _ h

Hint: Omit it from the simp argument list.
  simp [̵M̵a̵t̵r̵i̵x̵.̵d̵i̵a̵g̵o̵n̵a̵l̵_̵a̵p̵p̵l̵y̵_̵n̵e̵ ̵_̵ ̵h̵,̵ ̵M̵a̵t̵r̵i̵x̵.̵o̵n̵e̵_̵a̵p̵p̵l̵y̵,̵[̲M̲a̲t̲r̲i̲x̲.̲o̲n̲e̲_̲a̲p̲p̲l̲y̲,̲ h]

Note: This linter can be disabled with `set_option linter.unusedSimpArgs false`
warning: Cloning/PCTPurificationChannelAction.lean:73:42: This simp argument is unused:
  Matrix.one_apply

Hint: Omit it from the simp argument list.
  simp [Matrix.diagonal_apply_ne _ h, M̵a̵t̵r̵i̵x̵.̵o̵n̵e̵_̵a̵p̵p̵l̵y̵,̵ ̵h]

Note: This linter can be disabled with `set_option linter.unusedSimpArgs false`
✔ [3105/3125] Built Cloning.WeylCovariantMultiplier (6.2s)
✔ [3106/3125] Built Cloning.AmplifierWeylMultimodeCovariance (8.4s)
✔ [3107/3125] Built Cloning.WeylQuantumPositive (5.0s)
✔ [3108/3125] Built Cloning.HeisenbergDualWeyl (5.1s)
✔ [3109/3125] Built Cloning.HeisenbergDualContinuity (7.7s)
⚠ [3110/3125] Built Cloning.WeylQuantumPositiveBlocks (15s)
warning: Cloning/WeylQuantumPositiveBlocks.lean:91:35: This simp argument is unused:
  ContinuousLinearMap.add_apply

Hint: Omit it from the simp argument list.
  simp only [map_add, map_sub, hI, C̵o̵n̵t̵i̵n̵u̵o̵u̵s̵L̵i̵n̵e̵a̵r̵M̵a̵p̵.̵a̵d̵d̵_̵a̵p̵p̵l̵y̵,̵ContinuousLinearMap.sub_apply, ContinuousLinearMap.smul_apply,
  ̲  ̲ ̲ ̲map_smul]

Note: This linter can be disabled with `set_option linter.unusedSimpArgs false`
warning: Cloning/WeylQuantumPositiveBlocks.lean:92:4: This simp argument is unused:
  ContinuousLinearMap.sub_apply

Hint: Omit it from the simp argument list.
  simp only [map_add, map_sub, hI, ContinuousLinearMap.add_apply, C̵o̵n̵t̵i̵n̵u̵o̵u̵s̵L̵i̵n̵e̵a̵r̵M̵a̵p̵.̵s̵u̵b̵_̵a̵p̵p̵l̵y̵,̵ ̵ContinuousLinearMap.smul_apply,
  ̲  ̲ ̲ ̲map_smul]

Note: This linter can be disabled with `set_option linter.unusedSimpArgs false`
warning: Cloning/WeylQuantumPositiveBlocks.lean:106:8: automatically included section variable(s) unused in theorem `Cloning.InfiniteTraceClass.blockInjection_apply`:
  [CompleteSpace H]
consider restructuring your `variable` declarations so that the variables are not in scope or explicitly omit them:
  omit [CompleteSpace H] in theorem ...

Note: This linter can be disabled with `set_option linter.unusedSectionVars false`
⚠ [3111/3125] Built Cloning.WeylGaussianThermal (7.3s)
warning: Cloning/WeylGaussianThermal.lean:44:4: Used `tac1 <;> tac2` where `(tac1; tac2)` would suffice

Note: This linter can be disabled with `set_option linter.unnecessarySeqFocus false`
warning: Cloning/WeylGaussianThermal.lean:120:6: 'ring' tactic does nothing

Note: This linter can be disabled with `set_option linter.unusedTactic false`
warning: Cloning/WeylGaussianThermal.lean:120:6: this tactic is never executed

Note: This linter can be disabled with `set_option linter.unreachableTactic false`
warning: Cloning/WeylGaussianThermal.lean:168:4: Used `tac1 <;> tac2` where `(tac1; tac2)` would suffice

Note: This linter can be disabled with `set_option linter.unnecessarySeqFocus false`
warning: Cloning/WeylGaussianThermal.lean:174:4: Used `tac1 <;> tac2` where `(tac1; tac2)` would suffice

Note: This linter can be disabled with `set_option linter.unnecessarySeqFocus false`
⚠ [3112/3125] Built Cloning.WeylIdlerUniqueness (7.8s)
warning: Cloning/WeylIdlerUniqueness.lean:175:26: This simp argument is unused:
  star_inv

Hint: Omit it from the simp argument list.
  simp only [star_smul, star_i̵n̵v̵,̵ ̵s̵ta̵r_̵t̵r̵ivial, star_star, smul_smul,
  ̵  ̵ ̵ ̵ ̵ ̵mul_inv_cancel₀ hs, one_smul]

Note: This linter can be disabled with `set_option linter.unusedSimpArgs false`
✔ [3113/3125] Built Cloning.WeylQuantumPositiveDual (5.7s)
⚠ [3114/3127] Built Cloning.WeylGaussianTwistedConvolution (5.4s)
warning: Cloning/WeylGaussianTwistedConvolution.lean:36:27: This simp argument is unused:
  Complex.ofReal_mul

Hint: Omit it from the simp argument list.
  simp only [norm_sq_cast', map_add, map_neg, Complex.real_smul, map_mul, Complex.conj_ofReal,
  ̲  ̲ ̲ ̲ ̲ ̲C̵o̵m̵p̵l̵e̵x̵.̵o̵f̵R̵e̵a̵l̵_̵m̵u̵l̵,̵ ̵Complex.ofReal_ofNat, u, v]

Note: This linter can be disabled with `set_option linter.unusedSimpArgs false`
warning: Cloning/WeylGaussianTwistedConvolution.lean:45:19: This simp argument is unused:
  norm_sq_cast'

Hint: Omit it from the simp argument list.
  simp only [u, v, n̵o̵r̵m̵_̵s̵q̵_̵c̵a̵s̵t̵'̵,̵ ̵Complex.ofReal_mul, Complex.ofReal_add, Complex.ofReal_neg, Complex.ofReal_div,
  ̲  ̲ ̲ ̲Complex.ofReal_pow, Complex.ofReal_sub, Complex.ofReal_one, Complex.ofReal_ofNat]

Note: This linter can be disabled with `set_option linter.unusedSimpArgs false`
⚠ [3115/3129] Built Cloning.WeylThermalCharacteristic (7.8s)
warning: Cloning/WeylThermalCharacteristic.lean:85:4: Used `tac1 <;> tac2` where `(tac1; tac2)` would suffice

Note: This linter can be disabled with `set_option linter.unnecessarySeqFocus false`
warning: Cloning/WeylThermalCharacteristic.lean:96:4: Used `tac1 <;> tac2` where `(tac1; tac2)` would suffice

Note: This linter can be disabled with `set_option linter.unnecessarySeqFocus false`
⚠ [3116/3129] Built Cloning.WeylQuantumPositiveBounds (4.1s)
warning: Cloning/WeylQuantumPositiveBounds.lean:30:38: This simp argument is unused:
  Complex.mul_re

Hint: Omit it from the simp argument list.
  simp only [map_one, one_mul, mul_one, Complex.add_im, Complex.one_im,
  ̵  ̵ ̵ ̵Complex.star_def,
  ̲  ̲ ̲ ̲Complex.conj_I, Complex.mul_r̵e̵,̵ ̵C̵o̵m̵p̵l̵e̵x̵.̵m̵u̵l̵_̵im,
  ̵  ̵ ̵ ̵Complex.neg_re, Complex.neg_im, Complex.I_re,
  ̲  ̲ ̲ ̲Complex.I_im] at h1 hI

Note: This linter can be disabled with `set_option linter.unusedSimpArgs false`
⚠ [3117/3130] Built Cloning.WeylThermalFourier (11s)
warning: Cloning/WeylThermalFourier.lean:23:23: This simp argument is unused:
  norm_div

Hint: Omit it from the simp argument list.
  simp [weylCharacter,̵ ̵n̵o̵r̵m̵_̵d̵i̵v̵]

Note: This linter can be disabled with `set_option linter.unusedSimpArgs false`
✔ [3118/3130] Built Cloning.GeneralSymmetricOccupation (4.9s)
✔ [3119/3130] Built Cloning.UniversalLeastNoiseKernel (4.7s)
✔ [3120/3130] Built Cloning.IsometricRecovery (10s)
⚠ [3121/3130] Built Cloning.WeylThermalFourierWitness (4.3s)
warning: Cloning/WeylThermalFourierWitness.lean:102:4: Used `tac1 <;> tac2` where `(tac1; tac2)` would suffice

Note: This linter can be disabled with `set_option linter.unnecessarySeqFocus false`
warning: Cloning/WeylThermalFourierWitness.lean:106:4: Used `tac1 <;> tac2` where `(tac1; tac2)` would suffice

Note: This linter can be disabled with `set_option linter.unnecessarySeqFocus false`
✔ [3122/3131] Built Cloning.GeneralSymmetricDimension (4.4s)
✔ [3123/3132] Built Cloning.UniversalLeastNoiseQuantumKernel (4.1s)
✔ [3124/3132] Built Cloning.GeneralCoherentMultiplicity (4.1s)
✔ [3125/3132] Built Cloning.WeylThermalFourierChannel (5.0s)
✔ [3126/3136] Built Cloning.GeneralSymmetricProjector (4.8s)
✔ [3127/3136] Built Cloning.GeneralCoherentModel (6.0s)
✔ [3128/3136] Built Cloning.UniversalLeastNoiseGaussian (4.6s)
✔ [3129/3136] Built Cloning.GeneralSymmetricCounting (4.4s)
✔ [3130/3141] Built Cloning.WernerDimensionIdentity (3.6s)
✔ [3131/3141] Built Cloning.UniversalLeastNoiseThermalTest (4.0s)
✔ [3132/3141] Built Cloning.WernerPhysicalOperator (9.6s)
✔ [3133/3141] Built Cloning.AmplifierWeylThermal (4.9s)
✔ [3134/3142] Built Cloning.WernerPhysicalPullback (6.5s)
✔ [3135/3150] Built Cloning.UniformCoherent (22s)
✔ [3136/3150] Built Cloning.GeneralCoherentCoordinates (4.3s)
✔ [3137/3155] Built Cloning.GeneralSymmetricSplitting (5.2s)
✔ [3138/3158] Built Cloning.GeneralCoherentConvergence (5.2s)
✔ [3140/3158] Built Cloning.WernerMultivariateConvolution (3.9s)
✔ [3141/3161] Built Cloning.GeneralCoherentLimits (4.9s)
✔ [3142/3161] Built Cloning.GeneralSymmetricBalance (5.0s)
✔ [3143/3161] Built Cloning.LAN (4.2s)
✔ [3144/3161] Built Cloning.WernerPhysicalChannel (4.4s)
✔ [3145/3161] Built Cloning.GeneralCoherentChannels (7.0s)
✔ [3146/3161] Built Cloning.Main (4.8s)
✔ [3147/3161] Built Cloning.WernerPhysicalAgreement (8.5s)
✔ [3148/3161] Built Cloning.GeneralCoherentMixture (6.7s)
✔ [3149/3162] Built Cloning.GaussianAffinity (4.3s)
✔ [3150/3166] Built Cloning.PCTWernerMixture (7.3s)
✔ [3151/3166] Built Cloning.WeylCovariantization (6.5s)
✔ [3154/3168] Built Cloning.WeylGaussianPrior (4.9s)
✔ [3155/3169] Built Cloning.PCTPartialTrace (10s)
✔ [3156/3169] Built Cloning.WeylFoelner (6.3s)
✔ [3157/3171] Built Cloning.InfiniteTraceClassCompactness (6.5s)
✔ [3158/3171] Built Cloning.InfiniteTraceClassSeparable (4.3s)
✔ [3159/3172] Built Cloning.PCTTensorFrame (8.5s)
✔ [3160/3172] Built Cloning.InfiniteTraceClassFamilyCompactness (5.8s)
✔ [3161/3172] Built Cloning.InfiniteBilinearWeakClosure (4.0s)
✔ [3162/3173] Built Cloning.PCTPurificationFrame (5.0s)
✔ [3163/3173] Built Cloning.PCTPurificationInvariance (7.0s)
✔ [3164/3176] Built Cloning.InfiniteChannelLimitReconstruction (5.8s)
✔ [3165/3176] Built Cloning.InfiniteChannelCompactness (7.1s)
✔ [3166/3176] Built Cloning.InfiniteTraceBoundedMaps (5.9s)
✔ [3167/3176] Built Cloning.InfiniteCompactObservableLimit (4.9s)
✔ [3168/3176] Built Cloning.PCTWernerCovariance (12s)
✔ [3169/3176] Built Cloning.InfiniteCompletelyPositiveCompactness (5.4s)
✔ [3170/3178] Built Cloning.WeylFoelnerLimit (5.2s)
✔ [3171/3178] Built Cloning.PCTPhysicalWerner (8.9s)
⚠ [3172/3178] Built Cloning.HybridStates (5.8s)
warning: Cloning/HybridStates.lean:84:79: Used `tac1 <;> tac2` where `(tac1; tac2)` would suffice

Note: This linter can be disabled with `set_option linter.unnecessarySeqFocus false`
✔ [3173/3183] Built Cloning.HybridIntegralBounds (4.3s)
✔ [3174/3184] Built Cloning.PCTGaussianAssembly (6.8s)
✔ [3175/3184] Built Cloning.InfiniteChannelAdjoint (4.6s)
✔ [3176/3184] Built Cloning.InfiniteFidelityWitness (13s)
⚠ [3177/3186] Built Cloning.PCTReducedGaussian (4.1s)
warning: Cloning/PCTReducedGaussian.lean:85:62: This simp argument is unused:
  Complex.star_def

Hint: Omit it from the simp argument list.
  simp [Complex.mul_re, Complex.mul_im,̵ ̵C̵o̵m̵p̵l̵e̵x̵.̵s̵t̵a̵r̵_̵d̵e̵f̵]

Note: This linter can be disabled with `set_option linter.unusedSimpArgs false`
warning: Cloning/PCTReducedGaussian.lean:110:46: This simp argument is unused:
  Finset.mul_sum

Hint: Omit it from the simp argument list.
  simp only [Matrix.trace, Matrix.diag, partialTraceDifferential_diagonal, Complex.ofReal_mul,
  ̲  ̲ ̲ ̲C̵o̵m̵p̵l̵e̵x̵.̵o̵f̵R̵e̵a̵l̵_̵o̵f̵N̵a̵t̵,̵ ̵F̵i̵n̵s̵e̵t̵.̵m̵u̵l̵_̵s̵u̵m̵]̵C̲o̲m̲p̲l̲e̲x̲.̲o̲f̲R̲e̲a̲l̲_̲o̲f̲N̲a̲t̲]̲

Note: This linter can be disabled with `set_option linter.unusedSimpArgs false`
✔ [3178/3186] Built Cloning.InfiniteChannelFidelity (4.5s)
✔ [3180/3187] Built Cloning.PCTPurificationChannelPhysical (9.0s)
✔ [3181/3187] Built Cloning.InfiniteFidelityConcavity (5.3s)
⚠ [3183/3194] Built Cloning.HybridFidelity (4.3s)
warning: Cloning/HybridFidelity.lean:36:23: unused variable `x`

Note: This linter can be disabled with `set_option linter.unusedVariables false`
✔ [3185/3198] Built Cloning.HybridL1 (4.0s)
✔ [3187/3201] Built Cloning.FiniteKrausLift (8.6s)
✔ [3190/3201] Built Cloning.WeylFlatPrior (4.8s)
⚠ [3192/3202] Built Cloning.GaussianWitness (4.7s)
warning: Cloning/GaussianWitness.lean:32:38: unused variable `ha`

Note: This linter can be disabled with `set_option linter.unusedVariables false`
warning: Cloning/GaussianWitness.lean:100:4: Used `tac1 <;> tac2` where `(tac1; tac2)` would suffice

Note: This linter can be disabled with `set_option linter.unnecessarySeqFocus false`
warning: Cloning/GaussianWitness.lean:136:6: 'ring' tactic does nothing

Note: This linter can be disabled with `set_option linter.unusedTactic false`
warning: Cloning/GaussianWitness.lean:136:6: this tactic is never executed

Note: This linter can be disabled with `set_option linter.unreachableTactic false`
warning: Cloning/GaussianWitness.lean:128:4: Used `tac1 <;> tac2` where `(tac1; tac2)` would suffice

Note: This linter can be disabled with `set_option linter.unnecessarySeqFocus false`
warning: Cloning/GaussianWitness.lean:164:6: 'ring' tactic does nothing

Note: This linter can be disabled with `set_option linter.unusedTactic false`
warning: Cloning/GaussianWitness.lean:164:6: this tactic is never executed

Note: This linter can be disabled with `set_option linter.unreachableTactic false`
warning: Cloning/GaussianWitness.lean:161:4: Used `tac1 <;> tac2` where `(tac1; tac2)` would suffice

Note: This linter can be disabled with `set_option linter.unnecessarySeqFocus false`
✔ [3193/3202] Built Cloning.HeisenbergDualResidual (9.7s)
✔ [3194/3202] Built Cloning.WeylFlatBox (4.4s)
✔ [3195/3202] Built Cloning.HybridJensen (7.0s)
✔ [3196/3208] Built Cloning.HeisenbergDualBounded (6.1s)
✔ [3197/3209] Built Cloning.HybridJensenSigmaFinite (4.1s)
✔ [3198/3211] Built Cloning.HybridProduct (5.4s)
✔ [3200/3211] Built Cloning.HybridWeightedFidelity (5.7s)
✔ [3201/3212] Built Cloning.WeylFoelnerPayoff (11s)
✔ [3202/3215] Built Cloning.HybridThermalWitness (6.4s)
✔ [3203/3215] Built Cloning.WeylFlatPriorLimit (7.9s)
✔ [3204/3215] Built Cloning.HybridGaussianMass (4.3s)
✔ [3205/3216] Built Cloning.WeylFlatPriorThermal (5.2s)
✔ [3206/3216] Built Cloning.HybridWeightedMaps (9.1s)
✔ [3208/3242] Built Cloning.GaussianConverseReduction (6.1s)
✔ [3223/3243] Built Cloning.ThermalWitnessGeometric (3.9s)
✔ [3224/3243] Built Cloning.HybridWeightedTrace (9.9s)
✔ [3225/3244] Built Cloning.InfiniteTraceClassAsymptoticBound (5.6s)
✔ [3226/3244] Built Cloning.UniversalGaussianConverse (5.6s)
✔ [3227/3244] Built Cloning.HybridTranslation (6.7s)
✔ [3228/3244] Built Cloning.HybridCovariantWeighted (14s)
✔ [3229/3246] Built Cloning.HybridL1Cone (5.9s)
✔ [3230/3247] Built Cloning.HybridChannel (7.2s)
✔ [3231/3247] Built Cloning.HybridClassicalConvolution (14s)
✔ [3232/3247] Built Cloning.HybridCovariantQuantum (17s)
✔ [3233/3247] Built Cloning.HybridClassicalAverageTrace (30s)
⚠ [3234/3247] Built Cloning.HybridL1Fidelity (5.0s)
warning: Cloning/HybridL1Fidelity.lean:132:79: Used `tac1 <;> tac2` where `(tac1; tac2)` would suffice

Note: This linter can be disabled with `set_option linter.unnecessarySeqFocus false`
✔ [3235/3248] Built Cloning.HybridChannelAveraging (7.1s)
✔ [3236/3248] Built Cloning.HybridClassicalAverageBound (10s)
✔ [3237/3251] Built Cloning.HybridCovariantization (9.9s)
✔ [3238/3254] Built Cloning.MixedChannels (5.8s)
✔ [3239/3254] Built Cloning.HybridGaussianAttainmentChannel (9.3s)
✔ [3240/3254] Built Cloning.HybridFoelnerResidual (11s)
✔ [3241/3254] Built Cloning.HybridPrior (5.1s)
✔ [3242/3254] Built Cloning.HybridL1Jensen (7.7s)
✔ [3243/3254] Built Cloning.ThermalParameterContinuity (4.6s)
✔ [3244/3254] Built Cloning.HybridFoelnerThermal (9.9s)
✔ [3245/3258] Built Cloning.HybridFlatBox (4.4s)
✔ [3246/3259] Built Cloning.HybridFoelner (20s)
✔ [3247/3260] Built Cloning.HybridFoelnerPayoff (9.4s)
✔ [3248/3261] Built Cloning.HybridOrbitPayoff (6.1s)
✔ [3249/3261] Built Cloning.InfiniteAsymptoticCPCompactness (7.4s)
✔ [3250/3261] Built Cloning.InfiniteCompactObservableExtraction (4.1s)
✔ [3251/3261] Built Cloning.HybridGaussianAttainmentFidelity (8.5s)
✔ [3252/3261] Built Cloning.InfiniteCutoffChannels (4.1s)
✔ [3253/3264] Built Cloning.HybridCoordinateTransport (9.4s)
✔ [3254/3265] Built Cloning.HybridGaussianConverse (17s)
✔ [3255/3265] Built Cloning.InfiniteGentleCompression (6.5s)
✔ [3256/3266] Built Cloning.InfiniteFidelityFiniteMixture (4.7s)
✔ [3257/3266] Built Cloning.HybridGaussianRealBox (4.9s)
✔ [3258/3266] Built Cloning.HybridGaussianAttainmentAction (7.9s)
⚠ [3259/3266] Built Cloning.InfiniteFidelityCornerLimit (4.0s)
warning: Cloning/InfiniteFidelityCornerLimit.lean:129:104: Used `tac1 <;> tac2` where `(tac1; tac2)` would suffice

Note: This linter can be disabled with `set_option linter.unnecessarySeqFocus false`
⚠ [3260/3266] Built Cloning.InfiniteFidelityTransition (4.8s)
warning: Cloning/InfiniteFidelityTransition.lean:17:5: unused variable `hc0`

Note: This linter can be disabled with `set_option linter.unusedVariables false`
✔ [3261/3269] Built Cloning.HybridGaussianBoundary (5.5s)
✔ [3262/3271] Built Cloning.HybridGaussianAttainment (5.7s)
⚠ [3263/3272] Built Cloning.InfiniteFidelityTransitionWeights (5.5s)
warning: Cloning/InfiniteFidelityTransitionWeights.lean:17:0: automatically included section variable(s) unused in theorem `Cloning.Hybrid.PositiveTraceClass.transitionTargetWeight_nonneg`:
  [Fintype κ]
consider restructuring your `variable` declarations so that the variables are not in scope or explicitly omit them:
  omit [Fintype κ] in theorem ...

Note: This linter can be disabled with `set_option linter.unusedSectionVars false`
warning: Cloning/InfiniteFidelityTransitionWeights.lean:22:0: automatically included section variable(s) unused in theorem `Cloning.Hybrid.PositiveTraceClass.transitionTargetWeight_sum`:
  [Fintype κ]
consider restructuring your `variable` declarations so that the variables are not in scope or explicitly omit them:
  omit [Fintype κ] in theorem ...

Note: This linter can be disabled with `set_option linter.unusedSectionVars false`
warning: Cloning/InfiniteFidelityTransitionWeights.lean:65:41: This simp argument is unused:
  map_smul

Hint: Omit it from the simp argument list.
  simp only [finiteMixture_val, map_sum, m̵a̵p̵_̵s̵m̵u̵l̵,̵ ̵Complex.coe_smul]

Note: This linter can be disabled with `set_option linter.unusedSimpArgs false`
✔ [3264/3273] Built Cloning.MixedChannelsPreparation (7.9s)
✔ [3265/3273] Built Cloning.HybridGaussianAttainmentRealBox (3.9s)
✔ [3266/3274] Built Cloning.InfiniteGentleCompressionLimit (4.3s)
✔ [3267/3274] Built Cloning.InfiniteLANTransfer (4.4s)
⚠ [3268/3275] Built Cloning.MixedChannelsFiniteInstrument (9.5s)
warning: Cloning/MixedChannelsFiniteInstrument.lean:18:0: automatically included section variable(s) unused in theorem `Cloning.Hybrid.Lp_finset_sum_ae`:
  [Fintype ι]
consider restructuring your `variable` declarations so that the variables are not in scope or explicitly omit them:
  omit [Fintype ι] in theorem ...

Note: This linter can be disabled with `set_option linter.unusedSectionVars false`
✔ [3269/3275] Built Cloning.HybridGaussianAttainmentBoundary (4.7s)
✔ [3270/3275] Built Cloning.InfiniteWeakLimitRepair (5.1s)
⚠ [3271/3275] Built Cloning.MixedChannelsFiniteSelector (6.7s)
warning: Cloning/MixedChannelsFiniteSelector.lean:68:0: automatically included section variable(s) unused in theorem `Cloning.Hybrid.finiteSelector_weight_bound`:
  [MeasurableSpace Ω]
consider restructuring your `variable` declarations so that the variables are not in scope or explicitly omit them:
  omit [MeasurableSpace Ω] in theorem ...

Note: This linter can be disabled with `set_option linter.unusedSectionVars false`
⚠ [3272/3275] Built Cloning.MixedChannelsSectorInstrument (8.8s)
warning: Cloning/MixedChannelsSectorInstrument.lean:22:0: automatically included section variable(s) unused in theorem `Cloning.Hybrid.hilbertSum_adjoint_eq_coordinate`:
  [Fintype ι]
consider restructuring your `variable` declarations so that the variables are not in scope or explicitly omit them:
  omit [Fintype ι] in theorem ...

Note: This linter can be disabled with `set_option linter.unusedSectionVars false`
warning: Cloning/MixedChannelsSectorInstrument.lean:48:0: automatically included section variable(s) unused in theorem `Cloning.Hybrid.hilbertSum_compressed_trace`:
  [Fintype ι]
consider restructuring your `variable` declarations so that the variables are not in scope or explicitly omit them:
  omit [Fintype ι] in theorem ...

Note: This linter can be disabled with `set_option linter.unusedSectionVars false`
warning: Cloning/MixedChannelsSectorInstrument.lean:76:0: automatically included section variable(s) unused in theorem `Cloning.Hybrid.sectorInstrumentPart_completelyPositive`:
  [Fintype ι]
consider restructuring your `variable` declarations so that the variables are not in scope or explicitly omit them:
  omit [Fintype ι] in theorem ...

Note: This linter can be disabled with `set_option linter.unusedSectionVars false`
✔ [3273/3277] Built Cloning.MatrixChannelFidelity (4.3s)
✔ [3274/3277] Built Cloning.MatrixFidelityBlocks (4.7s)
✔ [3275/3280] Built Cloning.InfiniteFiniteInstrument (6.0s)
✔ [3276/3287] Built Cloning.MatrixFidelityNormalization (4.1s)
✔ [3277/3287] Built Cloning.MatrixFidelityTensor (4.7s)
✔ [3278/3287] Built Cloning.Projector (3.7s)
✔ [3279/3288] Built Cloning.MatrixSqrtSubadditivity (5.5s)
✔ [3280/3288] Built Cloning.MatrixFidelityLifted (4.6s)
✔ [3281/3288] Built Cloning.MatrixPartialTraceCovariance (3.4s)
✔ [3282/3290] Built Cloning.MatrixFidelityProjector (6.5s)
✔ [3283/3311] Built Cloning.MatrixLiftedChannel (4.6s)
✔ [3295/3312] Built Cloning.MatrixFidelityDeletion (4.3s)
✔ [3297/3312] Built Cloning.MatrixDiscardLabel (3.0s)
✔ [3299/3314] Built Cloning.MatrixFidelityAchievability (4.4s)
✔ [3300/3314] Built Cloning.MatrixFidelityJointConcavity (4.2s)
✔ [3301/3315] Built Cloning.MatrixFidelityContinuity (5.3s)
✔ [3303/3316] Built Cloning.MatrixFidelityLimit (3.8s)
✔ [3304/3316] Built Cloning.MatrixFidelityAsymptotics (5.5s)
✔ [3305/3317] Built Cloning.MatrixTraceNormOrder (4.0s)
✔ [3308/3318] Built Cloning.MatrixFidelityMixtures (5.4s)
✔ [3309/3319] Built Cloning.MatrixChannelTraceNorm (5.1s)
✔ [3312/3322] Built Cloning.MatrixLiftedCPTP (5.0s)
✔ [3313/3322] Built Cloning.MatrixLANTransfer (4.8s)
✔ [3315/3323] Built Cloning.MatrixLiftedCPTPAction (4.6s)
✔ [3317/3324] Built Cloning.MatrixLiftedTrimming (4.6s)
✔ [3318/3324] Built Cloning.MatrixLiftedCPTPKraus (5.9s)
✔ [3319/3325] Built Cloning.MatrixWeightedFidelity (4.8s)
✔ [3320/3325] Built Cloning.MatrixTransitionAchievability (4.7s)
✔ [3321/3326] Built Cloning.MatrixCovariantBalance (5.8s)
✔ [3322/3326] Built Cloning.MixedChannelsBounded (6.8s)
✔ [3323/3327] Built Cloning.MatrixLiftedCPTPPhysical (5.0s)
✔ [3324/3330] Built Cloning.MixedChannelsFidelity (5.0s)
✔ [3325/3330] Built Cloning.MixedChannelsPositiveApprox (4.4s)
✔ [3326/3330] Built Cloning.Moments (4.0s)
✔ [3327/3333] Built Cloning.MixedLANTransfer (4.9s)
✔ [3328/3334] Built Cloning.MixedGaussianConverse (5.1s)
✔ [3329/3334] Built Cloning.MixedChannelsReverseFidelity (6.0s)
✔ [3330/3336] Built Cloning.ThermalIdlerFidelity (5.0s)
✔ [3331/3336] Built Cloning.OccupationRecovery (6.3s)
✔ [3332/3339] Built Cloning.MultimodeThermalIdlerFidelity (4.9s)
✔ [3333/3339] Built Cloning.UniversalGaussianRealBox (5.5s)
✔ [3334/3339] Built Cloning.MultimodeLeastNoise (5.7s)
✔ [3335/3339] Built Cloning.OrbitalSeededOptimum (4.5s)
✔ [3336/3361] Built Cloning.UniversalGaussianBoundary (5.5s)
✔ [3793/3802] Built Cloning.OrbitalGaussianAttainment (4.3s)
✔ [3794/3803] Built Cloning.OrbitalGaussianAttainmentBoundary (4.4s)
✔ [3795/3804] Built Cloning.PBWNormalOrdering (7.0s)
⚠ [3796/3804] Built Cloning.PCTGaussianCovariance (5.1s)
warning: Cloning/PCTGaussianCovariance.lean:18:0: automatically included section variable(s) unused in theorem `Cloning.PCTGaussianCovariance.frameTangent_norm_sq`:
  [Fintype C]
  [DecidableEq C]
consider restructuring your `variable` declarations so that the variables are not in scope or explicitly omit them:
  omit [Fintype C] [DecidableEq C] in theorem ...

Note: This linter can be disabled with `set_option linter.unusedSectionVars false`
warning: Cloning/PCTGaussianCovariance.lean:23:13: This simp argument is unused:
  Finset.mem_univ

Hint: Omit it from the simp argument list.
  simp only [F̵i̵n̵s̵e̵t̵.̵m̵e̵m̵_̵u̵n̵i̵v̵,̵ ̵forall_const, Finset.sum_const_zero, Finset.sum_attach] at h

Note: This linter can be disabled with `set_option linter.unusedSimpArgs false`
warning: Cloning/PCTGaussianCovariance.lean:23:30: This simp argument is unused:
  forall_const

Hint: Omit it from the simp argument list.
  simp only [Finset.mem_univ, f̵o̵r̵a̵l̵l̵_̵c̵o̵n̵s̵t̵,̵ ̵Finset.sum_const_zero, Finset.sum_attach] at h

Note: This linter can be disabled with `set_option linter.unusedSimpArgs false`
warning: Cloning/PCTGaussianCovariance.lean:23:44: This simp argument is unused:
  Finset.sum_const_zero

Hint: Omit it from the simp argument list.
  simp only [Finset.mem_univ, forall_const, Finset.sum_c̵o̵n̵s̵t̵_̵z̵e̵r̵o̵,̵ ̵F̵i̵n̵s̵e̵t̵.̵s̵u̵m̵_̵attach] at h

Note: This linter can be disabled with `set_option linter.unusedSimpArgs false`
warning: Cloning/PCTGaussianCovariance.lean:23:67: This simp argument is unused:
  Finset.sum_attach

Hint: Omit it from the simp argument list.
  simp only [Finset.mem_univ, forall_const, Finset.sum_const_zero,̵ ̵F̵i̵n̵s̵e̵t̵.̵s̵u̵m̵_̵a̵t̵t̵a̵c̵h̵] at h

Note: This linter can be disabled with `set_option linter.unusedSimpArgs false`
warning: Cloning/PCTGaussianCovariance.lean:26:29: This simp argument is unused:
  Complex.ofReal_pow

Hint: Omit it from the simp argument list.
  simp only [Complex.re_sum, Complex.ofReal_p̵o̵w̵,̵ ̵C̵o̵m̵p̵l̵e̵x̵.̵o̵f̵R̵e̵a̵l̵_̵re] at h'

Note: This linter can be disabled with `set_option linter.unusedSimpArgs false`
warning: Cloning/PCTGaussianCovariance.lean:26:49: This simp argument is unused:
  Complex.ofReal_re

Hint: Omit it from the simp argument list.
  simp only [Complex.re_sum, Complex.ofReal_pow,̵ ̵C̵o̵m̵p̵l̵e̵x̵.̵o̵f̵R̵e̵a̵l̵_̵r̵e̵] at h'

Note: This linter can be disabled with `set_option linter.unusedSimpArgs false`
warning: Cloning/PCTGaussianCovariance.lean:30:0: automatically included section variable(s) unused in theorem `Cloning.PCTGaussianCovariance.tangent_phase_eq_character`:
  [Fintype C]
  [DecidableEq C]
consider restructuring your `variable` declarations so that the variables are not in scope or explicitly omit them:
  omit [Fintype C] [DecidableEq C] in theorem ...

Note: This linter can be disabled with `set_option linter.unusedSectionVars false`
✔ [3797/3804] Built Cloning.PurificationSupport (7.8s)
⚠ [3798/3804] Built Cloning.PCTGaussianCovarianceClassical (4.5s)
warning: Cloning/PCTGaussianCovarianceClassical.lean:14:0: automatically included section variable(s) unused in theorem `Cloning.PCTGaussianCovariance.coefficientVector_inner`:
  [DecidableEq A]
consider restructuring your `variable` declarations so that the variables are not in scope or explicitly omit them:
  omit [DecidableEq A] in theorem ...

Note: This linter can be disabled with `set_option linter.unusedSectionVars false`
warning: Cloning/PCTGaussianCovarianceClassical.lean:39:35: This simp argument is unused:
  zero_mul

Hint: Omit it from the simp argument list.
  simp only [apply_ite, star_zero, z̵e̵r̵o̵_̵mul,̵ ̵m̵u̵l̵_zero, Finset.sum_ite_eq',
  ̵  ̵ ̵ ̵Finset.mem_univ, if_true]

Note: This linter can be disabled with `set_option linter.unusedSimpArgs false`
warning: Cloning/PCTGaussianCovarianceClassical.lean:39:55: This simp argument is unused:
  Finset.sum_ite_eq'

Hint: Omit it from the simp argument list.
  simp only [apply_ite, star_zero, zero_mul, mul_zero, F̵i̵n̵s̵e̵t̵.̵s̵u̵m̵_̵i̵t̵e̵_̵e̵q̵'̵,̵Finset.mem_univ, if_true]

Note: This linter can be disabled with `set_option linter.unusedSimpArgs false`
warning: Cloning/PCTGaussianCovarianceClassical.lean:40:4: This simp argument is unused:
  Finset.mem_univ

Hint: Omit it from the simp argument list.
  simp only [apply_ite, star_zero, zero_mul, mul_zero, Finset.sum_ite_eq', F̵i̵n̵s̵e̵t̵.̵m̵e̵m̵_̵u̵n̵i̵v̵,̵ ̵if_true]

Note: This linter can be disabled with `set_option linter.unusedSimpArgs false`
warning: Cloning/PCTGaussianCovarianceClassical.lean:40:21: This simp argument is unused:
  if_true

Hint: Omit it from the simp argument list.
  simp only [apply_ite, star_zero, zero_mul, mul_zero, Finset.sum_ite_eq',
  ̵  ̵ ̵ ̵Finset.mem_univ,̵ ̵i̵f̵_̵t̵r̵u̵e̵]

Note: This linter can be disabled with `set_option linter.unusedSimpArgs false`
warning: Cloning/PCTGaussianCovarianceClassical.lean:50:13: This simp argument is unused:
  Finset.sum_ite_eq'

Hint: Omit it from the simp argument list.
  simp only [classicalTest, Matrix.diagonal_apply, apply_ite, norm_zero,
  ̲  ̲ ̲ ̲zero_pow (by omega : 2 ≠ 0), ite_pow, F̵i̵n̵s̵e̵t̵.̵s̵u̵m̵_̵i̵t̵e̵_̵e̵q̵'̵,̵ ̵Finset.mem_univ, if_true]

Note: This linter can be disabled with `set_option linter.unusedSimpArgs false`
warning: Cloning/PCTGaussianCovarianceClassical.lean:50:33: This simp argument is unused:
  Finset.mem_univ

Hint: Omit it from the simp argument list.
  simp only [classicalTest, Matrix.diagonal_apply, apply_ite, norm_zero,
  ̲  ̲ ̲ ̲zero_pow (by omega : 2 ≠ 0), ite_pow, Finset.sum_ite_eq', F̵i̵n̵s̵e̵t̵.̵m̵e̵m̵_̵u̵n̵i̵v̵,̵ ̵if_true]

Note: This linter can be disabled with `set_option linter.unusedSimpArgs false`
warning: Cloning/PCTGaussianCovarianceClassical.lean:50:50: This simp argument is unused:
  if_true

Hint: Omit it from the simp argument list.
  simp only [classicalTest, Matrix.diagonal_apply, apply_ite, norm_zero,
  ̲  ̲ ̲ ̲zero_pow (by omega : 2 ≠ 0), ite_pow, Finset.sum_ite_eq', F̵i̵n̵s̵e̵t̵.̵m̵e̵m̵_̵u̵n̵i̵v̵,̵ ̵i̵f̵_̵t̵r̵u̵e̵]̵F̲i̲n̲s̲e̲t̲.̲m̲e̲m̲_̲u̲n̲i̲v̲]̲

Note: This linter can be disabled with `set_option linter.unusedSimpArgs false`
✔ [3799/3807] Built Cloning.PBWCutoffGram (5.0s)
✔ [3800/3808] Built Cloning.PBWRootBounds (4.0s)
✔ [3801/3808] Built Cloning.PCTCoordinateFrame (5.8s)
✔ [3802/3809] Built Cloning.PBWGramLimit (4.7s)
⚠ [3803/3809] Built Cloning.PCTGaussianOutput (7.3s)
warning: Cloning/PCTGaussianOutput.lean:59:13: This simp argument is unused:
  ContinuousLinearMap.flip_apply

Hint: Omit it from the simp argument list.
  simp only [̵C̵o̵n̵t̵i̵n̵u̵o̵u̵s̵L̵i̵n̵e̵a̵r̵M̵a̵p̵.̵f̵l̵i̵p̵_̵a̵p̵p̵l̵y̵,̵ ̵t̵r̵a̵c̵e̵P̵a̵i̵r̵i̵n̵g̵C̵L̵M̵_̵a̵p̵p̵l̵y̵,̵[̲t̲r̲a̲c̲e̲P̲a̲i̲r̲i̲n̲g̲C̲L̲M̲_̲a̲p̲p̲l̲y̲,̲ displacement_characteristic, integral_mul_const]

Note: This linter can be disabled with `set_option linter.unusedSimpArgs false`
warning: Cloning/PCTGaussianOutput.lean:59:45: This simp argument is unused:
  tracePairingCLM_apply

Hint: Omit it from the simp argument list.
  simp only [ContinuousLinearMap.flip_apply, t̵r̵a̵c̵e̵P̵a̵i̵r̵i̵n̵g̵C̵L̵M̵_̵a̵p̵p̵l̵y̵,̵
  ̵ ̵ ̵ ̵ ̵displacement_characteristic, integral_mul_const]

Note: This linter can be disabled with `set_option linter.unusedSimpArgs false`
warning: Cloning/PCTGaussianOutput.lean:107:2: Used `tac1 <;> tac2` where `(tac1; tac2)` would suffice

Note: This linter can be disabled with `set_option linter.unnecessarySeqFocus false`
✔ [3804/3809] Built Cloning.PBWRootGram (5.0s)
⚠ [3805/3811] Built Cloning.PCTGaussianCovarianceOrbital (4.3s)
warning: Cloning/PCTGaussianCovarianceOrbital.lean:40:15: This simp argument is unused:
  registerBasis_apply

Hint: Omit it from the simp argument list.
  simp only [̵r̵e̵g̵i̵s̵t̵e̵r̵B̵a̵s̵i̵s̵_̵a̵p̵p̵l̵y̵,̵ ̵r̵e̵g̵i̵s̵t̵e̵r̵_̵i̵n̵n̵e̵r̵_̵s̵i̵n̵g̵l̵e̵,̵[̲r̲e̲g̲i̲s̲t̲e̲r̲_̲i̲n̲n̲e̲r̲_̲s̲i̲n̲g̲l̲e̲,̲ coefficientVector_apply]

Note: This linter can be disabled with `set_option linter.unusedSimpArgs false`
warning: Cloning/PCTGaussianCovarianceOrbital.lean:44:51: This simp argument is unused:
  star_star

Hint: Omit it from the simp argument list.
  simp only [orbitalTest, inner_add_left, inner_add_right, inner_smul_left,
  ̵  ̵ ̵ ̵inner_smul_right, hi,
  ̲  ̲ ̲ ̲registerBasis_apply, register_inner_single, coefficientVector_apply,
  ̵  ̵ ̵ ̵orbitalCoordinate,
  ̲  ̲ ̲ ̲map_div₀, map_mul, map_neg, star_s̵t̵ar̵,̵
  ̵ ̵ ̵ ̵ ̵s̵t̵a̵r̵_̵a̵dd, star_mul, star_div₀, star_neg, Complex.star_def,
  ̲  ̲ ̲ ̲Complex.conj_ofReal, Complex.conj_conj]

Note: This linter can be disabled with `set_option linter.unusedSimpArgs false`
warning: Cloning/PCTGaussianCovarianceOrbital.lean:45:35: This simp argument is unused:
  star_neg

Hint: Omit it from the simp argument list.
  simp only [orbitalTest, inner_add_left, inner_add_right, inner_smul_left, inner_smul_right, hi,
  ̲  ̲ ̲ ̲registerBasis_apply, register_inner_single, coefficientVector_apply, orbitalCoordinate,
  ̲  ̲ ̲ ̲map_div₀, map_mul, map_neg, star_star, star_add, star_mul, star_div₀, s̵t̵a̵r̵_̵n̵e̵g̵,̵ ̵Complex.star_def,
  ̲  ̲ ̲ ̲Complex.conj_ofReal, Complex.conj_conj]

Note: This linter can be disabled with `set_option linter.unusedSimpArgs false`
warning: Cloning/PCTGaussianCovarianceOrbital.lean:54:27: This simp argument is unused:
  Matrix.diagonal_apply

Hint: Omit it from the simp argument list.
  simp [registerBasis_apply, register_inner_single, coefficientVector_apply, schmidtCoefficients,
  ̲  ̲ ̲ ̲ ̲ ̲M̵a̵t̵r̵i̵x̵.̵d̵i̵a̵g̵o̵n̵a̵l̵_̵a̵p̵p̵l̵y̵,̵ ̵hab]

Note: This linter can be disabled with `set_option linter.unusedSimpArgs false`
warning: Cloning/PCTGaussianCovarianceOrbital.lean:58:0: automatically included section variable(s) unused in theorem `Cloning.PCTGaussianCovariance.orbitalTest_norm_sq`:
  [Fintype A]
  [DecidableEq A]
consider restructuring your `variable` declarations so that the variables are not in scope or explicitly omit them:
  omit [Fintype A] [DecidableEq A] in theorem ...

Note: This linter can be disabled with `set_option linter.unusedSectionVars false`
warning: Cloning/PCTGaussianCovarianceOrbital.lean:99:6: 'ring' tactic does nothing

Note: This linter can be disabled with `set_option linter.unusedTactic false`
warning: Cloning/PCTGaussianCovarianceOrbital.lean:99:6: this tactic is never executed

Note: This linter can be disabled with `set_option linter.unreachableTactic false`
✔ [3806/3811] Built Cloning.PCTGlobalChannels (9.2s)
⚠ [3807/3813] Built Cloning.PCTGaussianCovarianceJoint (7.8s)
warning: Cloning/PCTGaussianCovarianceJoint.lean:17:0: automatically included section variable(s) unused in theorem `Cloning.PCTGaussianCovariance.orbitalTest_pairwise`:
  [Fintype A]
consider restructuring your `variable` declarations so that the variables are not in scope or explicitly omit them:
  omit [Fintype A] in theorem ...

Note: This linter can be disabled with `set_option linter.unusedSectionVars false`
warning: Cloning/PCTGaussianCovarianceJoint.lean:49:0: automatically included section variable(s) unused in theorem `Cloning.PCTGaussianCovariance.norm_sum_sq_of_pairwise`:
  [Fintype A]
  [LinearOrder A]
consider restructuring your `variable` declarations so that the variables are not in scope or explicitly omit them:
  omit [Fintype A] [LinearOrder A] in theorem ...

Note: This linter can be disabled with `set_option linter.unusedSectionVars false`
info: Cloning/PCTGaussianCovarianceJoint.lean:137:2: Try this:
  [apply] ring_nf
  
  The `ring` tactic failed to close the goal. Use `ring_nf` to obtain a normal form.
    
  Note that `ring` works primarily in *commutative* rings. If you have a noncommutative ring, abelian group or module, consider using `noncomm_ring`, `abel` or `module` instead.
✔ [3808/3815] Built Cloning.PCTGaussianOutputTangent (5.6s)
✔ [3809/3815] Built Cloning.PCTGlobalRecovery (13s)
✔ [3810/3815] Built Cloning.PCTHybridFidelity (4.6s)
✔ [3811/3830] Built Cloning.PCTHybridFidelityTransfer (4.6s)
✔ [3820/3833] Built Cloning.PCTGlobalMatrixBridge (8.6s)
⚠ [3825/3837] Built Cloning.PCTJointGaussianWhitening (5.2s)
warning: Cloning/PCTJointGaussianWhitening.lean:19:0: automatically included section variable(s) unused in theorem `Cloning.PCTJointGaussianWhitening.sqrtSpectrum_norm`:
  [DecidableEq A]
consider restructuring your `variable` declarations so that the variables are not in scope or explicitly omit them:
  omit [DecidableEq A] in theorem ...

Note: This linter can be disabled with `set_option linter.unusedSectionVars false`
warning: Cloning/PCTJointGaussianWhitening.lean:45:0: automatically included section variable(s) unused in theorem `Cloning.PCTJointGaussianWhitening.continuous_whiten`:
  [DecidableEq A]
consider restructuring your `variable` declarations so that the variables are not in scope or explicitly omit them:
  omit [DecidableEq A] in theorem ...

Note: This linter can be disabled with `set_option linter.unusedSectionVars false`
warning: Cloning/PCTJointGaussianWhitening.lean:56:0: automatically included section variable(s) unused in theorem `Cloning.PCTJointGaussianWhitening.whiten_dual`:
  [DecidableEq A]
consider restructuring your `variable` declarations so that the variables are not in scope or explicitly omit them:
  omit [DecidableEq A] in theorem ...

Note: This linter can be disabled with `set_option linter.unusedSectionVars false`
warning: Cloning/PCTJointGaussianWhitening.lean:69:0: automatically included section variable(s) unused in theorem `Cloning.PCTJointGaussianWhitening.whiteningVector_orthogonal`:
  [DecidableEq A]
consider restructuring your `variable` declarations so that the variables are not in scope or explicitly omit them:
  omit [DecidableEq A] in theorem ...

Note: This linter can be disabled with `set_option linter.unusedSectionVars false`
warning: Cloning/PCTJointGaussianWhitening.lean:78:0: automatically included section variable(s) unused in theorem `Cloning.PCTJointGaussianWhitening.whiteningVector_norm_sq`:
  [DecidableEq A]
consider restructuring your `variable` declarations so that the variables are not in scope or explicitly omit them:
  omit [DecidableEq A] in theorem ...

Note: This linter can be disabled with `set_option linter.unusedSectionVars false`
⚠ [3826/3837] Built Cloning.PCTJointGaussianLaw (5.2s)
warning: Cloning/PCTJointGaussianLaw.lean:38:0: automatically included section variable(s) unused in theorem `Cloning.PCTJointGaussianLaw.orbitalVariance_pos`:
  [Fintype A]
consider restructuring your `variable` declarations so that the variables are not in scope or explicitly omit them:
  omit [Fintype A] in theorem ...

Note: This linter can be disabled with `set_option linter.unusedSectionVars false`
warning: Cloning/PCTJointGaussianLaw.lean:83:79: Used `tac1 <;> tac2` where `(tac1; tac2)` would suffice

Note: This linter can be disabled with `set_option linter.unnecessarySeqFocus false`
warning: Cloning/PCTJointGaussianLaw.lean:135:30: This simp argument is unused:
  tangentClassical

Hint: Omit it from the simp argument list.
  simp [̵t̵a̵n̵g̵e̵n̵t̵C̵l̵a̵s̵s̵i̵c̵a̵l̵,̵ ̵C̵o̵m̵p̵l̵e̵x̵.̵o̵f̵R̵e̵a̵l̵_̵a̵d̵d̵,̵[̲C̲o̲m̲p̲l̲e̲x̲.̲o̲f̲R̲e̲a̲l̲_̲a̲d̲d̲,̲ Complex.ofReal_sum, add_comm]

Note: This linter can be disabled with `set_option linter.unusedSimpArgs false`
warning: Cloning/PCTJointGaussianLaw.lean:135:20: Used `tac1 <;> tac2` where `(tac1; tac2)` would suffice

Note: This linter can be disabled with `set_option linter.unnecessarySeqFocus false`
✔ [3827/3838] Built Cloning.PCTGlobalWerner (11s)
⚠ [3828/3840] Built Cloning.PCTJointGaussianReal (4.0s)
info: Cloning/PCTJointGaussianReal.lean:57:4: Try this:
  [apply] ring_nf
  
  The `ring` tactic failed to close the goal. Use `ring_nf` to obtain a normal form.
    
  Note that `ring` works primarily in *commutative* rings. If you have a noncommutative ring, abelian group or module, consider using `noncomm_ring`, `abel` or `module` instead.
warning: Cloning/PCTJointGaussianReal.lean:76:8: This simp argument is unused:
  Complex.ofReal_sum

Hint: Omit it from the simp argument list.
  simp ̵[̵C̵o̵m̵p̵l̵e̵x̵.̵o̵f̵R̵e̵a̵l̵_̵s̵u̵m̵]̵

Note: This linter can be disabled with `set_option linter.unusedSimpArgs false`
✔ [3829/3840] Built Cloning.PCTGlobalPhysical (9.6s)
⚠ [3830/3840] Built Cloning.PCTTangentNormalization (5.0s)
warning: Cloning/PCTTangentNormalization.lean:14:8: automatically included section variable(s) unused in theorem `Cloning.PCTReducedGaussian.coefficientVector_add`:
  [DecidableEq A]
consider restructuring your `variable` declarations so that the variables are not in scope or explicitly omit them:
  omit [DecidableEq A] in theorem ...

Note: This linter can be disabled with `set_option linter.unusedSectionVars false`
warning: Cloning/PCTTangentNormalization.lean:19:8: automatically included section variable(s) unused in theorem `Cloning.PCTReducedGaussian.coefficientVector_real_smul`:
  [DecidableEq A]
consider restructuring your `variable` declarations so that the variables are not in scope or explicitly omit them:
  omit [DecidableEq A] in theorem ...

Note: This linter can be disabled with `set_option linter.unusedSectionVars false`
warning: Cloning/PCTTangentNormalization.lean:76:68: This simp argument is unused:
  smul_eq_mul

Hint: Omit it from the simp argument list.
  simp only [Matrix.sub_apply, Matrix.add_apply, Matrix.smul_apply, s̵m̵u̵l̵_̵e̵q̵_̵m̵u̵l̵,̵
  ̵ ̵ ̵ ̵ ̵Complex.real_smul,
  ̲  ̲ ̲ ̲Complex.ofReal_inv, Complex.ofReal_div, Complex.ofReal_pow,
  ̵  ̵ ̵ ̵Complex.ofReal_add,
  ̲  ̲ ̲ ̲Complex.ofReal_mul, Complex.ofReal_one]

Note: This linter can be disabled with `set_option linter.unusedSimpArgs false`
warning: Cloning/PCTTangentNormalization.lean:82:2: Used `tac1 <;> tac2` where `(tac1; tac2)` would suffice

Note: This linter can be disabled with `set_option linter.unnecessarySeqFocus false`
✔ [3831/3840] Built Cloning.PCTJointGaussianWhitenedLaw (3.9s)
✔ [3832/3840] Built Cloning.PCTHybridMixtureFactor (20s)
⚠ [3834/3843] Built Cloning.PCTJointGaussianConvolution (4.7s)
warning: Cloning/PCTJointGaussianConvolution.lean:30:4: Used `tac1 <;> tac2` where `(tac1; tac2)` would suffice

Note: This linter can be disabled with `set_option linter.unnecessarySeqFocus false`
⚠ [3835/3843] Built Cloning.PCTJointGaussianChart (5.9s)
warning: Cloning/PCTJointGaussianChart.lean:48:0: automatically included section variable(s) unused in theorem `Cloning.PCTJointGaussianWhitening.whiten_eq_inner`:
  [LinearOrder A]
consider restructuring your `variable` declarations so that the variables are not in scope or explicitly omit them:
  omit [LinearOrder A] in theorem ...

Note: This linter can be disabled with `set_option linter.unusedSectionVars false`
warning: Cloning/PCTJointGaussianChart.lean:52:30: This simp argument is unused:
  WithLp.ofLp_toLp

Hint: Omit it from the simp argument list.
  simp only [whiten, normalizedScore, EuclideanSpace.inner_eq_star_dotProduct, dotProduct,
  ̲  ̲ ̲ ̲s̵t̵a̵r̵_̵t̵r̵i̵v̵i̵a̵l̵,̵ ̵W̵i̵t̵h̵L̵p̵.̵o̵f̵L̵p̵_̵t̵o̵L̵p̵]̵s̲t̲a̲r̲_̲t̲r̲i̲v̲i̲a̲l̲]̲

Note: This linter can be disabled with `set_option linter.unusedSimpArgs false`
warning: Cloning/PCTJointGaussianChart.lean:57:0: automatically included section variable(s) unused in theorem `Cloning.PCTJointGaussianWhitening.normalizedScore_unwhiten`:
  [LinearOrder A]
consider restructuring your `variable` declarations so that the variables are not in scope or explicitly omit them:
  omit [LinearOrder A] in theorem ...

Note: This linter can be disabled with `set_option linter.unusedSectionVars false`
warning: Cloning/PCTJointGaussianChart.lean:71:0: automatically included section variable(s) unused in theorem `Cloning.PCTJointGaussianWhitening.normalizedScore_inner_zero`:
  [LinearOrder A]
consider restructuring your `variable` declarations so that the variables are not in scope or explicitly omit them:
  omit [LinearOrder A] in theorem ...

Note: This linter can be disabled with `set_option linter.unusedSectionVars false`
warning: Cloning/PCTJointGaussianChart.lean:111:49: This simp argument is unused:
  mul_assoc

Hint: Omit it from the simp argument list.
  simp [whiten, Finset.mul_sum, mul_div_assoc, mul_a̵s̵s̵o̵c̵,̵ ̵m̵u̵l_̵l̵eft_comm]

Note: This linter can be disabled with `set_option linter.unusedSimpArgs false`
warning: Cloning/PCTJointGaussianChart.lean:159:0: automatically included section variable(s) unused in theorem `Cloning.PCTJointGaussianWhitening.continuous_unwhiten`:
  [LinearOrder A]
consider restructuring your `variable` declarations so that the variables are not in scope or explicitly omit them:
  omit [LinearOrder A] in theorem ...

Note: This linter can be disabled with `set_option linter.unusedSectionVars false`
⚠ [3836/3844] Built Cloning.PCTLocalChartAlgebra (5.1s)
warning: Cloning/PCTLocalChartAlgebra.lean:24:61: This simp argument is unused:
  Matrix.diagonal_apply

Hint: Omit it from the simp argument list.
  simp [M̵a̵t̵r̵i̵x̵.̵d̵i̵a̵g̵o̵n̵a̵l̵_̵a̵p̵p̵l̵y̵,̵ ̵hab]

Note: This linter can be disabled with `set_option linter.unusedSimpArgs false`
warning: Cloning/PCTLocalChartAlgebra.lean:25:62: This simp argument is unused:
  Matrix.diagonal_apply

Hint: Omit it from the simp argument list.
  simp [M̵a̵t̵r̵i̵x̵.̵d̵i̵a̵g̵o̵n̵a̵l̵_̵a̵p̵p̵l̵y̵,̵ ̵hab]

Note: This linter can be disabled with `set_option linter.unusedSimpArgs false`
warning: Cloning/PCTLocalChartAlgebra.lean:38:8: automatically included section variable(s) unused in theorem `Cloning.PCTLocalChart.generator_apply`:
  [Fintype A]
consider restructuring your `variable` declarations so that the variables are not in scope or explicitly omit them:
  omit [Fintype A] in theorem ...

Note: This linter can be disabled with `set_option linter.unusedSectionVars false`
warning: Cloning/PCTLocalChartAlgebra.lean:41:8: automatically included section variable(s) unused in theorem `Cloning.PCTLocalChart.generator_diagonal`:
  [Fintype A]
consider restructuring your `variable` declarations so that the variables are not in scope or explicitly omit them:
  omit [Fintype A] in theorem ...

Note: This linter can be disabled with `set_option linter.unusedSectionVars false`
warning: Cloning/PCTLocalChartAlgebra.lean:73:4: Used `tac1 <;> tac2` where `(tac1; tac2)` would suffice

Note: This linter can be disabled with `set_option linter.unnecessarySeqFocus false`
warning: Cloning/PCTLocalChartAlgebra.lean:75:0: automatically included section variable(s) unused in theorem `Cloning.PCTLocalChart.base_hermitian`:
  [Fintype A]
consider restructuring your `variable` declarations so that the variables are not in scope or explicitly omit them:
  omit [Fintype A] in theorem ...

Note: This linter can be disabled with `set_option linter.unusedSectionVars false`
✔ [3837/3844] Built Cloning.PCTHybridMixtureClassical (6.6s)
✔ [3838/3844] Built Cloning.PCTMixedMixtureTransfer (5.3s)
⚠ [3839/3844] Built Cloning.PCTHybridMixtureGaussian (7.1s)
warning: Cloning/PCTHybridMixtureGaussian.lean:68:4: Used `tac1 <;> tac2` where `(tac1; tac2)` would suffice

Note: This linter can be disabled with `set_option linter.unnecessarySeqFocus false`
✔ [3840/3844] Built Cloning.PCTLocalChartInverse (8.4s)
✔ [3841/3858] Built Cloning.PCTHybridMixtureChannel (5.9s)
⚠ [3842/3858] Built Cloning.PCTTangentChart (8.1s)
warning: Cloning/PCTTangentChart.lean:31:0: automatically included section variable(s) unused in theorem `Cloning.PCTLocalChart.reducedDensityMatrix_hermitian`:
  [DecidableEq A]
consider restructuring your `variable` declarations so that the variables are not in scope or explicitly omit them:
  omit [DecidableEq A] in theorem ...

Note: This linter can be disabled with `set_option linter.unusedSectionVars false`
⚠ [3843/3858] Built Cloning.PCTLocalChartCoordinates (4.1s)
warning: Cloning/PCTLocalChartCoordinates.lean:122:39: This simp argument is unused:
  Matrix.diagonal_apply

Hint: Omit it from the simp argument list.
  simp [base, M̵a̵t̵r̵i̵x̵.̵d̵i̵a̵g̵o̵n̵a̵l̵_̵a̵p̵p̵l̵y̵,̵ ̵hab]

Note: This linter can be disabled with `set_option linter.unusedSimpArgs false`
✔ [3844/3858] Built Cloning.TensorLANEmbeddingChannel (6.6s)
⚠ [3845/3858] Built Cloning.PCTTangentChartSamples (4.8s)
warning: Cloning/PCTTangentChartSamples.lean:61:39: This simp argument is unused:
  Matrix.diagonal_apply

Hint: Omit it from the simp argument list.
  simp [base, M̵a̵t̵r̵i̵x̵.̵d̵i̵a̵g̵o̵n̵a̵l̵_̵a̵p̵p̵l̵y̵,̵ ̵hab, Complex.real_smul]

Note: This linter can be disabled with `set_option linter.unusedSimpArgs false`
warning: Cloning/PCTTangentChartSamples.lean:92:0: automatically included section variable(s) unused in theorem `Cloning.PCTLocalChart.trace_reduced_eq_norm_sq`:
  [LinearOrder A]
consider restructuring your `variable` declarations so that the variables are not in scope or explicitly omit them:
  omit [LinearOrder A] in theorem ...

Note: This linter can be disabled with `set_option linter.unusedSectionVars false`
⚠ [3846/3864] Built Cloning.TensorLANEmbeddingFrame (6.9s)
warning: Cloning/TensorLANEmbeddingFrame.lean:25:8: automatically included section variable(s) unused in theorem `Cloning.TensorLAN.basisFrameIsometry_basis`:
  [CompleteSpace H]
  [CompleteSpace K]
  [S.HasOrthogonalProjection]
consider restructuring your `variable` declarations so that the variables are not in scope or explicitly omit them:
  omit [CompleteSpace H] [CompleteSpace K] [S.HasOrthogonalProjection] in theorem ...

Note: This linter can be disabled with `set_option linter.unusedSectionVars false`
warning: Cloning/TensorLANEmbeddingFrame.lean:33:0: automatically included section variable(s) unused in theorem `Cloning.TensorLAN.frameTransport_contraction`:
  [CompleteSpace H]
  [CompleteSpace K]
consider restructuring your `variable` declarations so that the variables are not in scope or explicitly omit them:
  omit [CompleteSpace H] [CompleteSpace K] in theorem ...

Note: This linter can be disabled with `set_option linter.unusedSectionVars false`
warning: Cloning/TensorLANEmbeddingFrame.lean:39:0: automatically included section variable(s) unused in theorem `Cloning.TensorLAN.frameTransport_on_subspace`:
  [CompleteSpace H]
  [CompleteSpace K]
consider restructuring your `variable` declarations so that the variables are not in scope or explicitly omit them:
  omit [CompleteSpace H] [CompleteSpace K] in theorem ...

Note: This linter can be disabled with `set_option linter.unusedSectionVars false`
✔ [3847/3865] Built Cloning.PCTTangentChartFrame (4.8s)
✔ [3848/3865] Built Cloning.PCTTangentChartAdmissible (4.2s)
✔ [3849/3865] Built Cloning.TensorLieGenerators (7.0s)
⚠ [3850/3865] Built Cloning.PCTPhysicalState (5.2s)
warning: Cloning/PCTPhysicalState.lean:25:0: automatically included section variable(s) unused in theorem `Cloning.PCTPhysicalState.canonicalPurification_diagonal`:
  [Nonempty A]
consider restructuring your `variable` declarations so that the variables are not in scope or explicitly omit them:
  omit [Nonempty A] in theorem ...

Note: This linter can be disabled with `set_option linter.unusedSectionVars false`
warning: Cloning/PCTPhysicalState.lean:31:0: automatically included section variable(s) unused in theorem `Cloning.PCTPhysicalState.tensorPower_posSemidef`:
  [Nonempty A]
consider restructuring your `variable` declarations so that the variables are not in scope or explicitly omit them:
  omit [Nonempty A] in theorem ...

Note: This linter can be disabled with `set_option linter.unusedSectionVars false`
warning: Cloning/PCTPhysicalState.lean:38:8: automatically included section variable(s) unused in theorem `Cloning.PCTPhysicalState.matrixTensorPower_eq_registerLift`:
  [Nonempty A]
consider restructuring your `variable` declarations so that the variables are not in scope or explicitly omit them:
  omit [Nonempty A] in theorem ...

Note: This linter can be disabled with `set_option linter.unusedSectionVars false`
warning: Cloning/PCTPhysicalState.lean:53:0: automatically included section variable(s) unused in theorem `Cloning.PCTPhysicalState.reducedDensityMatrix_posSemidef`:
  [DecidableEq A]
  [Nonempty A]
consider restructuring your `variable` declarations so that the variables are not in scope or explicitly omit them:
  omit [DecidableEq A] [Nonempty A] in theorem ...

Note: This linter can be disabled with `set_option linter.unusedSectionVars false`
warning: Cloning/PCTPhysicalState.lean:62:0: automatically included section variable(s) unused in theorem `Cloning.PCTPhysicalState.trace_reducedDensityMatrix_complex`:
  [DecidableEq A]
  [Nonempty A]
consider restructuring your `variable` declarations so that the variables are not in scope or explicitly omit them:
  omit [DecidableEq A] [Nonempty A] in theorem ...

Note: This linter can be disabled with `set_option linter.unusedSectionVars false`
✔ [3851/3865] Built Cloning.TensorLieRelations (4.8s)
⚠ [3852/3865] Built Cloning.PCTUnitaryTransport (5.2s)
warning: Cloning/PCTUnitaryTransport.lean:19:8: automatically included section variable(s) unused in theorem `Cloning.PCTUnitaryTransport.coefficientVector_coefficients`:
  [DecidableEq A]
  [Nonempty A]
consider restructuring your `variable` declarations so that the variables are not in scope or explicitly omit them:
  omit [DecidableEq A] [Nonempty A] in theorem ...

Note: This linter can be disabled with `set_option linter.unusedSectionVars false`
warning: Cloning/PCTUnitaryTransport.lean:22:8: automatically included section variable(s) unused in theorem `Cloning.PCTUnitaryTransport.coefficients_coefficientVector`:
  [DecidableEq A]
  [Nonempty A]
consider restructuring your `variable` declarations so that the variables are not in scope or explicitly omit them:
  omit [DecidableEq A] [Nonempty A] in theorem ...

Note: This linter can be disabled with `set_option linter.unusedSectionVars false`
warning: Cloning/PCTUnitaryTransport.lean:25:8: automatically included section variable(s) unused in theorem `Cloning.PCTUnitaryTransport.coefficients_add`:
  [Fintype A]
  [DecidableEq A]
  [Nonempty A]
consider restructuring your `variable` declarations so that the variables are not in scope or explicitly omit them:
  omit [Fintype A] [DecidableEq A] [Nonempty A] in theorem ...

Note: This linter can be disabled with `set_option linter.unusedSectionVars false`
warning: Cloning/PCTUnitaryTransport.lean:28:8: automatically included section variable(s) unused in theorem `Cloning.PCTUnitaryTransport.coefficients_smul`:
  [Fintype A]
  [DecidableEq A]
  [Nonempty A]
consider restructuring your `variable` declarations so that the variables are not in scope or explicitly omit them:
  omit [Fintype A] [DecidableEq A] [Nonempty A] in theorem ...

Note: This linter can be disabled with `set_option linter.unusedSectionVars false`
warning: Cloning/PCTUnitaryTransport.lean:31:0: automatically included section variable(s) unused in theorem `Cloning.PCTUnitaryTransport.reduced_eq_coefficients`:
  [DecidableEq A]
  [Nonempty A]
consider restructuring your `variable` declarations so that the variables are not in scope or explicitly omit them:
  omit [DecidableEq A] [Nonempty A] in theorem ...

Note: This linter can be disabled with `set_option linter.unusedSectionVars false`
⚠ [3853/3865] Built Cloning.TensorCyclicFiltration (4.6s)
info: Cloning/TensorCyclicFiltration.lean:118:76: Try this:
  [apply] ring_nf
  
  The `ring` tactic failed to close the goal. Use `ring_nf` to obtain a normal form.
    
  Note that `ring` works primarily in *commutative* rings. If you have a noncommutative ring, abelian group or module, consider using `noncomm_ring`, `abel` or `module` instead.
info: Cloning/TensorCyclicFiltration.lean:126:12: Try this:
  [apply] ring_nf
  
  The `ring` tactic failed to close the goal. Use `ring_nf` to obtain a normal form.
    
  Note that `ring` works primarily in *commutative* rings. If you have a noncommutative ring, abelian group or module, consider using `noncomm_ring`, `abel` or `module` instead.
info: Cloning/TensorCyclicFiltration.lean:134:12: Try this:
  [apply] ring_nf
  
  The `ring` tactic failed to close the goal. Use `ring_nf` to obtain a normal form.
    
  Note that `ring` works primarily in *commutative* rings. If you have a noncommutative ring, abelian group or module, consider using `noncomm_ring`, `abel` or `module` instead.
warning: Cloning/TensorCyclicFiltration.lean:118:27: Used `tac1 <;> tac2` where `(tac1; tac2)` would suffice

Note: This linter can be disabled with `set_option linter.unnecessarySeqFocus false`
warning: Cloning/TensorCyclicFiltration.lean:118:72: Used `tac1 <;> tac2` where `(tac1; tac2)` would suffice

Note: This linter can be disabled with `set_option linter.unnecessarySeqFocus false`
✔ [3854/3865] Built Cloning.PCTPhysicalFidelityLAN (11s)
⚠ [3855/3865] Built Cloning.PCTUnitaryTransportChannels (5.1s)
warning: Cloning/PCTUnitaryTransportChannels.lean:36:8: automatically included section variable(s) unused in theorem `Cloning.PCTUnitaryTransport.tensorUnitary_star`:
  [Nonempty A]
consider restructuring your `variable` declarations so that the variables are not in scope or explicitly omit them:
  omit [Nonempty A] in theorem ...

Note: This linter can be disabled with `set_option linter.unusedSectionVars false`
✔ [3856/3865] Built Cloning.TensorPBWWeight (5.4s)
✔ [3857/3869] Built Cloning.TensorPBWOrder (4.8s)
✔ [3858/3869] Built Cloning.PCTPhysicalFidelityFrame (7.2s)
✔ [3859/3869] Built Cloning.TensorCloningPayoff (4.1s)
✔ [3860/3871] Built Cloning.TensorPBWOccupations (4.4s)
⚠ [3861/3875] Built Cloning.TensorPBWStraightening (4.6s)
warning: Cloning/TensorPBWStraightening.lean:39:4: This simp argument is unused:
  ContinuousLinearMap.zero_apply

Hint: Omit it from the simp argument list.
  simp only [ContinuousLinearMap.sub_apply, ContinuousLinearMap.mul_apply, if_pos h,
  ̲  ̲ ̲ ̲if_neg (inverted_roots_not_reverse_composable a b hinv), C̵o̵n̵t̵i̵n̵u̵o̵u̵s̵L̵i̵n̵e̵a̵r̵M̵a̵p̵.̵z̵e̵r̵o̵_̵a̵p̵p̵l̵y̵,̵ ̵sub_zero] at he

Note: This linter can be disabled with `set_option linter.unusedSimpArgs false`
warning: Cloning/TensorPBWStraightening.lean:114:32: Used `tac1 <;> tac2` where `(tac1; tac2)` would suffice

Note: This linter can be disabled with `set_option linter.unnecessarySeqFocus false`
✔ [3862/3875] Built Cloning.TensorLieHighestWeight (4.3s)
✔ [3864/3875] Built Cloning.PCTPhysicalFidelity (5.7s)
✔ [3865/3875] Built Cloning.TensorLieProduct (5.7s)
✔ [3866/3875] Built Cloning.TensorLieFiltration (4.2s)
✔ [3867/3875] Built Cloning.TensorLieLeibniz (4.7s)
✔ [3868/3875] Built Cloning.PCTPhysicalFidelityUnitary (8.7s)
⚠ [3869/3878] Built Cloning.TensorWedge (5.2s)
warning: Cloning/TensorWedge.lean:95:48: This simp argument is unused:
  hf

Hint: Omit it from the simp argument list.
  simp [registerBasis_apply, lp.single_apply, h̵f̵,̵ ̵Ne.symm hf, Units.smul_def]

Note: This linter can be disabled with `set_option linter.unusedSimpArgs false`
warning: Cloning/TensorWedge.lean:103:2: Try `simp at hh` instead of `simpa using hh`

Note: This linter can be disabled with `set_option linter.unnecessarySimpa false`
⚠ [3870/3879] Built Cloning.PCTPhysicalStateSpectrum (4.7s)
warning: Cloning/PCTPhysicalStateSpectrum.lean:39:45: This simp argument is unused:
  Complex.ofReal_re

Hint: Omit it from the simp argument list.
  simp only [Complex.one_re, Complex.re_sum,̵ ̵C̵o̵m̵p̵l̵e̵x̵.̵o̵f̵R̵e̵a̵l̵_̵r̵e̵] at h

Note: This linter can be disabled with `set_option linter.unusedSimpArgs false`
warning: Cloning/PCTPhysicalStateSpectrum.lean:47:18: unused variable `i`

Note: This linter can be disabled with `set_option linter.unusedVariables false`
✔ [3871/3879] Built Cloning.TensorWedgeHighest (5.7s)
✔ [3872/3880] Built Cloning.TensorCyclicOccupancy (5.8s)
✔ [3873/3888] Built Cloning.TensorPartitionHighest (5.6s)
✔ [3874/3888] Built Cloning.TensorRootBounds (6.8s)
✔ [3875/3888] Built Cloning.TensorCCRScalar (5.4s)
✔ [3877/3888] Built Cloning.TensorCyclicSector (5.3s)
✔ [3878/3888] Built Cloning.TensorCyclicPartition (4.7s)
✔ [3879/3888] Built Cloning.TensorCyclicError (4.7s)
✔ [3880/3888] Built Cloning.TensorCCR (7.2s)
✔ [3881/3890] Built Cloning.TensorPBWSpanning (4.9s)
⚠ [3882/3894] Built Cloning.TensorCCRBounds (5.8s)
warning: Cloning/TensorCCRBounds.lean:55:44: This simp argument is unused:
  ContinuousLinearMap.sub_apply

Hint: Omit it from the simp argument list.
  simp only [hbe, if_true, hca, if_false, ContinuousLinearMap.s̵u̵b̵_̵a̵p̵p̵l̵y̵,̵
  ̵ ̵ ̵ ̵ ̵ ̵ ̵C̵o̵n̵t̵i̵n̵u̵o̵u̵s̵L̵i̵n̵e̵a̵r̵M̵a̵p̵.̵zero_apply, sub_zero]

Note: This linter can be disabled with `set_option linter.unusedSimpArgs false`
warning: Cloning/TensorCCRBounds.lean:62:46: This simp argument is unused:
  ContinuousLinearMap.sub_apply

Hint: Omit it from the simp argument list.
  simp only [hbe, if_false, hca, if_true, C̵o̵n̵t̵i̵n̵u̵o̵u̵s̵L̵i̵n̵e̵a̵r̵M̵a̵p̵.̵s̵u̵b̵_̵a̵p̵p̵l̵y̵,̵ContinuousLinearMap.zero_apply, zero_sub, smul_neg,
  ̲  ̲ ̲ ̲ ̲ ̲norm_neg]

Note: This linter can be disabled with `set_option linter.unusedSimpArgs false`
✔ [3883/3900] Built Cloning.TensorCyclicSectorIrreducible (5.5s)
✔ [3885/3900] Built Cloning.TensorCyclicPBW (5.8s)
✔ [3887/3900] Built Cloning.TensorCyclicGramLimit (4.2s)
✔ [3888/3900] Built Cloning.TensorCyclicSectorOperators (8.7s)
✔ [3889/3900] Built Cloning.TensorCyclicIndependence (4.6s)
✔ [3890/3901] Built Cloning.TensorPBWNormalization (4.8s)
✔ [3891/3901] Built Cloning.TensorCyclicSectorTensorPower (8.5s)
✔ [3892/3905] Built Cloning.TensorCartanProduct (4.5s)
✔ [3893/3905] Built Cloning.TensorPBWCutoffBasis (4.8s)
✔ [3894/3915] Built Cloning.TensorCyclicSectorDiagonal (4.6s)
⚠ [3895/3915] Built Cloning.TensorCyclicSectorTransvection (7.2s)
warning: Cloning/TensorCyclicSectorTransvection.lean:44:64: This simp argument is unused:
  Matrix.one_apply

Hint: Omit it from the simp argument list.
  simp [M̵a̵t̵r̵i̵x̵.̵o̵n̵e̵_̵a̵p̵p̵l̵y̵,̵ ̵hwv]

Note: This linter can be disabled with `set_option linter.unusedSimpArgs false`
warning: Cloning/TensorCyclicSectorTransvection.lean:46:33: This simp argument is unused:
  hb

Hint: Omit it from the simp argument list.
  simp [Matrix.single, ha, h̵b̵,̵ ̵Ne.symm hb]

Note: This linter can be disabled with `set_option linter.unusedSimpArgs false`
warning: Cloning/TensorCyclicSectorTransvection.lean:47:27: This simp argument is unused:
  ha

Hint: Omit it from the simp argument list.
  simp [Matrix.single, h̵a̵,̵ ̵Ne.symm ha]

Note: This linter can be disabled with `set_option linter.unusedSimpArgs false`
warning: Cloning/TensorCyclicSectorTransvection.lean:65:20: This simp argument is unused:
  true_and

Hint: Omit it from the simp argument list.
  simp only [Matrix.transvection, Matrix.add_apply, Matrix.single, Matrix.of_apply, ha, hb,
            and_self, t̵r̵u̵e̵_̵a̵n̵d̵,̵ ̵false_and, and_false, ite_true, ite_false, add_zero]

Note: This linter can be disabled with `set_option linter.unusedSimpArgs false`
✔ [3896/3915] Built Cloning.TensorHighestGramAction (5.7s)
⚠ [3897/3915] Built Cloning.TensorCyclicSectorCovariance (6.9s)
warning: Cloning/TensorCyclicSectorCovariance.lean:55:13: unused variable `x`

Note: This linter can be disabled with `set_option linter.unusedVariables false`
✔ [3898/3915] Built Cloning.TensorHighestGram (7.3s)
✔ [3899/3915] Built Cloning.TensorHighestGramIsometry (6.1s)
✔ [3900/3915] Built Cloning.TensorHighestGramIntertwiner (5.9s)
✔ [3901/3918] Built Cloning.TensorCartanInclusion (6.1s)
⚠ [3902/3918] Built Cloning.TensorCartanIntertwiner (6.7s)
warning: Cloning/TensorCartanIntertwiner.lean:27:15: unused variable `y`

Note: This linter can be disabled with `set_option linter.unusedVariables false`
warning: Cloning/TensorCartanIntertwiner.lean:29:15: unused variable `y`

Note: This linter can be disabled with `set_option linter.unusedVariables false`
✔ [3903/3925] Built Cloning.TensorCartanWordSplit (4.5s)
⚠ [3904/3928] Built Cloning.TensorGibbsState (33s)
warning: Cloning/TensorGibbsState.lean:65:49: This simp argument is unused:
  Complex.conj_ofReal

Hint: Omit it from the simp argument list.
  simp only [S, Matrix.diagonal_conjTranspose, C̵o̵m̵p̵l̵e̵x̵.̵c̵o̵n̵j̵_̵o̵f̵R̵e̵a̵l̵,̵
  ̵ ̵ ̵ ̵ ̵ ̵ ̵Matrix.diagonal_mul_diagonal]

Note: This linter can be disabled with `set_option linter.unusedSimpArgs false`
warning: Cloning/TensorGibbsState.lean:69:10: This simp argument is unused:
  Complex.star_def

Hint: Omit it from the simp argument list.
  simp [C̵o̵m̵p̵l̵e̵x̵.̵s̵t̵a̵r̵_̵d̵e̵f̵,̵ ̵← Complex.ofReal_mul, Real.mul_self_sqrt (hp a)]

Note: This linter can be disabled with `set_option linter.unusedSimpArgs false`
✔ [3905/3930] Built Cloning.TensorGibbsWeights (4.3s)
⚠ [3906/3930] Built Cloning.TensorCartanSplitCoefficients (4.6s)
warning: Cloning/TensorCartanSplitCoefficients.lean:60:26: This simp argument is unused:
  Real.sqrt_div (hmu a)

Hint: Omit it from the simp argument list.
  simp only [loweringScale, mul_div_mul_comm, ih, wordAmplitude, List.map_cons, List.prod_cons,
        Complex.ofReal_mul, R̵e̵a̵l̵.̵s̵q̵rt̵_̵d̵i̵v̵ ̵(̵h̵m̵u̵ ̵a̵)̵,̵ ̵r̵ootGap]

Note: This linter can be disabled with `set_option linter.unusedSimpArgs false`
warning: Cloning/TensorCartanSplitCoefficients.lean:137:2: Used `tac1 <;> tac2` where `(tac1; tac2)` would suffice

Note: This linter can be disabled with `set_option linter.unnecessarySeqFocus false`
✔ [3907/3930] Built Cloning.TensorGibbsDecay (4.3s)
✔ [3908/3935] Built Cloning.TensorCartanMatrixLimit (4.6s)
✔ [3910/3935] Built Cloning.TensorWeightFrameOrthogonal (4.5s)
⚠ [3911/3935] Built Cloning.TensorLocalUnitaryTaylor (6.9s)
warning: Cloning/TensorLocalUnitaryTaylor.lean:30:18: This simp argument is unused:
  expOrbit

Hint: Omit it from the simp argument list.
  simp [̵e̵x̵p̵O̵r̵b̵i̵t̵,̵ ̵i̵t̵e̵r̵a̵t̵e̵d̵D̵e̵r̵i̵v̵_̵z̵e̵r̵o̵]̵[̲i̲t̲e̲r̲a̲t̲e̲d̲D̲e̲r̲i̲v̲_̲z̲e̲r̲o̲]̲

Note: This linter can be disabled with `set_option linter.unusedSimpArgs false`
⚠ [3912/3935] Built Cloning.TensorGibbsHeight (6.0s)
warning: Cloning/TensorGibbsHeight.lean:127:35: This simp argument is unused:
  lp.coeFn_add

Hint: Omit it from the simp argument list.
  simp [l̵p̵.̵c̵o̵e̵F̵n̵_̵a̵d̵d̵,̵ ̵ihx, ihy]

Note: This linter can be disabled with `set_option linter.unusedSimpArgs false`
⚠ [3913/3935] Built Cloning.TensorWeightFrameLimit (4.5s)
warning: Cloning/TensorWeightFrameLimit.lean:16:0: automatically included section variable(s) unused in theorem `Cloning.TensorLie.varying_norm_tendsto_of_close`:
  [(N : ℕ) → InnerProductSpace ℂ (H N)]
consider restructuring your `variable` declarations so that the variables are not in scope or explicitly omit them:
  omit [(N : ℕ) → InnerProductSpace ℂ (H N)] in theorem ...

Note: This linter can be disabled with `set_option linter.unusedSectionVars false`
warning: Cloning/TensorWeightFrameLimit.lean:52:0: automatically included section variable(s) unused in theorem `Cloning.TensorLie.varying_vector_norm_tendsto`:
  [LocallyFiniteOrderBot ι]
  [WellFoundedLT ι]
consider restructuring your `variable` declarations so that the variables are not in scope or explicitly omit them:
  omit [LocallyFiniteOrderBot ι] [WellFoundedLT ι] in theorem ...

Note: This linter can be disabled with `set_option linter.unusedSectionVars false`
⚠ [3914/3936] Built Cloning.TensorLocalUnitaryGenerator (9.4s)
warning: Cloning/TensorLocalUnitaryGenerator.lean:47:9: unused variable `y`

Note: This linter can be disabled with `set_option linter.unusedVariables false`
warning: Cloning/TensorLocalUnitaryGenerator.lean:49:11: unused variable `y`

Note: This linter can be disabled with `set_option linter.unusedVariables false`
warning: Cloning/TensorLocalUnitaryGenerator.lean:91:9: unused variable `y`

Note: This linter can be disabled with `set_option linter.unusedVariables false`
✔ [3915/3936] Built Cloning.TensorGibbsTrace (10s)
✔ [3916/3945] Built Cloning.TensorCartanCutoffFrame (9.1s)
⚠ [3917/3945] Built Cloning.TensorLocalUnitaryPhysical (15s)
warning: Cloning/TensorLocalUnitaryPhysical.lean:85:64: This simp argument is unused:
  Matrix.one_apply

Hint: Omit it from the simp argument list.
  simp [M̵a̵t̵r̵i̵x̵.̵o̵n̵e̵_̵a̵p̵p̵l̵y̵,̵ ̵hwv]

Note: This linter can be disabled with `set_option linter.unusedSimpArgs false`
warning: Cloning/TensorLocalUnitaryPhysical.lean:87:33: This simp argument is unused:
  hb

Hint: Omit it from the simp argument list.
  simp [Matrix.single, ha, h̵b̵,̵ ̵Ne.symm hb]

Note: This linter can be disabled with `set_option linter.unusedSimpArgs false`
warning: Cloning/TensorLocalUnitaryPhysical.lean:88:27: This simp argument is unused:
  ha

Hint: Omit it from the simp argument list.
  simp [Matrix.single, h̵a̵,̵ ̵Ne.symm ha]

Note: This linter can be disabled with `set_option linter.unusedSimpArgs false`
warning: Cloning/TensorLocalUnitaryPhysical.lean:124:52: This simp argument is unused:
  tensorOperator

Hint: Omit it from the simp argument list.
  simp only [collectiveMatrix, collectiveGenerator, t̵e̵n̵s̵o̵r̵O̵p̵e̵r̵a̵t̵o̵r̵,̵ ̵map_sum, map_smul,
  ̵  ̵ ̵ ̵registerMatrixCLM_apply,
  ̲  ̲ ̲ ̲slotGenerator, Finset.smul_sum]

Note: This linter can be disabled with `set_option linter.unusedSimpArgs false`
⚠ [3918/3945] Built Cloning.TensorLocalUnitaryTail (13s)
warning: Cloning/TensorLocalUnitaryTail.lean:30:2: Used `tac1 <;> tac2` where `(tac1; tac2)` would suffice

Note: This linter can be disabled with `set_option linter.unnecessarySeqFocus false`
warning: Cloning/TensorLocalUnitaryTail.lean:50:6: try 'simp' instead of 'simpa'

Note: This linter can be disabled with `set_option linter.unnecessarySimpa false`
✔ [3919/3945] Built Cloning.TensorGibbsTail (10s)
✔ [3920/3945] Built Cloning.TensorGibbsHeightBasis (7.2s)
✔ [3921/3945] Built Cloning.TensorCartanCutoffMatrixLimit (6.3s)
⚠ [3922/3945] Built Cloning.TensorLocalUnitaryCoordinates (8.0s)
warning: Cloning/TensorLocalUnitaryCoordinates.lean:106:44: This simp argument is unused:
  Complex.ofReal_inv

Hint: Omit it from the simp argument list.
  simp only [smul_sub, normalizedCreator, normalizedAnnihilator,
      RCLike.real_smul_eq_coe_smul (K := ℂ), smul_smul, scaledRootParameter,
  ̵  ̵ ̵ ̵Complex.ofReal_mul,
  ̲  ̲ ̲ ̲Complex.ofReal_div, C̵o̵m̵p̵l̵e̵x̵.̵o̵f̵R̵e̵a̵l̵_̵i̵n̵v̵,̵
  ̵ ̵ ̵ ̵ ̵star_mul, star_div₀, Complex.star_def, Complex.conj_ofReal]

Note: This linter can be disabled with `set_option linter.unusedSimpArgs false`
✔ [3923/3945] Built Cloning.TensorLANEmbeddingPhysical (19s)
✔ [3924/3945] Built Cloning.TensorGibbsHeightSpectrum (8.3s)
✔ [3925/3945] Built Cloning.TensorLocalUnitaryMatrixElements (7.2s)
✔ [3926/3945] Built Cloning.TensorGibbsBosonicPartition (5.3s)
✔ [3927/3945] Built Cloning.TensorLocalUnitaryFrameMatrix (6.6s)
✔ [3928/3945] Built Cloning.TensorLANEmbeddingAction (12s)
✔ [3929/3945] Built Cloning.TensorGibbsPartitionLimit (4.9s)
⚠ [3930/3945] Built Cloning.TensorLocalUnitaryCompression (5.3s)
warning: Cloning/TensorLocalUnitaryCompression.lean:22:0: automatically included section variable(s) unused in theorem `Cloning.TensorLocalUnitary.inner_map_eq_sum`:
  [DecidableEq I]
consider restructuring your `variable` declarations so that the variables are not in scope or explicitly omit them:
  omit [DecidableEq I] in theorem ...

Note: This linter can be disabled with `set_option linter.unusedSectionVars false`
⚠ [3931/3945] Built Cloning.TensorGibbsTruncation (6.0s)
warning: Cloning/TensorGibbsTruncation.lean:47:21: This simp argument is unused:
  Matrix.diagonal_apply

Hint: Omit it from the simp argument list.
  simp ̵[̵M̵a̵t̵r̵i̵x̵.̵d̵i̵a̵g̵o̵n̵a̵l̵_̵a̵p̵p̵l̵y̵]̵

Note: This linter can be disabled with `set_option linter.unusedSimpArgs false`
warning: Cloning/TensorGibbsTruncation.lean:48:12: This simp argument is unused:
  Matrix.diagonal_apply

Hint: Omit it from the simp argument list.
  simp [M̵a̵t̵r̵i̵x̵.̵d̵i̵a̵g̵o̵n̵a̵l̵_̵a̵p̵p̵l̵y̵,̵ ̵h, Ne.symm h]

Note: This linter can be disabled with `set_option linter.unusedSimpArgs false`
✔ [3932/3945] Built Cloning.TensorLANEmbeddingTotal (7.8s)
✔ [3933/3945] Built Cloning.TensorLocalUnitaryPolynomial (5.8s)
✔ [3934/3947] Built Cloning.TensorGibbsPureTransfer (5.0s)
⚠ [3935/3947] Built Cloning.TensorLocalUnitaryFockPolynomial (10s)
warning: Cloning/TensorLocalUnitaryFockPolynomial.lean:42:4: `innerSL_apply` has been deprecated: Use `innerSL_apply_apply` instead
✔ [3936/3952] Built Cloning.TensorHighestExtractionBasic (7.9s)
✔ [3937/3952] Built Cloning.TensorHighestExtraction (10s)
✔ [3938/3955] Built Cloning.TensorCyclicSectorWeightTrace (4.4s)
✔ [3939/3955] Built Cloning.TensorHighestGramCovariance (6.1s)
⚠ [3940/3955] Built Cloning.TensorGibbsCutoffState (58s)
warning: Cloning/TensorGibbsCutoffState.lean:64:69: This simp argument is unused:
  Complex.ofReal_div

Hint: Omit it from the simp argument list.
  simp only [sectorOccupationWeight, cutoffWord, Complex.ofReal_mul, C̵o̵m̵p̵l̵e̵x̵.̵o̵f̵R̵e̵a̵l̵_̵d̵i̵v̵,̵Complex.ofReal_inv, smul_smul,
  ̲  ̲ ̲ ̲div_eq_mul_inv]

Note: This linter can be disabled with `set_option linter.unusedSimpArgs false`
✔ [3941/3958] Built Cloning.TensorSchurDecompositionData (5.9s)
⚠ [3942/3958] Built Cloning.TensorCartanFrame (16s)
warning: Cloning/TensorCartanFrame.lean:17:26: This simp argument is unused:
  lp.coeFn_sum

Hint: Omit it from the simp argument list.
  simp [tensorJoin_apply, l̵p̵.̵c̵o̵e̵F̵n̵_̵s̵u̵m̵,̵ ̵Finset.sum_mul]

Note: This linter can be disabled with `set_option linter.unusedSimpArgs false`
warning: Cloning/TensorCartanFrame.lean:23:26: This simp argument is unused:
  lp.coeFn_sum

Hint: Omit it from the simp argument list.
  simp [tensorJoin_apply, l̵p̵.̵c̵o̵e̵F̵n̵_̵s̵u̵m̵,̵ ̵Finset.mul_sum]

Note: This linter can be disabled with `set_option linter.unusedSimpArgs false`
warning: Cloning/TensorCartanFrame.lean:34:8: automatically included section variable(s) unused in theorem `Cloning.TensorLie.productSectorFrame_coe`:
  [DecidableEq I]
  [DecidableEq J]
consider restructuring your `variable` declarations so that the variables are not in scope or explicitly omit them:
  omit [DecidableEq I] [DecidableEq J] in theorem ...

Note: This linter can be disabled with `set_option linter.unusedSectionVars false`
warning: Cloning/TensorCartanFrame.lean:49:0: automatically included section variable(s) unused in theorem `Cloning.TensorLie.tensorJoin_basis_expansion`:
  [DecidableEq I]
  [DecidableEq J]
consider restructuring your `variable` declarations so that the variables are not in scope or explicitly omit them:
  omit [DecidableEq I] [DecidableEq J] in theorem ...

Note: This linter can be disabled with `set_option linter.unusedSectionVars false`
✔ [3943/3958] Built Cloning.TensorGibbsThermalCutoff (7.3s)
✔ [3944/3958] Built Cloning.YoungGeneralConcentration (4.7s)
✔ [3945/3958] Built Cloning.TensorSchurDecomposition (6.7s)
⚠ [3946/3958] Built Cloning.TensorGibbsThermalIdentification (7.5s)
warning: Cloning/TensorGibbsThermalIdentification.lean:45:38: unused variable `i`

Note: This linter can be disabled with `set_option linter.unusedVariables false`
warning: Cloning/TensorGibbsThermalIdentification.lean:46:13: unused variable `i`

Note: This linter can be disabled with `set_option linter.unusedVariables false`
✔ [3947/3958] Built Cloning.TensorCartanCoordinates (19s)
⚠ [3948/3958] Built Cloning.YoungGeneralTableaux (4.8s)
warning: Cloning/YoungGeneralTableaux.lean:88:26: unused variable `i`

Note: This linter can be disabled with `set_option linter.unusedVariables false`
warning: Cloning/YoungGeneralTableaux.lean:130:36: This simp argument is unused:
  Fintype.card_fun

Hint: Omit it from the simp argument list.
  simp [ContentArray, F̵i̵n̵t̵y̵p̵e̵.̵c̵a̵r̵d̵_̵f̵u̵n̵,̵ ̵← pow_mul]

Note: This linter can be disabled with `set_option linter.unusedSimpArgs false`
⚠ [3949/3958] Built Cloning.TensorGibbsStateTransfer (17s)
warning: Cloning/TensorGibbsStateTransfer.lean:65:23: unused variable `hp`

Note: This linter can be disabled with `set_option linter.unusedVariables false`
✔ [3950/3961] Built Cloning.TensorGibbsDisplacedTransfer (5.1s)
⚠ [3951/3962] Built Cloning.TensorGibbsDisplacedState (19s)
warning: Cloning/TensorGibbsDisplacedState.lean:54:21: Used `tac1 <;> tac2` where `(tac1; tac2)` would suffice

Note: This linter can be disabled with `set_option linter.unnecessarySeqFocus false`
warning: Cloning/TensorGibbsDisplacedState.lean:81:21: Used `tac1 <;> tac2` where `(tac1; tac2)` would suffice

Note: This linter can be disabled with `set_option linter.unnecessarySeqFocus false`
✔ [3952/3962] Built Cloning.TensorSchurDecompositionIsometry (39s)
✔ [3953/3962] Built Cloning.TensorFundamentalBranchingSlices (9.2s)
✔ [3954/3965] Built Cloning.TensorSchurDecompositionTrace (18s)
⚠ [3955/3965] Built Cloning.TensorGibbsLocalUnitary (22s)
warning: Cloning/TensorGibbsLocalUnitary.lean:25:17: This simp argument is unused:
  Complex.star_def

Hint: Omit it from the simp argument list.
  simp [Matrix.conjTranspose_apply, orbitalGenerator, hij, not_lt_of_gt hij, star_div₀,
  ̲  ̲ ̲ ̲C̵o̵m̵p̵l̵e̵x̵.̵s̵t̵a̵r̵_̵d̵e̵f̵,̵ ̵Complex.conj_ofReal, neg_div]

Note: This linter can be disabled with `set_option linter.unusedSimpArgs false`
warning: Cloning/TensorGibbsLocalUnitary.lean:28:19: This simp argument is unused:
  Complex.star_def

Hint: Omit it from the simp argument list.
  simp [Matrix.conjTranspose_apply, orbitalGenerator, hij, hji, star_div₀, C̵o̵m̵p̵l̵e̵x̵.̵s̵t̵a̵r̵_̵d̵e̵f̵,̵ ̵Complex.conj_ofReal,
  ̲  ̲ ̲ ̲ ̲ ̲neg_div]

Note: This linter can be disabled with `set_option linter.unusedSimpArgs false`
✔ [3956/3965] Built Cloning.TensorFundamentalBranchingWedge (14s)
✔ [3957/3965] Built Cloning.TensorFundamentalBranchingLift (13s)
✔ [3958/3965] Built Cloning.YoungBranchingStandard (5.9s)
✔ [3959/3965] Built Cloning.TensorSchurDecompositionPMF (15s)
⚠ [3960/3968] Built Cloning.PhysicalCloningConverseChart (9.4s)
warning: Cloning/PhysicalCloningConverseChart.lean:100:23: This simp argument is unused:
  smul_neg

Hint: Omit it from the simp argument list.
  simp only [orbitalGenerator, Pi.smul_apply, star_smul, star_trivial,
  ̵  ̵ ̵ ̵Matrix.smul_apply,
  ̲ s̵m̵u̵l̵_̵n̵e̵g̵,̵  ̲ ̲smul_div_assoc, smul_ite, smul_zero]

Note: This linter can be disabled with `set_option linter.unusedSimpArgs false`
warning: Cloning/PhysicalCloningConverseChart.lean:100:49: This simp argument is unused:
  smul_ite

Hint: Omit it from the simp argument list.
  simp only [orbitalGenerator, Pi.smul_apply, star_smul, star_trivial,
  ̵  ̵ ̵ ̵Matrix.smul_apply, smul_neg,
  ̲  ̲ ̲ ̲smul_div_assoc, smul_i̵t̵e̵,̵ ̵s̵m̵u̵l̵_̵zero]

Note: This linter can be disabled with `set_option linter.unusedSimpArgs false`
warning: Cloning/PhysicalCloningConverseChart.lean:100:59: This simp argument is unused:
  smul_zero

Hint: Omit it from the simp argument list.
  simp only [orbitalGenerator, Pi.smul_apply, star_smul, star_trivial, Matrix.smul_apply, smul_neg,
  ̲  ̲ ̲ ̲smul_div_assoc, s̵m̵u̵l̵_̵i̵t̵e̵,̵ ̵s̵m̵u̵l̵_̵z̵e̵r̵o̵]̵s̲m̲u̲l̲_̲i̲t̲e̲]̲

Note: This linter can be disabled with `set_option linter.unusedSimpArgs false`
warning: Cloning/PhysicalCloningConverseChart.lean:101:21: Used `tac1 <;> tac2` where `(tac1; tac2)` would suffice

Note: This linter can be disabled with `set_option linter.unnecessarySeqFocus false`
✔ [3961/3973] Built Cloning.TensorFundamentalBranchingShape (5.4s)
✔ [3962/3973] Built Cloning.TensorFundamentalBranchingTransport (14s)
✔ [3963/3973] Built Cloning.TensorFundamentalBranchingHighest (11s)
✔ [3964/3976] Built Cloning.PhysicalCloningConverseSpectrum (10s)
✔ [3965/3976] Built Cloning.TensorFundamentalBranchingExistence (12s)
✔ [3966/3982] Built Cloning.TensorFundamentalBranchingMultiplicity (9.5s)
✔ [3967/3982] Built Cloning.TensorPBWDominance (6.9s)
✔ [3968/3982] Built Cloning.TensorSchurDecompositionFundamental (8.1s)
⚠ [3969/3982] Built Cloning.YoungGeneralLimit (4.9s)
warning: Cloning/YoungGeneralLimit.lean:85:21: Used `tac1 <;> tac2` where `(tac1; tac2)` would suffice

Note: This linter can be disabled with `set_option linter.unnecessarySeqFocus false`
warning: Cloning/YoungGeneralLimit.lean:85:58: Used `tac1 <;> tac2` where `(tac1; tac2)` would suffice

Note: This linter can be disabled with `set_option linter.unnecessarySeqFocus false`
✔ [3970/3983] Built Cloning.TensorPBWFiniteSector (6.1s)
✔ [3971/3985] Built Cloning.TensorSchurDecompositionHighest (6.7s)
✔ [3972/3985] Built Cloning.YoungGeneralPMF (5.4s)
✔ [3973/3988] Built Cloning.TensorSchurMultiplicityBranching (8.1s)
✔ [3974/3988] Built Cloning.PhysicalCloningConverseTransfer (9.1s)
✔ [3975/3991] Built Cloning.TensorSchurMultiplicityRefinement (7.8s)
✔ [3976/3991] Built Cloning.PhysicalCloningConversePreparation (10s)
✔ [3977/3991] Built Cloning.TensorSchurMultiplicityDecomposition (5.7s)
✔ [3978/3991] Built Cloning.TensorCartanScalarity (12s)
✔ [3979/3992] Built Cloning.TensorCartanLieBalance (5.5s)
✔ [3980/3992] Built Cloning.PhysicalCloningConverseQuantumReduction (11s)
✔ [3981/3992] Built Cloning.TensorSchurDecompositionMultiplicity (5.9s)
✔ [3982/3992] Built Cloning.TensorCartanChannel (16s)
⚠ [3983/4001] Built Cloning.TensorCartanTensorAction (19s)
warning: Cloning/TensorCartanTensorAction.lean:52:15: unused variable `z`

Note: This linter can be disabled with `set_option linter.unusedVariables false`
warning: Cloning/TensorCartanTensorAction.lean:53:17: unused variable `y`

Note: This linter can be disabled with `set_option linter.unusedVariables false`
warning: Cloning/TensorCartanTensorAction.lean:55:17: unused variable `y`

Note: This linter can be disabled with `set_option linter.unusedVariables false`
⚠ [3984/4002] Built Cloning.TensorCartanSplitMultiplicity (6.2s)
warning: Cloning/TensorCartanSplitMultiplicity.lean:48:10: This simp argument is unused:
  List.count_cons

Hint: Omit it from the simp argument list.
  simp [L̵i̵s̵t̵.̵c̵o̵u̵n̵t̵_̵c̵o̵n̵s̵,̵ ̵rootIncrement, Nat.add_comm]

Note: This linter can be disabled with `set_option linter.unusedSimpArgs false`
warning: Cloning/TensorCartanSplitMultiplicity.lean:49:10: This simp argument is unused:
  List.count_cons

Hint: Omit it from the simp argument list.
  simp [L̵i̵s̵t̵.̵c̵o̵u̵n̵t̵_̵c̵o̵n̵s̵,̵ ̵rootIncrement, he, Ne.symm he]

Note: This linter can be disabled with `set_option linter.unusedSimpArgs false`
warning: Cloning/TensorCartanSplitMultiplicity.lean:57:6: This simp argument is unused:
  rootCounts_cons

Hint: Omit it from the simp argument list.
  simp only [loweringSplits, List.map_append, List.map_map, Function.comp_def,
        rootC̵o̵u̵n̵t̵s̵_̵c̵o̵n̵s̵,̵ ̵r̵o̵o̵t̵OccupationSplits]

Note: This linter can be disabled with `set_option linter.unusedSimpArgs false`
warning: Cloning/TensorCartanSplitMultiplicity.lean:98:10: This simp argument is unused:
  List.count_cons

Hint: Omit it from the simp argument list.
  simp [L̵i̵s̵t̵.̵c̵o̵u̵n̵t̵_̵c̵o̵n̵s̵,̵ ̵hba, Ne.symm hba]

Note: This linter can be disabled with `set_option linter.unusedSimpArgs false`
warning: Cloning/TensorCartanSplitMultiplicity.lean:98:27: This simp argument is unused:
  hba

Hint: Omit it from the simp argument list.
  simp [List.count_cons, h̵b̵a̵,̵ ̵Ne.symm hba]

Note: This linter can be disabled with `set_option linter.unusedSimpArgs false`
warning: Cloning/TensorCartanSplitMultiplicity.lean:135:34: This simp argument is unused:
  hk

Hint: Omit it from the simp argument list.
  simp [rootOccupationSplits, h̵k̵,̵ ̵Ne.symm hk, hz]

Note: This linter can be disabled with `set_option linter.unusedSimpArgs false`
✔ [3985/4002] Built Cloning.TensorSchurDecompositionBounds (11s)
⚠ [3986/4002] Built Cloning.TensorCartanOccupationLimit (7.1s)
warning: Cloning/TensorCartanOccupationLimit.lean:40:19: This simp argument is unused:
  List.count_cons

Hint: Omit it from the simp argument list.
  simp [h, ih, L̵i̵s̵t̵.̵c̵o̵u̵n̵t̵_̵c̵o̵n̵s̵,̵ ̵add_mul, add_comm]

Note: This linter can be disabled with `set_option linter.unusedSimpArgs false`
warning: Cloning/TensorCartanOccupationLimit.lean:41:15: This simp argument is unused:
  Ne.symm h

Hint: Omit it from the simp argument list.
  simp [h, N̵e̵.̵s̵y̵m̵m̵ ̵h̵,̵ ̵ih, List.count_cons]

Note: This linter can be disabled with `set_option linter.unusedSimpArgs false`
warning: Cloning/TensorCartanOccupationLimit.lean:41:30: This simp argument is unused:
  List.count_cons

Hint: Omit it from the simp argument list.
  simp [h, Ne.symm h, ih,̵ ̵L̵i̵s̵t̵.̵c̵o̵u̵n̵t̵_̵c̵o̵n̵s̵]

Note: This linter can be disabled with `set_option linter.unusedSimpArgs false`
✔ [3987/4002] Built Cloning.TensorGibbsStateLimit (15s)
✔ [3988/4002] Built Cloning.TensorSchurDecompositionConcentration (9.6s)
✔ [3989/4002] Built Cloning.TensorCartanOccupationAmplitude (6.9s)
⚠ [3990/4002] Built Cloning.TensorLANEmbeddingTypical (6.3s)
warning: Cloning/TensorLANEmbeddingTypical.lean:56:28: unused variable `hn`

Note: This linter can be disabled with `set_option linter.unusedVariables false`
✔ [3991/4008] Built Cloning.TensorCartanCutoffAmplitude (5.0s)
✔ [3992/4008] Built Cloning.TensorLANEmbeddingLocalSpectrum (7.1s)
✔ [3993/4008] Built Cloning.WeylCharacterAlternantDominance (5.0s)
✔ [3994/4008] Built Cloning.TensorCartanStateCutoff (12s)
⚠ [3995/4008] Built Cloning.PhysicalCloningConverseAdmissible (10s)
warning: Cloning/PhysicalCloningConverseAdmissible.lean:88:13: This simp argument is unused:
  TensorCloning.orbitState

Hint: Omit it from the simp argument list.
  simp only [T̵e̵n̵s̵o̵r̵C̵l̵o̵n̵i̵n̵g̵.̵o̵r̵b̵i̵t̵S̵t̵a̵t̵e̵,̵ ̵conjugatedState, diagonalState]

Note: This linter can be disabled with `set_option linter.unusedSimpArgs false`
warning: Cloning/PhysicalCloningConverseAdmissible.lean:88:39: This simp argument is unused:
  conjugatedState

Hint: Omit it from the simp argument list.
  simp only [TensorCloning.orbitState, c̵o̵n̵j̵u̵g̵a̵t̵e̵d̵S̵t̵a̵t̵e̵,̵ ̵diagonalState]

Note: This linter can be disabled with `set_option linter.unusedSimpArgs false`
✔ [3996/4008] Built Cloning.WeylCharacterAlternantSubsets (5.7s)
⚠ [3997/4008] Built Cloning.PhysicalCloningConverseWindows (8.3s)
warning: Cloning/PhysicalCloningConverseWindows.lean:20:71: This simp argument is unused:
  mul_assoc

Hint: Omit it from the simp argument list.
  simp [parameterTranslation, whiten, Finset.mul_sum, mul_div_assoc, mul_a̵s̵s̵o̵c̵,̵ ̵m̵u̵l_̵l̵eft_comm]

Note: This linter can be disabled with `set_option linter.unusedSimpArgs false`
✔ [3998/4008] Built Cloning.WeylCharacterAlternantPolynomial (6.4s)
✔ [3999/4012] Built Cloning.PhysicalCloningConverseUnknown (7.2s)
✔ [4000/4013] Built Cloning.WeylCharacterAlternantDenominator (5.3s)
✔ [4001/4013] Built Cloning.PhysicalCloningConverseKnown (8.8s)
✔ [4002/4015] Built Cloning.TensorSchurDecompositionCasimir (9.1s)
⚠ [4003/4015] Built Cloning.WeylCharacterDimensionSpecialization (7.3s)
warning: Cloning/WeylCharacterDimensionSpecialization.lean:109:4: Try `simp at hh` instead of `simpa using hh`

Note: This linter can be disabled with `set_option linter.unnecessarySimpa false`
✔ [4004/4015] Built Cloning.TensorCartanStateOperator (61s)
✔ [4005/4017] Built Cloning.WeylCharacterDimension (6.1s)
✔ [4006/4017] Built Cloning.TensorSchurDecompositionCharacter (11s)
✔ [4007/4017] Built Cloning.TensorPBWHighestLine (6.9s)
✔ [4008/4017] Built Cloning.TensorSchurDecompositionCharacterDegree (5.8s)
✔ [4009/4017] Built Cloning.TensorSchurDecompositionRadialTrace (7.9s)
✔ [4010/4017] Built Cloning.TensorCartanStateProduct (26s)
✔ [4011/4017] Built Cloning.TensorSchurDecompositionCharacterHighest (10s)
✔ [4012/4021] Built Cloning.TensorSchurDecompositionRootSum (8.4s)
✔ [4013/4021] Built Cloning.TensorSchurDecompositionRadial (8.0s)
✔ [4015/4022] Built Cloning.TensorCartanStateCovariance (13s)
✔ [4017/4034] Built Cloning.TensorSchurDecompositionRadialEquation (7.6s)
✔ [4027/4034] Built Cloning.TensorSchurDecompositionCharacterSpectrum (6.6s)
✔ [4035/4044] Built Cloning.WeylCharacterAlternantUniqueness (5.1s)
✔ [4036/4046] Built Cloning.TensorSchurDecompositionCharacterLeading (6.2s)
✔ [4037/4046] Built Cloning.WeylCharacterAlternantProduct (6.3s)
✔ [4038/4046] Built Cloning.TensorSchurDecompositionCharacterSymmetry (6.0s)
⚠ [4039/4049] Built Cloning.TensorCartanStateOccupation (4.0s)
warning: Cloning/TensorCartanStateOccupation.lean:23:55: unused variable `a`

Note: This linter can be disabled with `set_option linter.unusedVariables false`
warning: Cloning/TensorCartanStateOccupation.lean:134:42: This simp argument is unused:
  map_prod

Hint: Omit it from the simp argument list.
  simp only [occupationSplitLeft,
  ̵  ̵ ̵ ̵ ̵ ̵Cloning.Occupation.cartanAmplitude, m̵a̵p̵_̵p̵r̵o̵d̵,̵ ̵Complex.conj_ofReal,
        Complex.ofReal_mul, Complex.ofReal_pow]

Note: This linter can be disabled with `set_option linter.unusedSimpArgs false`
✔ [4040/4049] Built Cloning.TensorSchurDecompositionWeylCharacter (5.3s)
✔ [4041/4049] Built Cloning.TensorCartanStateThermal (6.1s)
✔ [4042/4049] Built Cloning.WeylCharacterDimensionPhysical (4.8s)
⚠ [4043/4049] Built Cloning.TensorCartanStateThermalFidelity (5.8s)
warning: Cloning/TensorCartanStateThermalFidelity.lean:97:11: unused variable `a`

Note: This linter can be disabled with `set_option linter.unusedVariables false`
⚠ [4044/4049] Built Cloning.TensorFlatProjectorDimensionLimit (5.3s)
warning: Cloning/TensorFlatProjectorDimensionLimit.lean:38:2: Used `tac1 <;> tac2` where `(tac1; tac2)` would suffice

Note: This linter can be disabled with `set_option linter.unnecessarySeqFocus false`
warning: Cloning/TensorFlatProjectorDimensionLimit.lean:50:13: This simp argument is unused:
  mul_zero

Hint: Omit it from the simp argument list.
  simp only [m̵u̵l̵_̵z̵e̵r̵o̵,̵ ̵add_zero, div_one] at hlim

Note: This linter can be disabled with `set_option linter.unusedSimpArgs false`
warning: Cloning/TensorFlatProjectorDimensionLimit.lean:56:6: 'ring' tactic does nothing

Note: This linter can be disabled with `set_option linter.unusedTactic false`
warning: Cloning/TensorFlatProjectorDimensionLimit.lean:56:6: this tactic is never executed

Note: This linter can be disabled with `set_option linter.unreachableTactic false`
✔ [4045/4052] Built Cloning.TensorCartanChannelCovariance (69s)
✔ [4046/4052] Built Cloning.TensorCartanStateCoefficients (18s)
✔ [4047/4052] Built Cloning.TensorLANEmbeddingSchur (17s)
✔ [4048/4053] Built Cloning.TensorCloningGlobalCovarianceState (9.5s)
✔ [4049/4053] Built Cloning.TensorCartanStateLimit (7.7s)
✔ [4050/4053] Built Cloning.TensorCloningChannel (18s)
✔ [4051/4058] Built Cloning.TensorLANEmbeddingBlocks (28s)
✔ [4052/4059] Built Cloning.YoungHookDeterminant (4.7s)
⚠ [4053/4059] Built Cloning.YoungMultinomialLocalEntropy (4.9s)
warning: Cloning/YoungMultinomialLocalEntropy.lean:31:34: Used `tac1 <;> tac2` where `(tac1; tac2)` would suffice

Note: This linter can be disabled with `set_option linter.unnecessarySeqFocus false`
warning: Cloning/YoungMultinomialLocalEntropy.lean:31:46: Used `tac1 <;> tac2` where `(tac1; tac2)` would suffice

Note: This linter can be disabled with `set_option linter.unnecessarySeqFocus false`
✔ [4054/4059] Built Cloning.YoungHookCount (3.8s)
✔ [4055/4059] Built Cloning.YoungHookVandermonde (3.8s)
✔ [4056/4061] Built Cloning.YoungHookRatio (4.0s)
✔ [4057/4070] Built Cloning.TensorCartanStateFidelity (28s)
✔ [4062/4070] Built Cloning.YoungHookRatioLimit (4.2s)
✔ [4064/4070] Built Cloning.YoungMultinomialLocalStirling (5.6s)
✔ [4065/4070] Built Cloning.YoungRounding (7.2s)
✔ [4066/4070] Built Cloning.YoungMultinomialLocal (5.7s)
✔ [4067/4077] Built Cloning.YoungUniformLocalPhysicalMass (6.4s)
✔ [4068/4080] Built Cloning.YoungCompatibilityPMF (8.6s)
✔ [4069/4091] Built Cloning.YoungMultinomialLocalLimit (5.1s)
✔ [4070/4098] Built Cloning.YoungUniformLocalMultinomial (4.0s)
✔ [4071/4102] Built Cloning.YoungCompatibility (31s)
⚠ [4072/4102] Built Cloning.TensorLANEmbeddingSelector (6.8s)
warning: Cloning/TensorLANEmbeddingSelector.lean:28:0: automatically included section variable(s) unused in theorem `Cloning.TensorLAN.copyCellWeight_nonneg`:
  [MeasurableSpace Λ]
  [MeasurableSingletonClass Λ]
  [MeasurableSpace X]
consider restructuring your `variable` declarations so that the variables are not in scope or explicitly omit them:
  omit [MeasurableSpace Λ] [MeasurableSingletonClass Λ] [MeasurableSpace X] in theorem ...

Note: This linter can be disabled with `set_option linter.unusedSectionVars false`
warning: Cloning/TensorLANEmbeddingSelector.lean:33:0: automatically included section variable(s) unused in theorem `Cloning.TensorLAN.copyCellWeight_sum`:
  [MeasurableSpace Λ]
  [MeasurableSingletonClass Λ]
  [MeasurableSpace X]
consider restructuring your `variable` declarations so that the variables are not in scope or explicitly omit them:
  omit [MeasurableSpace Λ] [MeasurableSingletonClass Λ] [MeasurableSpace X] in theorem ...

Note: This linter can be disabled with `set_option linter.unusedSectionVars false`
warning: Cloning/TensorLANEmbeddingSelector.lean:57:0: automatically included section variable(s) unused in theorem `Cloning.TensorLAN.uniformLabelSelector_sum`:
  [MeasurableSpace Λ]
  [MeasurableSingletonClass Λ]
  [MeasurableSpace X]
consider restructuring your `variable` declarations so that the variables are not in scope or explicitly omit them:
  omit [MeasurableSpace Λ] [MeasurableSingletonClass Λ] [MeasurableSpace X] in theorem ...

Note: This linter can be disabled with `set_option linter.unusedSectionVars false`
warning: Cloning/TensorLANEmbeddingSelector.lean:101:0: automatically included section variable(s) unused in theorem `Cloning.TensorLAN.schurReverseFromLabels_copy_weight`:
  [MeasurableSpace X]
consider restructuring your `variable` declarations so that the variables are not in scope or explicitly omit them:
  omit [MeasurableSpace X] in theorem ...

Note: This linter can be disabled with `set_option linter.unusedSectionVars false`
✔ [4073/4102] Built Cloning.YoungCompatibilityFallback (4.8s)
✔ [4074/4105] Built Cloning.YoungUniformLocalCharacter (6.0s)
✔ [4075/4131] Built Cloning.TensorCloningAchievabilityValue (5.7s)
✔ [4091/4131] Built Cloning.YoungHyperplane (7.2s)
✔ [4094/4131] Built Cloning.YoungGeneralFallback (5.0s)
✔ [4095/4131] Built Cloning.YoungHyperplaneVolume (17s)
✔ [4098/4131] Built Cloning.YoungPhysicalRoundingFallback (27s)
✔ [4099/4139] Built Cloning.YoungHyperplaneSampling (17s)
⚠ [4100/4139] Built Cloning.TensorCloningKernel (14s)
warning: Cloning/TensorCloningKernel.lean:104:48: This simp argument is unused:
  eq_comm

Hint: Omit it from the simp argument list.
  simp [hj, hb,̵ ̵e̵q̵_̵c̵o̵m̵m̵]

Note: This linter can be disabled with `set_option linter.unusedSimpArgs false`
✔ [4101/4139] Built Cloning.YoungHyperplaneCovariance (10s)
✔ [4102/4141] Built Cloning.YoungUniformLocalCells (20s)
✔ [4103/4141] Built Cloning.YoungUniformLocalPhysicalLattice (23s)
✔ [4104/4141] Built Cloning.TensorCloningKernelLabels (7.4s)
⚠ [4105/4141] Built Cloning.YoungUniformLocalGaussian (10s)
warning: Cloning/YoungUniformLocalGaussian.lean:59:17: This simp argument is unused:
  Ne.symm hij

Hint: Omit it from the simp argument list.
  simp [hij,̵ ̵N̵e̵.̵s̵y̵m̵m̵ ̵h̵i̵j̵]

Note: This linter can be disabled with `set_option linter.unusedSimpArgs false`
✔ [4106/4141] Built Cloning.YoungUniformLocalLabels (8.7s)
✔ [4107/4141] Built Cloning.YoungUniformLocalScheffe (5.0s)
⚠ [4108/4148] Built Cloning.YoungUniformLocalDensity (7.1s)
warning: Cloning/YoungUniformLocalDensity.lean:44:7: unused variable `hp0`

Note: This linter can be disabled with `set_option linter.unusedVariables false`
✔ [4111/4148] Built Cloning.YoungUniformLocalSampleShape (7.4s)
✔ [4112/4148] Built Cloning.YoungDimensionRatio (26s)
✔ [4113/4148] Built Cloning.YoungUniformLocalPhysicalLimit (26s)
⚠ [4114/4148] Built Cloning.YoungGeneralMoments (16s)
warning: Cloning/YoungGeneralMoments.lean:223:23: Used `tac1 <;> tac2` where `(tac1; tac2)` would suffice

Note: This linter can be disabled with `set_option linter.unnecessarySeqFocus false`
✔ [4115/4149] Built Cloning.YoungUniformLocalPhysicalL1 (16s)
⚠ [4116/4158] Built Cloning.YoungPhysicalRoundingCoordinates (21s)
warning: Cloning/YoungPhysicalRoundingCoordinates.lean:76:56: This simp argument is unused:
  headAnchor

Hint: Omit it from the simp argument list.
  simp only [coordinateDensity, tensorYoungDensity, sampleInterpolate, euclideanInterpolate,
      interpolate, tensorYoungHeadPMF_apply, headDensity, h̵e̵a̵d̵A̵n̵c̵h̵o̵r̵,̵ ̵sampleAnchor,
  ̵  ̵ ̵ ̵LinearEquiv.symm_apply_apply,
  ̲  ̲ ̲ ̲Int.cast_natCast]

Note: This linter can be disabled with `set_option linter.unusedSimpArgs false`
✔ [4117/4159] Built Cloning.YoungUniformLocalQuantization (8.4s)
⚠ [4118/4159] Built Cloning.YoungPhysicalRoundingAnalysis (8.2s)
info: Cloning/YoungPhysicalRoundingAnalysis.lean:26:2: Try this:
  [apply] ring_nf
  
  The `ring` tactic failed to close the goal. Use `ring_nf` to obtain a normal form.
    
  Note that `ring` works primarily in *commutative* rings. If you have a noncommutative ring, abelian group or module, consider using `noncomm_ring`, `abel` or `module` instead.
warning: Cloning/YoungPhysicalRoundingAnalysis.lean:24:4: Used `tac1 <;> tac2` where `(tac1; tac2)` would suffice

Note: This linter can be disabled with `set_option linter.unnecessarySeqFocus false`
✔ [4119/4159] Built Cloning.TensorFlatProjectorLaw (41s)
✔ [4120/4159] Built Cloning.YoungPhysicalRoundingLabels (7.1s)
⚠ [4121/4161] Built Cloning.TensorFlatProjectorDimensions (7.4s)
warning: Cloning/TensorFlatProjectorDimensions.lean:81:4: This simp argument is unused:
  zero_tail_factor

Hint: Omit it from the simp argument list.
  simp only [hsame, hcross, hback, if_true, if_false, z̵e̵r̵o̵_̵t̵a̵i̵l̵_̵f̵a̵c̵t̵o̵r̵,̵ ̵Finset.prod_const_one, one_mul, mul_one]

Note: This linter can be disabled with `set_option linter.unusedSimpArgs false`
warning: Cloning/TensorFlatProjectorDimensions.lean:81:54: This simp argument is unused:
  mul_one

Hint: Omit it from the simp argument list.
  simp only [hsame, hcross, hback, if_true, if_false, zero_tail_factor, Finset.prod_const_one,
  ̲  ̲ ̲ ̲o̵n̵e̵_̵m̵u̵l̵,̵ ̵m̵u̵l̵_̵o̵n̵e̵]̵o̲n̲e̲_̲m̲u̲l̲]̲

Note: This linter can be disabled with `set_option linter.unusedSimpArgs false`
warning: Cloning/TensorFlatProjectorDimensions.lean:101:13: This simp argument is unused:
  Fin.val_castAdd

Hint: Omit it from the simp argument list.
  simp only [̵F̵i̵n̵.̵v̵a̵l̵_̵c̵a̵s̵t̵A̵d̵d̵,̵ ̵F̵i̵n̵.̵v̵a̵l̵_̵n̵a̵t̵A̵d̵d̵,̵[̲F̲i̲n̲.̲v̲a̲l̲_̲n̲a̲t̲A̲d̲d̲,̲ Nat.cast_add, Nat.cast_zero, sub_zero, crossingGap]

Note: This linter can be disabled with `set_option linter.unusedSimpArgs false`
warning: Cloning/TensorFlatProjectorDimensions.lean:101:60: This simp argument is unused:
  Nat.cast_zero

Hint: Omit it from the simp argument list.
  simp only [Fin.val_castAdd, Fin.val_natAdd, Nat.cast_add, N̵a̵t̵.̵c̵a̵s̵t̵_̵z̵e̵r̵o̵,̵ ̵sub_zero, crossingGap]

Note: This linter can be disabled with `set_option linter.unusedSimpArgs false`
✔ [4122/4161] Built Cloning.TensorLANEmbeddingClassicalCenter (8.5s)
✔ [4123/4161] Built Cloning.YoungPhysicalRoundingLimit (6.8s)
⚠ [4124/4161] Built Cloning.TensorFlatProjectorEmbedding (7.8s)
warning: Cloning/TensorFlatProjectorEmbedding.lean:16:8: automatically included section variable(s) unused in theorem `Cloning.TensorLie.registerEmbedding_basis`:
  [Fintype B]
  [DecidableEq B]
consider restructuring your `variable` declarations so that the variables are not in scope or explicitly omit them:
  omit [Fintype B] [DecidableEq B] in theorem ...

Note: This linter can be disabled with `set_option linter.unusedSectionVars false`
warning: Cloning/TensorFlatProjectorEmbedding.lean:31:4: This simp argument is unused:
  registerEmbedding_basis

Hint: Omit it from the simp argument list.
  simp only [map_smul, lp.coeFn_sum, Finset.sum_apply, lp.coeFn_smul, Pi.smul_apply,
      HilbertBasis.coe_toOrthonormalBasis, OrthonormalBasis.repr_apply_apply,
  ̵  ̵ ̵ ̵registerE̵m̵b̵e̵d̵d̵i̵n̵g̵_̵b̵a̵s̵i̵s̵,̵ ̵r̵e̵g̵i̵s̵t̵e̵r̵Basis_apply,
  ̲  ̲ ̲ ̲registerEmbedding_single, register_inner_single,
  ̵  ̵ ̵ ̵lp.single_apply, Pi.single_apply]

Note: This linter can be disabled with `set_option linter.unusedSimpArgs false`
warning: Cloning/TensorFlatProjectorEmbedding.lean:80:60: This simp argument is unused:
  hw'

Hint: Omit it from the simp argument list.
  simp [ha, registerBasis_apply, lp.single_apply, hw,̵ ̵h̵w̵'̵]

Note: This linter can be disabled with `set_option linter.unusedSimpArgs false`
⚠ [4125/4161] Built Cloning.TensorFlatProjectorCasimirTrace (7.7s)
warning: Cloning/TensorFlatProjectorCasimirTrace.lean:41:22: This simp argument is unused:
  one_mul

Hint: Omit it from the simp argument list.
  simp only [mul_one, o̵n̵e̵_̵m̵u̵l̵,̵ ̵tensorWeightTrace_one, pderiv_pow, pderiv_sum_X] at hh

Note: This linter can be disabled with `set_option linter.unusedSimpArgs false`
warning: Cloning/TensorFlatProjectorCasimirTrace.lean:65:4: This simp argument is unused:
  add_zero

Hint: Omit it from the simp argument list.
  simp only [pderiv_X, Pi.single_apply, if_true, Derivation.map_natCast, zero_mul, a̵d̵d̵_̵z̵e̵r̵o̵,̵ ̵one_mul, mul_one,
  ̲  ̲ ̲ ̲map_mul, map_add, map_pow, map_natCast, map_zero, eval_X, eval_flat_sum_X hd, one_pow]

Note: This linter can be disabled with `set_option linter.unusedSimpArgs false`
⚠ [4126/4162] Built Cloning.TensorFlatProjectorMoments (8.9s)
warning: Cloning/TensorFlatProjectorMoments.lean:67:23: Used `tac1 <;> tac2` where `(tac1; tac2)` would suffice

Note: This linter can be disabled with `set_option linter.unnecessarySeqFocus false`
warning: Cloning/TensorFlatProjectorMoments.lean:67:45: Used `tac1 <;> tac2` where `(tac1; tac2)` would suffice

Note: This linter can be disabled with `set_option linter.unnecessarySeqFocus false`
warning: Cloning/TensorFlatProjectorMoments.lean:67:62: Used `tac1 <;> tac2` where `(tac1; tac2)` would suffice

Note: This linter can be disabled with `set_option linter.unnecessarySeqFocus false`
⚠ [4127/4163] Built Cloning.TensorLANEmbeddingWhitening (11s)
warning: Cloning/TensorLANEmbeddingWhitening.lean:35:51: This simp argument is unused:
  mul_assoc

Hint: Omit it from the simp argument list.
  simp [whiten, Finset.mul_sum, mul_div_assoc, mul_a̵s̵s̵o̵c̵,̵ ̵m̵u̵l_̵l̵eft_comm]

Note: This linter can be disabled with `set_option linter.unusedSimpArgs false`
⚠ [4128/4163] Built Cloning.TensorFlatProjectorNaturality (6.0s)
warning: Cloning/TensorFlatProjectorNaturality.lean:37:30: This simp argument is unused:
  Fin.castAdd_inj

Hint: Omit it from the simp argument list.
  simp only [hv, if_true, F̵i̵n̵.̵c̵a̵s̵t̵A̵d̵d̵_̵i̵n̵j̵,̵ ̵coordinateTensorEmbedding_basis]

Note: This linter can be disabled with `set_option linter.unusedSimpArgs false`
⚠ [4129/4164] Built Cloning.YoungPhysicalRoundingGaussian (9.7s)
warning: Cloning/YoungPhysicalRoundingGaussian.lean:55:108: Used `tac1 <;> tac2` where `(tac1; tac2)` would suffice

Note: This linter can be disabled with `set_option linter.unnecessarySeqFocus false`
✔ [4130/4164] Built Cloning.TensorLANEmbeddingWhiteningGaussian (6.0s)
✔ [4131/4164] Built Cloning.TensorFlatProjectorCasimirMoment (8.5s)
✔ [4132/4166] Built Cloning.YoungPhysicalRoundingAffinity (6.1s)
✔ [4133/4166] Built Cloning.TensorFlatProjectorSupport (9.3s)
✔ [4134/4166] Built Cloning.TensorLANEmbeddingDiagonal (3.3s)
✔ [4135/4166] Built Cloning.TensorLANEmbeddingCellProtocol (7.7s)
✔ [4136/4166] Built Cloning.YoungPhysicalRounding (6.5s)
⚠ [4137/4166] Built Cloning.TensorFlatProjectorSector (8.7s)
warning: Cloning/TensorFlatProjectorSector.lean:56:13: unused variable `x`

Note: This linter can be disabled with `set_option linter.unusedVariables false`
warning: Cloning/TensorFlatProjectorSector.lean:56:15: unused variable `y`

Note: This linter can be disabled with `set_option linter.unusedVariables false`
warning: Cloning/TensorFlatProjectorSector.lean:57:14: unused variable `c`

Note: This linter can be disabled with `set_option linter.unusedVariables false`
warning: Cloning/TensorFlatProjectorSector.lean:57:16: unused variable `x`

Note: This linter can be disabled with `set_option linter.unusedVariables false`
✔ [4138/4168] Built Cloning.TensorGibbsCenteredLAN (9.4s)
✔ [4139/4168] Built Cloning.TensorLANEmbeddingSchurWeights (6.6s)
✔ [4140/4168] Built Cloning.TensorFlatProjectorRestriction (8.0s)
✔ [4141/4168] Built Cloning.TensorLocalUnitaryApproximation (13s)
✔ [4142/4168] Built Cloning.TensorLocalUnitaryReverse (7.6s)
✔ [4143/4168] Built Cloning.TensorCloningCopyAffinity (6.7s)
✔ [4144/4168] Built Cloning.TensorCloningAchievabilityProbability (8.3s)
✔ [4145/4168] Built Cloning.TensorFlatProjectorProduct (22s)
✔ [4146/4168] Built Cloning.TensorLANEmbeddingSchurState (30s)
⚠ [4147/4168] Built Cloning.TensorCloningAchievabilityCompatibility (5.8s)
info: Cloning/TensorCloningAchievabilityCompatibility.lean:26:42: Try this:
  [apply] ring_nf
  
  The `ring` tactic failed to close the goal. Use `ring_nf` to obtain a normal form.
    
  Note that `ring` works primarily in *commutative* rings. If you have a noncommutative ring, abelian group or module, consider using `noncomm_ring`, `abel` or `module` instead.
warning: Cloning/TensorCloningAchievabilityCompatibility.lean:26:38: Used `tac1 <;> tac2` where `(tac1; tac2)` would suffice

Note: This linter can be disabled with `set_option linter.unnecessarySeqFocus false`
✔ [4148/4168] Built Cloning.TensorFlatProjectorSectorSupport (20s)
✔ [4149/4168] Built Cloning.TensorCloningAchievabilityMixture (20s)
✔ [4150/4168] Built Cloning.TensorCloningUniversalMixture (14s)
⚠ [4151/4168] Built Cloning.TensorCloningAchievabilityTypical (4.4s)
warning: Cloning/TensorCloningAchievabilityTypical.lean:41:22: Used `tac1 <;> tac2` where `(tac1; tac2)` would suffice

Note: This linter can be disabled with `set_option linter.unnecessarySeqFocus false`
✔ [4152/4168] Built Cloning.TensorFlatProjectorState (45s)
✔ [4153/4168] Built Cloning.TensorCloningTransitionCovariance (16s)
⚠ [4154/4181] Built Cloning.TensorCloningUniversalProbability (5.1s)
warning: Cloning/TensorCloningUniversalProbability.lean:33:31: This simp argument is unused:
  hp

Hint: Omit it from the simp argument list.
  simp [universalKeep, ht, h̵p̵,̵ ̵universalJointWeight, hz]

Note: This linter can be disabled with `set_option linter.unusedSimpArgs false`
✔ [4155/4181] Built Cloning.TensorCloningAchievabilityUniform (5.1s)
✔ [4156/4182] Built Cloning.TensorFlatProjectorPadding (5.2s)
✔ [4157/4182] Built Cloning.TensorFlatProjectorMatrix (13s)
✔ [4158/4182] Built Cloning.TensorCloningSectorCovariance (11s)
✔ [4159/4182] Built Cloning.TensorCloningUniversalSupport (5.1s)
✔ [4161/4182] Built Cloning.TensorCloningUniversalError (5.2s)
⚠ [4162/4184] Built Cloning.TensorFlatProjectorRankLaw (5.2s)
warning: Cloning/TensorFlatProjectorRankLaw.lean:29:18: This simp argument is unused:
  Finset.sum_const_zero

Hint: Omit it from the simp argument list.
  simp only [hl, ht, Finset.sum_const, Finset.card_univ, Fintype.card_fin, nsmul_eq_mul, F̵i̵n̵s̵e̵t̵.̵s̵u̵m̵_̵c̵o̵n̵s̵t̵_̵z̵e̵r̵o̵,̵ ̵mul_zero,
  ̲  ̲ ̲ ̲add_zero]

Note: This linter can be disabled with `set_option linter.unusedSimpArgs false`
warning: Cloning/TensorFlatProjectorRankLaw.lean:80:9: `ENNReal.toReal_eq_toReal` has been deprecated: Use `ENNReal.toReal_eq_toReal_iff'` instead
warning: Cloning/TensorFlatProjectorRankLaw.lean:101:9: `ENNReal.toReal_eq_toReal` has been deprecated: Use `ENNReal.toReal_eq_toReal_iff'` instead
⚠ [4163/4184] Built Cloning.TensorFlatProjectorCompression (5.7s)
warning: Cloning/TensorFlatProjectorCompression.lean:33:0: automatically included section variable(s) unused in theorem `Cloning.TensorLie.cartan_support_compression`:
  [DecidableEq A]
consider restructuring your `variable` declarations so that the variables are not in scope or explicitly omit them:
  omit [DecidableEq A] in theorem ...

Note: This linter can be disabled with `set_option linter.unusedSectionVars false`
✔ [4164/4184] Built Cloning.TensorCloningAchievabilitySector (7.6s)
✔ [4165/4185] Built Cloning.TensorCloningUniversalFrequencies (4.0s)
✔ [4166/4185] Built Cloning.WeylNumberKernel (4.7s)
⚠ [4167/4185] Built Cloning.TensorFlatProjectorFidelity (5.3s)
warning: Cloning/TensorFlatProjectorFidelity.lean:109:6: 'ring' tactic does nothing

Note: This linter can be disabled with `set_option linter.unusedTactic false`
warning: Cloning/TensorFlatProjectorFidelity.lean:109:6: this tactic is never executed

Note: This linter can be disabled with `set_option linter.unreachableTactic false`
✔ [4168/4185] Built Cloning.TensorCloningAchievability (5.2s)
⚠ [4169/4187] Built Cloning.WeylNumberKernelDerivative (4.7s)
info: Cloning/WeylNumberKernelDerivative.lean:19:2: Try this:
  [apply] ring_nf
  
  The `ring` tactic failed to close the goal. Use `ring_nf` to obtain a normal form.
    
  Note that `ring` works primarily in *commutative* rings. If you have a noncommutative ring, abelian group or module, consider using `noncomm_ring`, `abel` or `module` instead.
warning: Cloning/WeylNumberKernelDerivative.lean:45:15: This simp argument is unused:
  rayNumberKernel

Hint: Omit it from the simp argument list.
  simp only [r̵a̵y̵N̵u̵m̵b̵e̵r̵K̵e̵r̵n̵e̵l̵,̵ ̵id_eq, Pi.sub_apply, Pi.add_apply, Pi.pow_apply]

Note: This linter can be disabled with `set_option linter.unusedSimpArgs false`
warning: Cloning/WeylNumberKernelDerivative.lean:44:74: Used `tac1 <;> tac2` where `(tac1; tac2)` would suffice

Note: This linter can be disabled with `set_option linter.unnecessarySeqFocus false`
warning: Cloning/WeylNumberKernelDerivative.lean:45:81: Used `tac1 <;> tac2` where `(tac1; tac2)` would suffice

Note: This linter can be disabled with `set_option linter.unnecessarySeqFocus false`
warning: Cloning/WeylNumberKernelDerivative.lean:61:15: This simp argument is unused:
  Nat.succ_eq_add_one

Hint: Omit it from the simp argument list.
  simp only [̵N̵a̵t̵.̵s̵u̵c̵c̵_̵e̵q̵_̵a̵d̵d̵_̵o̵n̵e̵,̵ ̵N̵a̵t̵.̵a̵d̵d̵_̵s̵u̵b̵_̵c̵a̵n̵c̵e̵l̵]̵[̲N̲a̲t̲.̲a̲d̲d̲_̲s̲u̲b̲_̲c̲a̲n̲c̲e̲l̲]̲

Note: This linter can be disabled with `set_option linter.unusedSimpArgs false`
✔ [4170/4188] Built Cloning.WeylNumberDerivative (5.4s)
✔ [4171/4190] Built Cloning.WeylNumberTaylor (5.9s)
⚠ [4172/4190] Built Cloning.TensorLANEmbeddingCopyTail (5.1s)
warning: Cloning/TensorLANEmbeddingCopyTail.lean:42:28: Used `tac1 <;> tac2` where `(tac1; tac2)` would suffice

Note: This linter can be disabled with `set_option linter.unnecessarySeqFocus false`
⚠ [4173/4190] Built Cloning.WeylNumberBounds (4.0s)
warning: Cloning/WeylNumberBounds.lean:72:36: This simp argument is unused:
  (numberBasis d).orthonormal.norm_eq_one

Hint: Omit it from the simp argument list.
  simp [numberPower_zero,̵ ̵(̵n̵u̵m̵b̵e̵r̵B̵a̵s̵i̵s̵ ̵d̵)̵.̵o̵r̵t̵h̵o̵n̵o̵r̵m̵a̵l̵.̵n̵o̵r̵m̵_̵e̵q̵_̵o̵n̵e̵]

Note: This linter can be disabled with `set_option linter.unusedSimpArgs false`
✔ [4174/4190] Built Cloning.TensorFlatProjectorTraceClass (29s)
⚠ [4175/4196] Built Cloning.TensorLANEmbeddingMixtureError (9.2s)
warning: Cloning/TensorLANEmbeddingMixtureError.lean:96:28: unused variable `hC`

Note: This linter can be disabled with `set_option linter.unusedVariables false`
✔ [4176/4196] Built Cloning.WeylNumberTaylorLimit (5.0s)
⚠ [4177/4196] Built Cloning.TensorLANEmbeddingClassicalLimit (5.5s)
warning: Cloning/TensorLANEmbeddingClassicalLimit.lean:23:34: This simp argument is unused:
  LinearEquiv.symm_apply_apply

Hint: Omit it from the simp argument list.
  simp only [spectralCenterShift, L̵i̵n̵e̵a̵r̵E̵q̵u̵i̵v̵.̵s̵y̵m̵m̵_̵a̵p̵p̵l̵y̵_̵a̵p̵p̵l̵y̵,̵ ̵coordinates_symm_apply, coordinates_head]

Note: This linter can be disabled with `set_option linter.unusedSimpArgs false`
⚠ [4178/4196] Built Cloning.TensorWeylMatrixEntries (5.6s)
warning: Cloning/TensorWeylMatrixEntries.lean:106:6: This simp argument is unused:
  List.count_cons

Hint: Omit it from the simp argument list.
  simp [wordFockOccupation, fockOccupation, Function.update_of_ne hi, L̵i̵s̵t̵.̵c̵o̵u̵n̵t̵_̵c̵o̵n̵s̵,̵ ̵ha, Ne.symm ha]

Note: This linter can be disabled with `set_option linter.unusedSimpArgs false`
warning: Cloning/TensorWeylMatrixEntries.lean:106:23: This simp argument is unused:
  ha

Hint: Omit it from the simp argument list.
  simp [wordFockOccupation, fockOccupation, Function.update_of_ne hi,
  ̵  ̵ ̵ ̵ ̵ ̵List.count_cons, h̵a̵,̵ ̵Ne.symm ha]

Note: This linter can be disabled with `set_option linter.unusedSimpArgs false`
warning: Cloning/TensorWeylMatrixEntries.lean:124:33: This simp argument is unused:
  fockOccupation

Hint: Omit it from the simp argument list.
  simp only [wordFockOccupation,̵ ̵f̵o̵c̵k̵O̵c̵c̵u̵p̵a̵t̵i̵o̵n̵] at hu hv

Note: This linter can be disabled with `set_option linter.unusedSimpArgs false`
warning: Cloning/TensorWeylMatrixEntries.lean:126:62: This simp argument is unused:
  Complex.star_def

Hint: Omit it from the simp argument list.
  simp [creationEntry, annihilationEntry, hu, hv, hpu, hpv,̵ ̵C̵o̵m̵p̵l̵e̵x̵.̵s̵t̵a̵r̵_̵d̵e̵f̵]

Note: This linter can be disabled with `set_option linter.unusedSimpArgs false`
⚠ [4179/4196] Built Cloning.TensorLANEmbeddingClassicalUniform (5.5s)
warning: Cloning/TensorLANEmbeddingClassicalUniform.lean:24:41: This simp argument is unused:
  one_div

Hint: Omit it from the simp argument list.
  simp [localSpectrum, sampleScale, v,̵ ̵o̵n̵e̵_̵d̵i̵v̵]

Note: This linter can be disabled with `set_option linter.unusedSimpArgs false`
✔ [4180/4196] Built Cloning.TensorLANEmbeddingCellWeights (5.9s)
✔ [4181/4196] Built Cloning.TensorWeylMatrixSupport (5.1s)
⚠ [4182/4203] Built Cloning.TensorLANEmbeddingSelectorRecovery (5.4s)
warning: Cloning/TensorLANEmbeddingSelectorRecovery.lean:17:0: automatically included section variable(s) unused in theorem `Cloning.TensorLAN.labelMultiplicity_own_pos`:
  [MeasurableSpace Λ]
  [MeasurableSingletonClass Λ]
consider restructuring your `variable` declarations so that the variables are not in scope or explicitly omit them:
  omit [MeasurableSpace Λ] [MeasurableSingletonClass Λ] in theorem ...

Note: This linter can be disabled with `set_option linter.unusedSectionVars false`
warning: Cloning/TensorLANEmbeddingSelectorRecovery.lean:20:21: This simp argument is unused:
  labelMultiplicity

Hint: Omit it from the simp argument list.
  simp ̵[̵l̵a̵b̵e̵l̵M̵u̵l̵t̵i̵p̵l̵i̵c̵i̵t̵y̵]̵

Note: This linter can be disabled with `set_option linter.unusedSimpArgs false`
warning: Cloning/TensorLANEmbeddingSelectorRecovery.lean:43:36: This simp argument is unused:
  one_div

Hint: Omit it from the simp argument list.
  simp only [YoungRounding.binMass, o̵n̵e̵_̵div,̵ ̵d̵i̵v̵_eq_mul_inv, mul_comm,
  ̵  ̵ ̵ ̵one_mul]

Note: This linter can be disabled with `set_option linter.unusedSimpArgs false`
✔ [4183/4204] Built Cloning.TensorWeylMatrixPowers (5.6s)
⚠ [4184/4204] Built Cloning.TensorLANEmbeddingFockReindex (5.5s)
warning: Cloning/TensorLANEmbeddingFockReindex.lean:53:10: This simp argument is unused:
  h

Hint: Omit it from the simp argument list.
  simp [h,̵ ̵h̵j]

Note: This linter can be disabled with `set_option linter.unusedSimpArgs false`
warning: Cloning/TensorLANEmbeddingFockReindex.lean:59:17: This simp argument is unused:
  Ne.symm h

Hint: Omit it from the simp argument list.
  simp [h, hj, Ne.symm h,̵ ̵N̵e̵.̵s̵y̵m̵m̵ ̵h̵j]

Note: This linter can be disabled with `set_option linter.unusedSimpArgs false`
warning: Cloning/TensorLANEmbeddingFockReindex.lean:59:28: This simp argument is unused:
  Ne.symm hj

Hint: Omit it from the simp argument list.
  simp [h, hj, Ne.symm h,̵ ̵N̵e̵.̵s̵y̵m̵m̵ ̵h̵j̵]

Note: This linter can be disabled with `set_option linter.unusedSimpArgs false`
✔ [4185/4204] Built Cloning.TensorLocalUnitaryWeyl (16s)
✔ [4186/4205] Built Cloning.TensorLANEmbeddingCellRecovery (24s)
⚠ [4187/4206] Built Cloning.TensorLANEmbeddingFockCoordinates (5.8s)
warning: Cloning/TensorLANEmbeddingFockCoordinates.lean:21:32: This simp argument is unused:
  Equiv.symm_symm

Hint: Omit it from the simp argument list.
  simp only [fockReindex_apply, Equiv.symm_s̵y̵m̵m̵,̵ ̵E̵q̵u̵i̵v̵.̵s̵y̵m̵m̵_̵apply_apply, Equiv.apply_symm_apply]

Note: This linter can be disabled with `set_option linter.unusedSimpArgs false`
warning: Cloning/TensorLANEmbeddingFockCoordinates.lean:21:49: This simp argument is unused:
  Equiv.symm_apply_apply

Hint: Omit it from the simp argument list.
  simp only [fockReindex_apply, Equiv.symm_symm, E̵q̵u̵i̵v̵.̵s̵y̵m̵m̵_̵a̵p̵p̵l̵y̵_̵a̵p̵p̵l̵y̵,̵ ̵Equiv.apply_symm_apply]

Note: This linter can be disabled with `set_option linter.unusedSimpArgs false`
✔ [4188/4206] Built Cloning.TensorLANEmbeddingCompression (7.3s)
✔ [4189/4207] Built Cloning.UniformCoherentChannels (4.7s)
✔ [4190/4207] Built Cloning.TensorLocalUnitaryPhysicalWeyl (6.9s)
⚠ [4191/4208] Built Cloning.WeylIdlerKernel (4.8s)
warning: Cloning/WeylIdlerKernel.lean:43:24: This simp argument is unused:
  star_inv

Hint: Omit it from the simp argument list.
  simp only [star_smul, star_i̵n̵v̵,̵ ̵s̵ta̵r_̵t̵r̵ivial, star_star, smul_smul,
  ̵  ̵ ̵ ̵mul_inv_cancel₀ hs, one_smul]

Note: This linter can be disabled with `set_option linter.unusedSimpArgs false`
✔ [4192/4208] Built Cloning.YoungBranchingContent (4.1s)
✔ [4193/4208] Built Cloning.TensorLocalUnitaryWeylUniform (19s)
✔ [4194/4208] Built Cloning.TensorGibbsPhysicalDisplacement (9.1s)
✔ [4195/4208] Built Cloning.YoungDimensionSecondOrder (4.6s)
✔ [4196/4211] Built Cloning.TensorLANEmbeddingCellError (47s)
✔ [4197/4211] Built Cloning.TensorLANEmbeddingFockStateCoordinates (6.4s)
✔ [4198/4211] Built Cloning.YoungFlatMass (4.6s)
✔ [4199/4214] Built Cloning.TensorGibbsPhysicalLAN (15s)
⚠ [4200/4214] Built Cloning.YoungFlatCorrection (8.1s)
warning: Cloning/YoungFlatCorrection.lean:48:8: 'ring' tactic does nothing

Note: This linter can be disabled with `set_option linter.unusedTactic false`
warning: Cloning/YoungFlatCorrection.lean:48:8: this tactic is never executed

Note: This linter can be disabled with `set_option linter.unreachableTactic false`
warning: Cloning/YoungFlatCorrection.lean:40:4: Used `tac1 <;> tac2` where `(tac1; tac2)` would suffice

Note: This linter can be disabled with `set_option linter.unnecessarySeqFocus false`
✔ [4201/4214] Built Cloning.TensorGibbsPhysicalLANUniform (11s)
✔ [4202/4214] Built Cloning.TensorLANEmbeddingFockProtocol (30s)
✔ [4203/4214] Built Cloning.YoungFlatCells (5.4s)
✔ [4204/4214] Built Cloning.TensorGibbsSchurBridge (5.5s)
✔ [4205/4214] Built Cloning.TensorLANEmbeddingSectorUniform (9.5s)
⚠ [4206/4214] Built Cloning.YoungFlatLocal (6.4s)
warning: Cloning/YoungFlatLocal.lean:54:15: This simp argument is unused:
  Metric.mem_ball

Hint: Omit it from the simp argument list.
  simp only [M̵e̵t̵r̵i̵c̵.̵m̵e̵m̵_̵b̵a̵l̵l̵,̵ ̵Real.dist_eq] at hk

Note: This linter can be disabled with `set_option linter.unusedSimpArgs false`
✔ [4207/4219] Built Cloning.TensorLANEmbeddingStateBounds (9.0s)
✔ [4208/4219] Built Cloning.YoungRSKInsertion (4.1s)
✔ [4209/4224] Built Cloning.YoungFlatUniform (7.7s)
✔ [4210/4224] Built Cloning.YoungRSKInterlacing (4.1s)
✔ [4211/4224] Built Cloning.TensorLANEmbeddingAverageUniform (5.9s)
✔ [4212/4225] Built Cloning.YoungRSKReverse (4.6s)
✔ [4213/4225] Built Cloning.YoungFlatIntegrability (6.4s)
✔ [4214/4225] Built Cloning.YoungNormalizationBranching (3.9s)
✔ [4215/4225] Built Cloning.YoungRSKTableau (4.5s)
✔ [4216/4227] Built Cloning.YoungRSKTableauReverse (3.8s)
✔ [4217/4228] Built Cloning.YoungRSKContent (3.6s)
✔ [4218/4228] Built Cloning.YoungTwoRowMoment (3.8s)
✔ [4219/4229] Built Cloning.TensorLANEmbeddingProtocolError (15s)
✔ [4220/4229] Built Cloning.YoungRSKShape (4.1s)
✔ [4221/4229] Built Cloning.YoungTwoRowAsymptotics (6.6s)
⚠ [4222/4231] Built Cloning.YoungUniformLocalGaussianTails (6.9s)
warning: Cloning/YoungUniformLocalGaussianTails.lean:26:4: Used `tac1 <;> tac2` where `(tac1; tac2)` would suffice

Note: This linter can be disabled with `set_option linter.unnecessarySeqFocus false`
✔ [4223/4231] Built Cloning.TensorLANEmbeddingWindow (7.5s)
✔ [4224/4231] Built Cloning.YoungRSKPieri (4.1s)
✔ [4225/4233] Built Cloning.YoungTwoRowConcentration (5.6s)
✔ [4226/4234] Built Cloning.CountMultinomialPMF (5.6s)
✔ [4227/4234] Built Cloning.YoungNormalization (4.0s)
✔ [4228/4234] Built Cloning.TensorLANEmbeddingCompactLAN (6.7s)
✔ [4229/4237] Built Cloning.CountMultinomialDensity (6.1s)
✔ [4230/4237] Built Cloning.YoungNormalizationLimits (4.4s)
⚠ [4231/4238] Built Cloning.InfiniteFidelityHilbertSum (5.3s)
warning: Cloning/InfiniteFidelityHilbertSum.lean:42:0: automatically included section variable(s) unused in theorem `Cloning.InfiniteFidelityHilbertSum.matrixLift_blockDiagonal`:
  [(i : I) → DecidableEq (J i)]
consider restructuring your `variable` declarations so that the variables are not in scope or explicitly omit them:
  omit [(i : I) → DecidableEq (J i)] in theorem ...

Note: This linter can be disabled with `set_option linter.unusedSectionVars false`
warning: Cloning/InfiniteFidelityHilbertSum.lean:60:0: automatically included section variable(s) unused in theorem `Cloning.InfiniteFidelityHilbertSum.orthonormal_sigma_embedding`:
  [CompleteSpace H]
  [Fintype I]
  [∀ (i : I), CompleteSpace (E i)]
consider restructuring your `variable` declarations so that the variables are not in scope or explicitly omit them:
  omit [CompleteSpace H] [Fintype I] [∀ (i : I), CompleteSpace (E i)] in theorem ...

Note: This linter can be disabled with `set_option linter.unusedSectionVars false`
warning: Cloning/InfiniteFidelityHilbertSum.lean:77:0: automatically included section variable(s) unused in theorem `Cloning.InfiniteFidelityHilbertSum.orthogonalSum_val`:
  [DecidableEq I]
consider restructuring your `variable` declarations so that the variables are not in scope or explicitly omit them:
  omit [DecidableEq I] in theorem ...

Note: This linter can be disabled with `set_option linter.unusedSectionVars false`
✔ [4232/4238] Built Cloning.CountMultinomialMeasurability (5.4s)
✔ [4233/4239] Built Cloning.InfiniteFidelityCornerMixture (5.2s)
⚠ [4234/4241] Built Cloning.CountMultinomialLocal (6.5s)
warning: Cloning/CountMultinomialLocal.lean:58:15: This simp argument is unused:
  Metric.mem_ball

Hint: Omit it from the simp argument list.
  simp only [M̵e̵t̵r̵i̵c̵.̵m̵e̵m̵_̵b̵a̵l̵l̵,̵ ̵Real.dist_eq] at hk

Note: This linter can be disabled with `set_option linter.unusedSimpArgs false`
⚠ [4235/4241] Built Cloning.InfiniteFidelityBlockFactorization (6.4s)
warning: Cloning/InfiniteFidelityBlockFactorization.lean:41:0: automatically included section variable(s) unused in theorem `Cloning.InfiniteFidelityHilbertSum.orthogonalSum_mono`:
  [DecidableEq I]
consider restructuring your `variable` declarations so that the variables are not in scope or explicitly omit them:
  omit [DecidableEq I] in theorem ...

Note: This linter can be disabled with `set_option linter.unusedSectionVars false`
✔ [4236/4241] Built Cloning.CountMultinomialLimit (6.3s)
⚠ [4237/4243] Built Cloning.InfiniteFidelityMixtureNormalization (4.0s)
warning: Cloning/InfiniteFidelityMixtureNormalization.lean:24:5: unused variable `h`

Note: This linter can be disabled with `set_option linter.unusedVariables false`
warning: Cloning/InfiniteFidelityMixtureNormalization.lean:62:13: This simp argument is unused:
  Complex.ofReal_div

Hint: Omit it from the simp argument list.
  simp only [̵C̵o̵m̵p̵l̵e̵x̵.̵o̵f̵R̵e̵a̵l̵_̵d̵i̵v̵,̵ ̵C̵o̵m̵p̵l̵e̵x̵.̵o̵f̵R̵e̵a̵l̵_̵i̵n̵v̵,̵[̲C̲o̲m̲p̲l̲e̲x̲.̲o̲f̲R̲e̲a̲l̲_̲i̲n̲v̲,̲ Complex.ofReal_mul, div_eq_mul_inv, mul_comm]

Note: This linter can be disabled with `set_option linter.unusedSimpArgs false`
✔ [4238/4243] Built Cloning.PCTPhysicalFidelityUnconditional (5.5s)
⚠ [4239/4243] Built Cloning.InfiniteFidelityMixtureRestriction (4.8s)
warning: Cloning/InfiniteFidelityMixtureRestriction.lean:17:0: automatically included section variable(s) unused in theorem `Cloning.Hybrid.PositiveTraceClass.maskedWeight_nonneg`:
  [Fintype I]
consider restructuring your `variable` declarations so that the variables are not in scope or explicitly omit them:
  omit [Fintype I] in theorem ...

Note: This linter can be disabled with `set_option linter.unusedSectionVars false`
✔ [4240/4252] Built Cloning.PCTCountParameters (9.3s)
✔ [4241/4253] Built Cloning.PCTRankAdaptedTensor (7.4s)
⚠ [4242/4254] Built Cloning.PCTRankPurificationCompletion (5.5s)
warning: Cloning/PCTRankPurificationCompletion.lean:53:0: automatically included section variable(s) unused in theorem `Cloning.PCTRankPurification.complementKraus_mul_eq_zero`:
  [Fintype B]
consider restructuring your `variable` declarations so that the variables are not in scope or explicitly omit them:
  omit [Fintype B] in theorem ...

Note: This linter can be disabled with `set_option linter.unusedSectionVars false`
✔ [4243/4254] Built Cloning.PhysicalCloningConverseUnconditional (5.0s)
✔ [4244/4255] Built Cloning.PCTRankAdaptedCompression (8.5s)
⚠ [4245/4255] Built Cloning.PCTRankPurificationMoment (5.3s)
warning: Cloning/PCTRankPurificationMoment.lean:22:0: automatically included section variable(s) unused in theorem `Cloning.PCTRankPurification.rectangularMoment_posSemidef`:
  [DecidableEq A]
  [DecidableEq B]
consider restructuring your `variable` declarations so that the variables are not in scope or explicitly omit them:
  omit [DecidableEq A] [DecidableEq B] in theorem ...

Note: This linter can be disabled with `set_option linter.unusedSectionVars false`
warning: Cloning/PCTRankPurificationMoment.lean:55:0: automatically included section variable(s) unused in theorem `Cloning.PCTRankPurification.continuous_rectangularMoment`:
  [Fintype B]
  [DecidableEq B]
  [Nonempty A]
consider restructuring your `variable` declarations so that the variables are not in scope or explicitly omit them:
  omit [Fintype B] [DecidableEq B] [Nonempty A] in theorem ...

Note: This linter can be disabled with `set_option linter.unusedSectionVars false`
✔ [4246/4255] Built Cloning.PhysicalCloningKnownTheorem (5.3s)
✔ [4247/4259] Built Cloning.PhysicalCloningPCTTheorem (5.5s)
✔ [4248/4260] Built Cloning.PCTRankAdaptedWerner (8.8s)
✔ [4249/4261] Built Cloning.TensorCloningUniversalClassical (5.4s)
✔ [4250/4261] Built Cloning.TensorCloningUniversalSector (5.8s)
⚠ [4251/4261] Built Cloning.PCTRankAdaptedFactor (4.7s)
warning: Cloning/PCTRankAdaptedFactor.lean:62:4: Used `tac1 <;> tac2` where `(tac1; tac2)` would suffice

Note: This linter can be disabled with `set_option linter.unnecessarySeqFocus false`
⚠ [4252/4262] Built Cloning.PCTRankAdaptedPartialTrace (11s)
warning: Cloning/PCTRankAdaptedPartialTrace.lean:32:17: This simp argument is unused:
  Matrix.one_mul

Hint: Omit it from the simp argument list.
  simp only [̵M̵a̵t̵r̵i̵x̵.̵o̵n̵e̵_̵m̵u̵l̵,̵ ̵M̵a̵t̵r̵i̵x̵.̵m̵u̵l̵_̵o̵n̵e̵]̵[̲M̲a̲t̲r̲i̲x̲.̲m̲u̲l̲_̲o̲n̲e̲]̲

Note: This linter can be disabled with `set_option linter.unusedSimpArgs false`
✔ [4253/4262] Built Cloning.TensorCloningUniversalAchievability (5.5s)
✔ [4254/4262] Built Cloning.PCTRankAdaptedReduced (8.7s)
✔ [4255/4262] Built Cloning.PhysicalCloningUniversalTheorem (5.6s)
✔ [4256/4266] Built Cloning.PCTRankAdaptedFidelity (5.6s)
✔ [4257/4268] Built Cloning.PhysicalFlatConverseCommutant (30s)
✔ [4259/4268] Built Cloning.PCTRankAdaptedStates (5.9s)
✔ [4260/4268] Built Cloning.PhysicalFlatConverseOrbit (5.5s)
✔ [4261/4268] Built Cloning.YoungFlatFidelityBounds (4.6s)
⚠ [4262/4268] Built Cloning.PhysicalFlatConverseHaar (8.9s)
warning: Cloning/PhysicalFlatConverseHaar.lean:88:0: automatically included section variable(s) unused in theorem `Cloning.PhysicalFlatConverse.continuous_partitionSandwich`:
  [Nonempty (Fin d)]
consider restructuring your `variable` declarations so that the variables are not in scope or explicitly omit them:
  omit [Nonempty (Fin d)] in theorem ...

Note: This linter can be disabled with `set_option linter.unusedSectionVars false`
warning: Cloning/PhysicalFlatConverseHaar.lean:121:15: This simp argument is unused:
  Submonoid.coe_mul

Hint: Omit it from the simp argument list.
  simp only [S̵u̵b̵m̵o̵n̵o̵i̵d̵.̵c̵o̵e̵_̵m̵u̵l̵,̵ ̵partitionActionMatrix_mul, Matrix.conjTranspose_mul]

Note: This linter can be disabled with `set_option linter.unusedSimpArgs false`
✔ [4263/4268] Built Cloning.PCTRankAdaptedProduct (6.7s)
✔ [4264/4273] Built Cloning.YoungFlatFidelity (6.2s)
✔ [4265/4273] Built Cloning.PhysicalFlatConverseJensen (5.7s)
⚠ [4266/4273] Built Cloning.PhysicalFlatConverseMoments (6.3s)
info: Cloning/PhysicalFlatConverseMoments.lean:39:8: Try this:
  [apply] ring_nf
  
  The `ring` tactic failed to close the goal. Use `ring_nf` to obtain a normal form.
    
  Note that `ring` works primarily in *commutative* rings. If you have a noncommutative ring, abelian group or module, consider using `noncomm_ring`, `abel` or `module` instead.
info: Cloning/PhysicalFlatConverseMoments.lean:48:8: Try this:
  [apply] ring_nf
  
  The `ring` tactic failed to close the goal. Use `ring_nf` to obtain a normal form.
    
  Note that `ring` works primarily in *commutative* rings. If you have a noncommutative ring, abelian group or module, consider using `noncomm_ring`, `abel` or `module` instead.
warning: Cloning/PhysicalFlatConverseMoments.lean:39:4: Used `tac1 <;> tac2` where `(tac1; tac2)` would suffice

Note: This linter can be disabled with `set_option linter.unnecessarySeqFocus false`
warning: Cloning/PhysicalFlatConverseMoments.lean:48:4: Used `tac1 <;> tac2` where `(tac1; tac2)` would suffice

Note: This linter can be disabled with `set_option linter.unnecessarySeqFocus false`
⚠ [4267/4277] Built Cloning.PhysicalFlatConverseOrbitAverage (6.3s)
warning: Cloning/PhysicalFlatConverseOrbitAverage.lean:14:0: automatically included section variable(s) unused in theorem `Cloning.PhysicalFlatConverse.partitionActionMatrix_inv`:
  [Nonempty (Fin d)]
consider restructuring your `variable` declarations so that the variables are not in scope or explicitly omit them:
  omit [Nonempty (Fin d)] in theorem ...

Note: This linter can be disabled with `set_option linter.unusedSectionVars false`
✔ [4268/4277] Built Cloning.PhysicalFlatPinching (36s)
✔ [4269/4281] Built Cloning.TensorCloningBlockFidelity (46s)
✔ [4270/4282] Built Cloning.TensorCloningGlobalCovarianceAlgebra (32s)
✔ [4271/4282] Built Cloning.TensorCloningGlobalCovarianceInstrument (7.2s)
⚠ [4272/4283] Built Cloning.PhysicalFlatPinchingInflation (61s)
warning: Cloning/PhysicalFlatPinchingInflation.lean:53:37: This simp argument is unused:
  Complex.ofReal_sum

Hint: Omit it from the simp argument list.
  simp only [inflatedTensor, map_sum, map_smul, conjugationLinearMap_isometry_trace,
      copyIdentity_trace, smul_eq_mul, Complex.ofReal_s̵u̵m,̵ ̵C̵o̵m̵p̵l̵e̵x̵.̵o̵f̵R̵e̵a̵l̵_̵m̵ul]

Note: This linter can be disabled with `set_option linter.unusedSimpArgs false`
warning: Cloning/PhysicalFlatPinchingInflation.lean:53:57: This simp argument is unused:
  Complex.ofReal_mul

Hint: Omit it from the simp argument list.
  simp only [inflatedTensor, map_sum, map_smul, conjugationLinearMap_isometry_trace,
      copyIdentity_trace, smul_eq_mul, Complex.ofReal_sum,̵ ̵C̵o̵m̵p̵l̵e̵x̵.̵o̵f̵R̵e̵a̵l̵_̵m̵u̵l̵]

Note: This linter can be disabled with `set_option linter.unusedSimpArgs false`
✔ [4273/4283] Built Cloning.TensorCloningRetainedCoefficients (22s)
✔ [4274/4284] Built Cloning.PhysicalFlatPinchingTrace (5.9s)
✔ [4275/4285] Built Cloning.TensorCloningGlobalCovarianceSector (41s)
✔ [4276/4285] Built Cloning.TensorCloningRetainedMixture (7.3s)
✔ [4277/4285] Built Cloning.PhysicalFlatPinchingMoments (4.5s)
✔ [4278/4285] Built Cloning.TensorCloningGlobalCovariance (7.0s)
✔ [4279/4285] Built Cloning.PhysicalFlatPinchingCovariance (32s)
✔ [4280/4285] Built Cloning.TensorCloningRetainedTypical (6.6s)
✔ [4281/4285] Built Cloning.PhysicalFlatPinchingOrbit (6.9s)
⚠ [4282/4288] Built Cloning.PhysicalFlatPinchingBlocks (13s)
warning: Cloning/PhysicalFlatPinchingBlocks.lean:75:32: This simp argument is unused:
  smul_eq_mul

Hint: Omit it from the simp argument list.
  simp only [Complex.real_smul, s̵m̵u̵l̵_̵e̵q̵_̵m̵u̵l̵,̵ ̵Complex.mul_re, Complex.ofReal_re,
  ̵  ̵ ̵ ̵Complex.ofReal_im, zero_mul,
  ̲  ̲ ̲ ̲sub_zero]

Note: This linter can be disabled with `set_option linter.unusedSimpArgs false`
warning: Cloning/PhysicalFlatPinchingBlocks.lean:95:6: 'ring' tactic does nothing

Note: This linter can be disabled with `set_option linter.unusedTactic false`
warning: Cloning/PhysicalFlatPinchingBlocks.lean:95:6: this tactic is never executed

Note: This linter can be disabled with `set_option linter.unreachableTactic false`
⚠ [4283/4288] Built Cloning.TensorCloningRetainedUniversal (5.7s)
warning: Cloning/TensorCloningRetainedUniversal.lean:53:4: Try `simp at hh` instead of `simpa using hh`

Note: This linter can be disabled with `set_option linter.unnecessarySimpa false`
✔ [4284/4291] Built Cloning.TensorFlatProjectorGibbs (19s)
✔ [4285/4292] Built Cloning.PhysicalFlatConverseReduction (75s)
⚠ [4286/4292] Built Cloning.TensorFlatProjectorMixture (57s)
warning: Cloning/TensorFlatProjectorMixture.lean:97:13: This simp argument is unused:
  Prod.fst

Hint: Omit it from the simp argument list.
  simp only [̵P̵r̵o̵d̵.̵f̵s̵t̵,̵P̵r̵o̵d̵.̵s̵n̵d̵]̵[̲P̲r̲o̲d̲.̲s̲n̲d̲]̲

Note: This linter can be disabled with `set_option linter.unusedSimpArgs false`
warning: Cloning/TensorFlatProjectorMixture.lean:97:22: This simp argument is unused:
  Prod.snd

Hint: Omit it from the simp argument list.
  simp only [Prod.fst,̵P̵r̵o̵d̵.̵s̵n̵d̵]

Note: This linter can be disabled with `set_option linter.unusedSimpArgs false`
✔ [4287/4292] Built Cloning.TensorFlatProjectorCouplingPadding (4.1s)
⚠ [4288/4296] Built Cloning.TensorFlatProjectorCopyCoupling (4.2s)
warning: Cloning/TensorFlatProjectorCopyCoupling.lean:36:0: automatically included section variable(s) unused in theorem `Cloning.TensorCloning.labelMultiplicity_pos_at`:
  [Fintype A]
consider restructuring your `variable` declarations so that the variables are not in scope or explicitly omit them:
  omit [Fintype A] in theorem ...

Note: This linter can be disabled with `set_option linter.unusedSectionVars false`
warning: Cloning/TensorFlatProjectorCopyCoupling.lean:38:21: This simp argument is unused:
  labelMultiplicity

Hint: Omit it from the simp argument list.
  simp ̵[̵l̵a̵b̵e̵l̵M̵u̵l̵t̵i̵p̵l̵i̵c̵i̵t̵y̵]̵

Note: This linter can be disabled with `set_option linter.unusedSimpArgs false`
✔ [4289/4296] Built Cloning.YoungFlatCouplingFinite (3.0s)
✔ [4290/4296] Built Cloning.YoungFlatSmoothing (4.9s)
⚠ [4291/4298] Built Cloning.YoungFlatCouplingDensity (3.7s)
warning: Cloning/YoungFlatCouplingDensity.lean:21:0: automatically included section variable(s) unused in theorem `Cloning.YoungFlatCoupling.integrable_bin`:
  [Fintype I]
consider restructuring your `variable` declarations so that the variables are not in scope or explicitly omit them:
  omit [Fintype I] in theorem ...

Note: This linter can be disabled with `set_option linter.unusedSectionVars false`
warning: Cloning/YoungFlatCouplingDensity.lean:26:0: automatically included section variable(s) unused in theorem `Cloning.YoungFlatCoupling.densityBin_nonneg`:
  [Fintype I]
consider restructuring your `variable` declarations so that the variables are not in scope or explicitly omit them:
  omit [Fintype I] in theorem ...

Note: This linter can be disabled with `set_option linter.unusedSectionVars false`
warning: Cloning/YoungFlatCouplingDensity.lean:43:0: automatically included section variable(s) unused in theorem `Cloning.YoungFlatCoupling.densityCommon_row`:
  [Fintype I]
consider restructuring your `variable` declarations so that the variables are not in scope or explicitly omit them:
  omit [Fintype I] in theorem ...

Note: This linter can be disabled with `set_option linter.unusedSectionVars false`
warning: Cloning/YoungFlatCouplingDensity.lean:70:0: automatically included section variable(s) unused in theorem `Cloning.YoungFlatCoupling.densityCommon_nonneg`:
  [Fintype I]
  [Fintype J]
consider restructuring your `variable` declarations so that the variables are not in scope or explicitly omit them:
  omit [Fintype I] [Fintype J] in theorem ...

Note: This linter can be disabled with `set_option linter.unusedSectionVars false`
✔ [4292/4298] Built Cloning.YoungFlatCouplingQuantizer (4.7s)
✔ [4293/4298] Built Cloning.TensorFlatProjectorGibbsState (30s)
✔ [4294/4301] Built Cloning.YoungFlatCouplingEvents (6.5s)
✔ [4295/4302] Built Cloning.YoungFlatCouplingConvergence (3.7s)
⚠ [4296/4308] Built Cloning.YoungFlatMoment (4.6s)
warning: Cloning/YoungFlatMoment.lean:36:45: unused variable `hN`

Note: This linter can be disabled with `set_option linter.unusedVariables false`
✔ [4297/4308] Built Cloning.YoungFlatSupport (4.0s)
⚠ [4298/4309] Built Cloning.YoungFlatTightness (5.5s)
warning: Cloning/YoungFlatTightness.lean:78:10: `MeasureTheory.measureReal_univ_eq_one` has been deprecated: Use `MeasureTheory.probReal_univ` instead
⚠ [4299/4309] Built Cloning.YoungFlatCompatibility (4.5s)
warning: Cloning/YoungFlatCompatibility.lean:82:6: 'ring' tactic does nothing

Note: This linter can be disabled with `set_option linter.unusedTactic false`
warning: Cloning/YoungFlatCompatibility.lean:82:6: this tactic is never executed

Note: This linter can be disabled with `set_option linter.unreachableTactic false`
warning: Cloning/YoungFlatCompatibility.lean:104:8: 'ring' tactic does nothing

Note: This linter can be disabled with `set_option linter.unusedTactic false`
warning: Cloning/YoungFlatCompatibility.lean:104:8: this tactic is never executed

Note: This linter can be disabled with `set_option linter.unreachableTactic false`
✔ [4300/4310] Built Cloning.YoungFlatLimit (5.4s)
⚠ [4301/4310] Built Cloning.CountMultinomialMixture (4.2s)
warning: Cloning/CountMultinomialMixture.lean:28:33: `MeasureTheory.measureReal_univ_eq_one` has been deprecated: Use `MeasureTheory.probReal_univ` instead
✔ [4302/4310] Built Cloning.YoungFlatCouplingPhysical (4.5s)
⚠ [4303/4310] Built Cloning.CovariantAmplifierComposite (4.2s)
warning: Cloning/CovariantAmplifierComposite.lean:22:34: unused variable `hγ`

Note: This linter can be disabled with `set_option linter.unusedVariables false`
warning: Cloning/CovariantAmplifierComposite.lean:22:45: unused variable `hq1`

Note: This linter can be disabled with `set_option linter.unusedVariables false`
✔ [4304/4313] Built Cloning.YoungFlatCouplingLimit (5.1s)
✔ [4305/4313] Built Cloning.YoungFlatCouplingRank (4.0s)
⚠ [4306/4315] Built Cloning.PCTCountMixture (5.4s)
warning: Cloning/PCTCountMixture.lean:56:23: unused variable `z`

Note: This linter can be disabled with `set_option linter.unusedVariables false`
✔ [4307/4316] Built Cloning.PCTCountGaussian (4.3s)
⚠ [4308/4316] Built Cloning.PCTCountMeasurementWeights (4.1s)
warning: Cloning/PCTCountMeasurementWeights.lean:20:8: automatically included section variable(s) unused in theorem `Cloning.PCTCountMeasurement.weightCLM_apply`:
  [Fintype J]
consider restructuring your `variable` declarations so that the variables are not in scope or explicitly omit them:
  omit [Fintype J] in theorem ...

Note: This linter can be disabled with `set_option linter.unusedSectionVars false`
warning: Cloning/PCTCountMeasurementWeights.lean:84:0: automatically included section variable(s) unused in theorem `Cloning.PCTCountMeasurement.weightCLM_integral`:
  [Fintype J]
consider restructuring your `variable` declarations so that the variables are not in scope or explicitly omit them:
  omit [Fintype J] in theorem ...

Note: This linter can be disabled with `set_option linter.unusedSectionVars false`
⚠ [4309/4317] Built Cloning.PCTCountAffinity (5.1s)
warning: Cloning/PCTCountAffinity.lean:45:4: try 'simp' instead of 'simpa'

Note: This linter can be disabled with `set_option linter.unnecessarySimpa false`
✔ [4310/4317] Built Cloning.TensorFlatProjectorStateFidelity (77s)
⚠ [4311/4320] Built Cloning.PCTCountMeasurementChannel (4.8s)
warning: Cloning/PCTCountMeasurementChannel.lean:18:0: automatically included section variable(s) unused in theorem `Cloning.PCTCountMeasurement.measurementKraus_gram`:
  [Fintype I]
consider restructuring your `variable` declarations so that the variables are not in scope or explicitly omit them:
  omit [Fintype I] in theorem ...

Note: This linter can be disabled with `set_option linter.unusedSectionVars false`
warning: Cloning/PCTCountMeasurementChannel.lean:39:0: automatically included section variable(s) unused in theorem `Cloning.PCTCountMeasurement.measurementKraus_sandwich`:
  [Fintype J]
consider restructuring your `variable` declarations so that the variables are not in scope or explicitly omit them:
  omit [Fintype J] in theorem ...

Note: This linter can be disabled with `set_option linter.unusedSectionVars false`
✔ [4312/4321] Built Cloning.PCTCountMeasurementFidelity (5.1s)
✔ [4313/4321] Built Cloning.PCTCountMeasurementTensor (4.6s)
✔ [4314/4324] Built Cloning.TensorFlatProjectorTransitionCovariance (12s)
✔ [4315/4324] Built Cloning.PCTCountMeasurementImage (4.9s)
✔ [4316/4324] Built Cloning.TensorFlatProjectorChannel (5.7s)
✔ [4317/4324] Built Cloning.PCTRankAdaptedLimit (4.6s)
✔ [4318/4324] Built Cloning.TensorFlatProjectorAchievability (4.4s)
✔ [4319/4324] Built Cloning.PCTRankAdaptedUpper (3.7s)
✔ [4320/4329] Built Cloning.PCTRankAdaptedFlat (4.0s)
✔ [4321/4331] Built Cloning.PCTCountMeasurementSmoothing (18s)
✔ [4322/4331] Built Cloning.PCTRankGlobalChannels (4.7s)
⚠ [4323/4331] Built Cloning.PCTRankPurificationNormalization (4.8s)
warning: Cloning/PCTRankPurificationNormalization.lean:34:19: This simp argument is unused:
  Matrix.diagonal_apply

Hint: Omit it from the simp argument list.
  simp ̵[̵M̵a̵t̵r̵i̵x̵.̵d̵i̵a̵g̵o̵n̵a̵l̵_̵a̵p̵p̵l̵y̵]̵

Note: This linter can be disabled with `set_option linter.unusedSimpArgs false`
warning: Cloning/PCTRankPurificationNormalization.lean:35:10: This simp argument is unused:
  Matrix.diagonal_apply

Hint: Omit it from the simp argument list.
  simp [̵M̵a̵t̵r̵i̵x̵.̵d̵i̵a̵g̵o̵n̵a̵l̵_̵a̵p̵p̵l̵y̵,̵h̵a̵b̵,̵N̵e̵.̵s̵y̵m̵m̵[̲h̲a̲b̲,̲ ̲N̲e̲.̲s̲y̲m̲m̲ hab]

Note: This linter can be disabled with `set_option linter.unusedSimpArgs false`
warning: Cloning/PCTRankPurificationNormalization.lean:45:19: This simp argument is unused:
  Matrix.diagonal_apply

Hint: Omit it from the simp argument list.
  simp ̵[̵M̵a̵t̵r̵i̵x̵.̵d̵i̵a̵g̵o̵n̵a̵l̵_̵a̵p̵p̵l̵y̵]̵

Note: This linter can be disabled with `set_option linter.unusedSimpArgs false`
warning: Cloning/PCTRankPurificationNormalization.lean:46:10: This simp argument is unused:
  Matrix.diagonal_apply

Hint: Omit it from the simp argument list.
  simp [̵M̵a̵t̵r̵i̵x̵.̵d̵i̵a̵g̵o̵n̵a̵l̵_̵a̵p̵p̵l̵y̵,̵h̵a̵b̵,̵N̵e̵.̵s̵y̵m̵m̵[̲h̲a̲b̲,̲ ̲N̲e̲.̲s̲y̲m̲m̲ hab]

Note: This linter can be disabled with `set_option linter.unusedSimpArgs false`
✔ [4324/4333] Built Cloning.PCTCountMeasurementMixture (5.0s)
✔ [4325/4333] Built Cloning.PCTCountPhysical (6.0s)
✔ [4326/4335] Built Cloning.PCTRankGlobalMatrixBridge (8.1s)
✔ [4327/4335] Built Cloning.PCTRankPurificationFunctional (4.4s)
✔ [4328/4335] Built Cloning.PCTRankGlobalWerner (10s)
✔ [4329/4335] Built Cloning.PCTRankGlobalRecovery (13s)
✔ [4330/4338] Built Cloning.PCTRankPurificationSectors (8.1s)
⚠ [4331/4338] Built Cloning.PCTRankPurificationBlockAlgebra (4.7s)
warning: Cloning/PCTRankPurificationBlockAlgebra.lean:39:0: automatically included section variable(s) unused in theorem `Cloning.PCTRankPurification.sum_weighted_projectors_mul`:
  [DecidableEq A]
  [DecidableEq I]
consider restructuring your `variable` declarations so that the variables are not in scope or explicitly omit them:
  omit [DecidableEq A] [DecidableEq I] in theorem ...

Note: This linter can be disabled with `set_option linter.unusedSectionVars false`
warning: Cloning/PCTRankPurificationBlockAlgebra.lean:52:0: automatically included section variable(s) unused in theorem `Cloning.PCTRankPurification.conjugated_identity_resolution`:
  [Fintype A]
  [DecidableEq A]
  [DecidableEq I]
consider restructuring your `variable` declarations so that the variables are not in scope or explicitly omit them:
  omit [Fintype A] [DecidableEq A] [DecidableEq I] in theorem ...

Note: This linter can be disabled with `set_option linter.unusedSectionVars false`
✔ [4332/4338] Built Cloning.PCTRankGlobalPhysical (8.2s)
✔ [4333/4338] Built Cloning.PCTRankPurificationMatrices (11s)
✔ [4334/4342] Built Cloning.PCTRankGlobalChannel (4.8s)
✔ [4335/4342] Built Cloning.PhysicalFlatGrassmannSpectral (3.9s)
✔ [4336/4344] Built Cloning.PhysicalFlatConverseFinite (19s)
✔ [4337/4345] Built Cloning.PhysicalFlatGrassmannOrbit (4.6s)
✔ [4338/4345] Built Cloning.PhysicalFlatConverseLimit (5.0s)
✔ [4339/4346] Built Cloning.TensorCloningUniformCovariance (6.9s)
✔ [4340/4346] Built Cloning.PhysicalFlatGrassmannEmbedding (5.4s)
✔ [4341/4348] Built Cloning.PhysicalFlatCloningTheorem (4.8s)
✔ [4342/4348] Built Cloning.PhysicalFlatGrassmannTheorem (4.4s)
✔ [4343/4352] Built Cloning.PhysicalFlatGrassmannUniform (5.3s)
✔ [4344/4353] Built Cloning.TensorCloningBlockTrimming (29s)
✔ [4345/4353] Built Cloning.WeylGNSRegular (4.2s)
✔ [4346/4354] Built Cloning.TensorCloningUniformBlocks (5.2s)
✔ [4347/4354] Built Cloning.WeylGaussianSandwich (4.1s)
✔ [4348/4354] Built Cloning.TensorCloningUniformUniversal (5.1s)
✔ [4349/4354] Built Cloning.TensorCloningUniformKnown (4.7s)
⚠ [4350/4356] Built Cloning.TensorSchurHaarIntertwiner (38s)
warning: Cloning/TensorSchurHaarIntertwiner.lean:36:35: Try `simp at hΩ` instead of `simpa using hΩ`

Note: This linter can be disabled with `set_option linter.unnecessarySimpa false`
warning: Cloning/TensorSchurHaarIntertwiner.lean:21:18: unused variable `hΨ`

Note: This linter can be disabled with `set_option linter.unusedVariables false`
✔ [4351/4356] Built Cloning.PCTRankGlobalEmbedding (6.8s)
⚠ [4352/4358] Built Cloning.TensorSchurHaarOrthogonality (16s)
warning: Cloning/TensorSchurHaarOrthogonality.lean:69:0: automatically included section variable(s) unused in theorem `Cloning.TensorLie.continuous_mixedSandwich`:
  [Nonempty (Fin d)]
consider restructuring your `variable` declarations so that the variables are not in scope or explicitly omit them:
  omit [Nonempty (Fin d)] in theorem ...

Note: This linter can be disabled with `set_option linter.unusedSectionVars false`
warning: Cloning/TensorSchurHaarOrthogonality.lean:103:15: This simp argument is unused:
  Submonoid.coe_mul

Hint: Omit it from the simp argument list.
  simp only [̵S̵u̵b̵m̵o̵n̵o̵i̵d̵.̵c̵o̵e̵_̵m̵u̵l̵,̵p̵a̵r̵t̵i̵t̵i̵o̵n̵A̵c̵t̵i̵o̵n̵M̵a̵t̵r̵i̵x̵_̵m̵u̵l̵,̵M̵a̵t̵r̵i̵x̵.̵c̵o̵n̵j̵T̵r̵a̵n̵s̵p̵o̵s̵e̵_̵m̵u̵l̵,̵M̵a̵t̵r̵i̵x̵.̵m̵u̵l̵_̵a̵s̵s̵o̵c̵]̵[̲p̲a̲r̲t̲i̲t̲i̲o̲n̲A̲c̲t̲i̲o̲n̲M̲a̲t̲r̲i̲x̲_̲m̲u̲l̲,̲ ̲M̲a̲t̲r̲i̲x̲.̲c̲o̲n̲j̲T̲r̲a̲n̲s̲p̲o̲s̲e̲_̲m̲u̲l̲,̲ ̲M̲a̲t̲r̲i̲x̲.̲m̲u̲l̲_̲a̲s̲s̲o̲c̲]̲

Note: This linter can be disabled with `set_option linter.unusedSimpArgs false`
⚠ [4353/4358] Built Cloning.TensorSchurHaarCompression (5.0s)
warning: Cloning/TensorSchurHaarCompression.lean:28:0: automatically included section variable(s) unused in theorem `Cloning.TensorLie.compressedPartition_sandwich`:
  [Nonempty (Fin d)]
  [DecidableEq I]
  [DecidableEq J]
consider restructuring your `variable` declarations so that the variables are not in scope or explicitly omit them:
  omit [Nonempty (Fin d)] [DecidableEq I] [DecidableEq J] in theorem ...

Note: This linter can be disabled with `set_option linter.unusedSectionVars false`
⚠ [4354/4361] Built Cloning.PCTRankPurificationCoefficients (4.5s)
warning: Cloning/PCTRankPurificationCoefficients.lean:20:0: automatically included section variable(s) unused in theorem `Cloning.TensorLie.rankMomentScale_pos`:
  [NeZero r]
consider restructuring your `variable` declarations so that the variables are not in scope or explicitly omit them:
  omit [NeZero r] in theorem ...

Note: This linter can be disabled with `set_option linter.unusedSectionVars false`
warning: Cloning/PCTRankPurificationCoefficients.lean:25:0: automatically included section variable(s) unused in theorem `Cloning.TensorLie.rankMomentScale_square`:
  [NeZero r]
consider restructuring your `variable` declarations so that the variables are not in scope or explicitly omit them:
  omit [NeZero r] in theorem ...

Note: This linter can be disabled with `set_option linter.unusedSectionVars false`
warning: Cloning/PCTRankPurificationCoefficients.lean:41:0: automatically included section variable(s) unused in theorem `Cloning.TensorLie.padPartition_injective`:
  [NeZero r]
consider restructuring your `variable` declarations so that the variables are not in scope or explicitly omit them:
  omit [NeZero r] in theorem ...

Note: This linter can be disabled with `set_option linter.unusedSectionVars false`
⚠ [4355/4362] Built Cloning.PCTRankPurificationVectorization (4.8s)
warning: Cloning/PCTRankPurificationVectorization.lean:21:8: automatically included section variable(s) unused in theorem `Cloning.PCTRankPurification.matrixMoment_apply`:
  [Fintype A]
  [Fintype B]
  [DecidableEq A]
  [DecidableEq B]
consider restructuring your `variable` declarations so that the variables are not in scope or explicitly omit them:
  omit [Fintype A] [Fintype B] [DecidableEq A] [DecidableEq B] in theorem ...

Note: This linter can be disabled with `set_option linter.unusedSectionVars false`
warning: Cloning/PCTRankPurificationVectorization.lean:24:0: automatically included section variable(s) unused in theorem `Cloning.PCTRankPurification.matrixVector_mul`:
  [Fintype I]
  [Fintype J]
  [DecidableEq A]
  [DecidableEq B]
  [DecidableEq I]
  [DecidableEq J]
consider restructuring your `variable` declarations so that the variables are not in scope or explicitly omit them:
  omit [Fintype I] [Fintype J] [DecidableEq A] [DecidableEq B] [DecidableEq I] [DecidableEq J] in theorem ...

Note: This linter can be disabled with `set_option linter.unusedSectionVars false`
warning: Cloning/PCTRankPurificationVectorization.lean:95:8: automatically included section variable(s) unused in theorem `Cloning.PCTRankPurification.rectangularMoment_eq_matrixMoment`:
  [Fintype A]
  [Fintype B]
  [DecidableEq A]
  [DecidableEq B]
consider restructuring your `variable` declarations so that the variables are not in scope or explicitly omit them:
  omit [Fintype A] [Fintype B] [DecidableEq A] [DecidableEq B] in theorem ...

Note: This linter can be disabled with `set_option linter.unusedSectionVars false`
✔ [4356/4363] Built Cloning.PCTRankPurificationBlockMatrices (35s)
⚠ [4357/4363] Built Cloning.PCTRankPurificationInvariant (4.7s)
warning: Cloning/PCTRankPurificationInvariant.lean:24:0: automatically included section variable(s) unused in theorem `Cloning.PCTRankPurification.rectangularLeftTensor_star`:
  [Fintype B]
consider restructuring your `variable` declarations so that the variables are not in scope or explicitly omit them:
  omit [Fintype B] in theorem ...

Note: This linter can be disabled with `set_option linter.unusedSectionVars false`
warning: Cloning/PCTRankPurificationInvariant.lean:29:8: automatically included section variable(s) unused in theorem `Cloning.PCTRankPurification.rectangularLeftTensor_one`:
  [Fintype B]
consider restructuring your `variable` declarations so that the variables are not in scope or explicitly omit them:
  omit [Fintype B] in theorem ...

Note: This linter can be disabled with `set_option linter.unusedSectionVars false`
warning: Cloning/PCTRankPurificationInvariant.lean:31:31: This simp argument is unused:
  Matrix.one_kronecker_one

Hint: Omit it from the simp argument list.
  simp [rectangularLeftTensor,̵ ̵M̵a̵t̵r̵i̵x̵.̵o̵n̵e̵_̵k̵r̵o̵n̵e̵c̵k̵e̵r̵_̵o̵n̵e̵]

Note: This linter can be disabled with `set_option linter.unusedSimpArgs false`
warning: Cloning/PCTRankPurificationInvariant.lean:35:0: automatically included section variable(s) unused in theorem `Cloning.PCTRankPurification.rectangularLeftTensor_diagonal`:
  [Fintype B]
consider restructuring your `variable` declarations so that the variables are not in scope or explicitly omit them:
  omit [Fintype B] in theorem ...

Note: This linter can be disabled with `set_option linter.unusedSectionVars false`
✔ [4358/4363] Built Cloning.PhysicalFlatGrassmannIsometry (6.2s)
⚠ [4359/4364] Built Cloning.PCTRankPurificationFrames (5.8s)
warning: Cloning/PCTRankPurificationFrames.lean:21:0: automatically included section variable(s) unused in theorem `Cloning.PCTRankPurification.physicalFrame_complete`:
  [NeZero r]
consider restructuring your `variable` declarations so that the variables are not in scope or explicitly omit them:
  omit [NeZero r] in theorem ...

Note: This linter can be disabled with `set_option linter.unusedSectionVars false`
warning: Cloning/PCTRankPurificationFrames.lean:31:8: automatically included section variable(s) unused in theorem `Cloning.PCTRankPurification.physicalFrame_block`:
  [NeZero r]
consider restructuring your `variable` declarations so that the variables are not in scope or explicitly omit them:
  omit [NeZero r] in theorem ...

Note: This linter can be disabled with `set_option linter.unusedSectionVars false`
warning: Cloning/PCTRankPurificationFrames.lean:43:0: automatically included section variable(s) unused in theorem `Cloning.PCTRankPurification.normalizedCoordinateAction_block`:
  [NeZero r]
consider restructuring your `variable` declarations so that the variables are not in scope or explicitly omit them:
  omit [NeZero r] in theorem ...

Note: This linter can be disabled with `set_option linter.unusedSectionVars false`
warning: Cloning/PCTRankPurificationFrames.lean:72:0: automatically included section variable(s) unused in theorem `Cloning.PCTRankPurification.tensorPower_block_diagonal`:
  [NeZero r]
consider restructuring your `variable` declarations so that the variables are not in scope or explicitly omit them:
  omit [NeZero r] in theorem ...

Note: This linter can be disabled with `set_option linter.unusedSectionVars false`
warning: Cloning/PCTRankPurificationFrames.lean:76:0: automatically included section variable(s) unused in theorem `Cloning.PCTRankPurification.tensorPower_block_orthogonal`:
  [NeZero r]
consider restructuring your `variable` declarations so that the variables are not in scope or explicitly omit them:
  omit [NeZero r] in theorem ...

Note: This linter can be disabled with `set_option linter.unusedSectionVars false`
✔ [4360/4364] Built Cloning.PCTRankPurificationBlockHaar (7.2s)
✔ [4361/4365] Built Cloning.PCTRankPurificationBlockCoordinate (5.1s)
✔ [4362/4365] Built Cloning.PhysicalFlatPCTBound (5.6s)
✔ [4363/4367] Built Cloning.PhysicalFlatPCTProtocol (4.0s)
ℹ [4364/4370] Built Cloning.WeylGNSKernel (4.9s)
info: Cloning/WeylGNSKernel.lean:60:2: Try this:
  [apply] abel_nf
⚠ [4365/4370] Built Cloning.TensorCloningPrescribedTrace (8.1s)
warning: Cloning/TensorCloningPrescribedTrace.lean:19:8: automatically included section variable(s) unused in theorem `Cloning.TensorCloning.relabelIsometry_single`:
  [Fintype I]
consider restructuring your `variable` declarations so that the variables are not in scope or explicitly omit them:
  omit [Fintype I] in theorem ...

Note: This linter can be disabled with `set_option linter.unusedSectionVars false`
✔ [4366/4370] Built Cloning.WeylGaussianSandwichNormalized (5.6s)
✔ [4367/4370] Built Cloning.WeylGNSAction (6.2s)
✔ [4368/4373] Built Cloning.WeylGaussianTotalityScalar (4.0s)
⚠ [4369/4376] Built Cloning.WeylGaussianProjection (5.3s)
warning: Cloning/WeylGaussianProjection.lean:16:0: automatically included section variable(s) unused in theorem `Cloning.WeylGNS.RegularWeyl.integrable_weighted_operator`:
  [CompleteSpace H]
consider restructuring your `variable` declarations so that the variables are not in scope or explicitly omit them:
  omit [CompleteSpace H] in theorem ...

Note: This linter can be disabled with `set_option linter.unusedSectionVars false`
warning: Cloning/WeylGaussianProjection.lean:29:0: automatically included section variable(s) unused in theorem `Cloning.WeylGNS.RegularWeyl.gaussianVector_norm`:
  [CompleteSpace H]
consider restructuring your `variable` declarations so that the variables are not in scope or explicitly omit them:
  omit [CompleteSpace H] in theorem ...

Note: This linter can be disabled with `set_option linter.unusedSectionVars false`
warning: Cloning/WeylGaussianProjection.lean:55:0: automatically included section variable(s) unused in theorem `Cloning.WeylGNS.RegularWeyl.inner_operator`:
  [CompleteSpace H]
consider restructuring your `variable` declarations so that the variables are not in scope or explicitly omit them:
  omit [CompleteSpace H] in theorem ...

Note: This linter can be disabled with `set_option linter.unusedSectionVars false`
✔ [4370/4377] Built Cloning.WeylDiagonalMultiplier (7.9s)
⚠ [4371/4380] Built Cloning.WeylGaussianProjectionSandwich (5.2s)
warning: Cloning/WeylGaussianProjectionSandwich.lean:25:0: automatically included section variable(s) unused in theorem `Cloning.WeylGNS.RegularWeyl.integrable_gaussianSandwichIntegrand`:
  [CompleteSpace H]
consider restructuring your `variable` declarations so that the variables are not in scope or explicitly omit them:
  omit [CompleteSpace H] in theorem ...

Note: This linter can be disabled with `set_option linter.unusedSectionVars false`
warning: Cloning/WeylGaussianProjectionSandwich.lean:54:8: automatically included section variable(s) unused in theorem `_private.Cloning.WeylGaussianProjectionSandwich.0.Cloning.WeylGNS.triple_operator`:
  [CompleteSpace H]
consider restructuring your `variable` declarations so that the variables are not in scope or explicitly omit them:
  omit [CompleteSpace H] in theorem ...

Note: This linter can be disabled with `set_option linter.unusedSectionVars false`
info: Cloning/WeylGaussianProjectionSandwich.lean:99:4: Try this:
  [apply] abel_nf
✔ [4372/4380] Built Cloning.WeylDiagonalQuantumPositive (5.6s)
✔ [4373/4385] Built Cloning.WeylGaussianVacuumSpace (4.1s)
✔ [4374/4385] Built Cloning.WeylGaussianApproximation (4.7s)
✔ [4375/4386] Built Cloning.WeylDiagonalIdler (4.7s)
✔ [4376/4386] Built Cloning.WeylFockVacuum (5.3s)
⚠ [4377/4387] Built Cloning.WeylFockState (4.4s)
warning: Cloning/WeylFockState.lean:16:0: automatically included section variable(s) unused in theorem `Cloning.WeylGNS.component_norm_sq_hasSum`:
  [InnerProductSpace ℂ K]
  [CompleteSpace K]
consider restructuring your `variable` declarations so that the variables are not in scope or explicitly omit them:
  omit [InnerProductSpace ℂ K] [CompleteSpace K] in theorem ...

Note: This linter can be disabled with `set_option linter.unusedSectionVars false`
✔ [4378/4387] Built Cloning.CovariantAmplifierTraceLoss (7.0s)
⚠ [4379/4389] Built Cloning.WeylGaussianTwirl (38s)
warning: Cloning/WeylGaussianTwirl.lean:25:0: automatically included section variable(s) unused in theorem `Cloning.WeylGNS.RegularWeyl.integrable_gaussianTwirlIntegrand`:
  [CompleteSpace H]
consider restructuring your `variable` declarations so that the variables are not in scope or explicitly omit them:
  omit [CompleteSpace H] in theorem ...

Note: This linter can be disabled with `set_option linter.unusedSectionVars false`
info: Cloning/WeylGaussianTwirl.lean:51:2: Try this:
  [apply] abel_nf
warning: Cloning/WeylGaussianTwirl.lean:45:8: automatically included section variable(s) unused in theorem `_private.Cloning.WeylGaussianTwirl.0.Cloning.WeylGNS.operator_conjugation_totality`:
  [CompleteSpace H]
consider restructuring your `variable` declarations so that the variables are not in scope or explicitly omit them:
  omit [CompleteSpace H] in theorem ...

Note: This linter can be disabled with `set_option linter.unusedSectionVars false`
⚠ [4380/4390] Built Cloning.PCTClosedForm (4.1s)
warning: Cloning/PCTClosedForm.lean:21:6: Used `tac1 <;> tac2` where `(tac1; tac2)` would suffice

Note: This linter can be disabled with `set_option linter.unnecessarySeqFocus false`
warning: Cloning/PCTClosedForm.lean:62:4: Used `tac1 <;> tac2` where `(tac1; tac2)` would suffice

Note: This linter can be disabled with `set_option linter.unnecessarySeqFocus false`
✔ [4381/4391] Built Cloning.WeylGaussianTotality (4.8s)
✔ [4382/4391] Built Cloning.TensorCloningPrescribedRestriction (8.1s)
✔ [4383/4391] Built Cloning.WeylFockDecomposition (5.5s)
✔ [4384/4391] Built Cloning.PCTPrescribedExtension (5.8s)
✔ [4385/4391] Built Cloning.WeylFockRepresentation (5.3s)
✔ [4386/4393] Built Cloning.PCTPrescribedRank (5.4s)
✔ [4387/4395] Built Cloning.PCTPrescribedFull (5.2s)
✔ [4388/4396] Built Cloning.WeylQuantumBochner (5.8s)
✔ [4389/4396] Built Cloning.PCTRankPurificationMomentComparison (7.5s)
✔ [4390/4402] Built Cloning.PCTRankPurificationBlockSupport (7.4s)
✔ [4391/4402] Built Cloning.WeylDiagonalRepresentation (6.1s)
⚠ [4392/4402] Built Cloning.PCTRankPurificationFlatScalar (4.5s)
warning: Cloning/PCTRankPurificationFlatScalar.lean:13:0: automatically included section variable(s) unused in theorem `Cloning.PCTRankPurification.tensorPower_smul_complex`:
  [Fintype A]
  [Fintype B]
  [DecidableEq A]
  [DecidableEq B]
consider restructuring your `variable` declarations so that the variables are not in scope or explicitly omit them:
  omit [Fintype A] [Fintype B] [DecidableEq A] [DecidableEq B] in theorem ...

Note: This linter can be disabled with `set_option linter.unusedSectionVars false`
✔ [4393/4402] Built Cloning.PCTRankPurificationCompression (6.7s)
✔ [4394/4404] Built Cloning.PCTRankPurificationCovariance (5.2s)
✔ [4395/4405] Built Cloning.CovariantAmplifierCompositeIdler (5.8s)
✔ [4396/4406] Built Cloning.PCTRankPurificationFlatAction (6.8s)
⚠ [4397/4407] Built Cloning.PCTRankOneWerner (7.1s)
warning: Cloning/PCTRankOneWerner.lean:21:95: This simp argument is unused:
  Matrix.one_apply

Hint: Omit it from the simp argument list.
  simp [̵s̵i̵n̵g̵l̵e̵t̵o̵n̵I̵n̵s̵e̵r̵t̵i̵o̵n̵,̵M̵a̵t̵r̵i̵x̵.̵m̵u̵l̵_̵a̵p̵p̵l̵y̵,̵M̵a̵t̵r̵i̵x̵.̵c̵o̵n̵j̵T̵r̵a̵n̵s̵p̵o̵s̵e̵_̵a̵p̵p̵l̵y̵,̵F̵i̵n̵t̵y̵p̵e̵.̵s̵u̵m̵_̵p̵r̵o̵d̵_̵t̵y̵p̵e̵,̵M̵a̵t̵r̵i̵x̵.̵o̵n̵e̵_̵a̵p̵p̵l̵y̵]̵[̲s̲i̲n̲g̲l̲e̲t̲o̲n̲I̲n̲s̲e̲r̲t̲i̲o̲n̲,̲ ̲M̲a̲t̲r̲i̲x̲.̲m̲u̲l̲_̲a̲p̲p̲l̲y̲,̲ ̲M̲a̲t̲r̲i̲x̲.̲c̲o̲n̲j̲T̲r̲a̲n̲s̲p̲o̲s̲e̲_̲a̲p̲p̲l̲y̲,̲ ̲F̲i̲n̲t̲y̲p̲e̲.̲s̲u̲m̲_̲p̲r̲o̲d̲_̲t̲y̲p̲e̲]̲

Note: This linter can be disabled with `set_option linter.unusedSimpArgs false`
warning: Cloning/PCTRankOneWerner.lean:22:95: This simp argument is unused:
  Matrix.one_apply

Hint: Omit it from the simp argument list.
  simp [̵s̵i̵n̵g̵l̵e̵t̵o̵n̵I̵n̵s̵e̵r̵t̵i̵o̵n̵,̵M̵a̵t̵r̵i̵x̵.̵m̵u̵l̵_̵a̵p̵p̵l̵y̵,̵M̵a̵t̵r̵i̵x̵.̵c̵o̵n̵j̵T̵r̵a̵n̵s̵p̵o̵s̵e̵_̵a̵p̵p̵l̵y̵,̵F̵i̵n̵t̵y̵p̵e̵.̵s̵u̵m̵_̵p̵r̵o̵d̵_̵t̵y̵p̵e̵,̵M̵a̵t̵r̵i̵x̵.̵o̵n̵e̵_̵a̵p̵p̵l̵y̵,̵h̵,̵N̵e̵.̵s̵y̵m̵m̵[̲s̲i̲n̲g̲l̲e̲t̲o̲n̲I̲n̲s̲e̲r̲t̲i̲o̲n̲,̲ ̲M̲a̲t̲r̲i̲x̲.̲m̲u̲l̲_̲a̲p̲p̲l̲y̲,̲ ̲M̲a̲t̲r̲i̲x̲.̲c̲o̲n̲j̲T̲r̲a̲n̲s̲p̲o̲s̲e̲_̲a̲p̲p̲l̲y̲,̲ ̲F̲i̲n̲t̲y̲p̲e̲.̲s̲u̲m̲_̲p̲r̲o̲d̲_̲t̲y̲p̲e̲,̲
  ̲ ̲ ̲ ̲ ̲h̲,̲ ̲N̲e̲.̲s̲y̲m̲m̲ h]

Note: This linter can be disabled with `set_option linter.unusedSimpArgs false`
warning: Cloning/PCTRankOneWerner.lean:40:18: This simp argument is unused:
  matrixRegister_single

Hint: Omit it from the simp argument list.
  simp [̵t̵e̵n̵s̵o̵r̵M̵a̵p̵,̵m̵a̵t̵r̵i̵x̵R̵e̵g̵i̵s̵t̵e̵r̵_̵s̵i̵n̵g̵l̵e̵,̵t̵e̵n̵s̵o̵r̵P̵o̵w̵e̵r̵,̵M̵a̵t̵r̵i̵x̵.̵c̵o̵n̵j̵T̵r̵a̵n̵s̵p̵o̵s̵e̵_̵a̵p̵p̵l̵y̵,̵
  ̵ ̵ ̵ ̵ ̵s̵i̵n̵g̵l̵e̵t̵o̵n̵I̵n̵s̵e̵r̵t̵i̵o̵n̵,̵a̵p̵p̵l̵y̵_̵i̵t̵e̵,̵F̵i̵n̵t̵y̵p̵e̵.̵p̵r̵o̵d̵_̵i̵t̵e̵_̵z̵e̵r̵o̵,̵l̵p̵.̵s̵i̵n̵g̵l̵e̵_̵a̵p̵p̵l̵y̵,̵P̵i̵.̵s̵i̵n̵g̵l̵e̵_̵a̵p̵p̵l̵y̵,̵h̵e̵]̵[̲t̲e̲n̲s̲o̲r̲M̲a̲p̲,̲ ̲t̲e̲n̲s̲o̲r̲P̲o̲w̲e̲r̲,̲ ̲M̲a̲t̲r̲i̲x̲.̲c̲o̲n̲j̲T̲r̲a̲n̲s̲p̲o̲s̲e̲_̲a̲p̲p̲l̲y̲,̲ ̲s̲i̲n̲g̲l̲e̲t̲o̲n̲I̲n̲s̲e̲r̲t̲i̲o̲n̲,̲ ̲a̲p̲p̲l̲y̲_̲i̲t̲e̲,̲
  ̲ ̲ ̲ ̲ ̲F̲i̲n̲t̲y̲p̲e̲.̲p̲r̲o̲d̲_̲i̲t̲e̲_̲z̲e̲r̲o̲,̲ ̲l̲p̲.̲s̲i̲n̲g̲l̲e̲_̲a̲p̲p̲l̲y̲,̲ ̲P̲i̲.̲s̲i̲n̲g̲l̲e̲_̲a̲p̲p̲l̲y̲,̲ ̲h̲e̲]̲

Note: This linter can be disabled with `set_option linter.unusedSimpArgs false`
warning: Cloning/PCTRankOneWerner.lean:46:13: This simp argument is unused:
  LinearMap.sum_apply

Hint: Omit it from the simp argument list.
  simp only [L̵i̵n̵e̵a̵r̵M̵a̵p̵.̵s̵u̵m̵_̵a̵p̵p̵l̵y̵,̵Fintype.sum_unique]

Note: This linter can be disabled with `set_option linter.unusedSimpArgs false`
✔ [4398/4407] Built Cloning.TensorCloningPrescribed (5.8s)
⚠ [4399/4407] Built Cloning.PCTRankPurificationFlatOrbit (5.6s)
warning: Cloning/PCTRankPurificationFlatOrbit.lean:17:0: automatically included section variable(s) unused in theorem `Cloning.PCTRankPurification.coordinate_scalar_tensor_input`:
  [NeZero r]
consider restructuring your `variable` declarations so that the variables are not in scope or explicitly omit them:
  omit [NeZero r] in theorem ...

Note: This linter can be disabled with `set_option linter.unusedSectionVars false`
warning: Cloning/PCTRankPurificationFlatOrbit.lean:21:54: This simp argument is unused:
  tensorPower_one

Hint: Omit it from the simp argument list.
  simp only [tensorPower_mul, ̲tensorPower_smul_complex, ̲tensorPower_o̵n̵e̵,̵t̵e̵n̵so̵r̵P̵o̵w̵e̵r̵_̵s̵tar,
      ← coordinateTensorMatrix_eq_tensorPower, ̲Matrix.mul_smul, ̲Matrix.mul_one, ̲Matrix.smul_mul]

Note: This linter can be disabled with `set_option linter.unusedSimpArgs false`
✔ [4400/4410] Built Cloning.TensorRankOneDimension (5.1s)
✔ [4401/4410] Built Cloning.TensorCloningPrescribedLimits (5.5s)
✔ [4402/4411] Built Cloning.PCTRankPurificationFlatState (5.0s)
⚠ [4403/4411] Built Cloning.TensorRankOneSector (5.4s)
warning: Cloning/TensorRankOneSector.lean:44:77: This simp argument is unused:
  eq_comm

Hint: Omit it from the simp argument list.
  simp [highestTensor, ̲registerBasis_apply, ̲lp.single_apply, ̲Pi.single_apply, ̲he,̵e̵q̵_̵c̵o̵m̵m̵]

Note: This linter can be disabled with `set_option linter.unusedSimpArgs false`
⚠ [4404/4412] Built Cloning.WeylIrreducibleRepresentation (7.0s)
warning: Cloning/WeylIrreducibleRepresentation.lean:72:15: This simp argument is unused:
  ContinuousLinearMap.smul_apply

Hint: Omit it from the simp argument list.
  simp only [̵C̵o̵n̵t̵i̵n̵u̵o̵u̵s̵L̵i̵n̵e̵a̵r̵M̵a̵p̵.̵s̵m̵u̵l̵_̵a̵p̵p̵l̵y̵,̵ ̵C̵o̵n̵t̵i̵n̵u̵o̵u̵s̵L̵i̵n̵e̵a̵r̵M̵a̵p̵.̵i̵d̵_̵a̵p̵p̵l̵y̵,̵[̲C̲o̲n̲t̲i̲n̲u̲o̲u̲s̲L̲i̲n̲e̲a̲r̲M̲a̲p̲.̲i̲d̲_̲a̲p̲p̲l̲y̲,̲ inner_smul_right, inner_self_eq_norm_sq_to_K, hx] at hh

Note: This linter can be disabled with `set_option linter.unusedSimpArgs false`
warning: Cloning/WeylIrreducibleRepresentation.lean:72:47: This simp argument is unused:
  ContinuousLinearMap.id_apply

Hint: Omit it from the simp argument list.
  simp only [ContinuousLinearMap.smul_apply, C̵o̵n̵t̵i̵n̵u̵o̵u̵s̵L̵i̵n̵e̵a̵r̵M̵a̵p̵.̵i̵d̵_̵a̵p̵p̵l̵y̵,̵inner_smul_right, inner_self_eq_norm_sq_to_K,
  ̲  ̲ ̲ ̲ ̲ ̲hx] at hh

Note: This linter can be disabled with `set_option linter.unusedSimpArgs false`
✔ [4405/4412] Built Cloning.PhysicalFlatPCTAction (6.1s)
✔ [4406/4412] Built Cloning.WeylQuantumBochnerReflection (5.5s)
⚠ [4407/4412] Built Cloning.TensorRankOneHighest (6.0s)
warning: Cloning/TensorRankOneHighest.lean:28:60: This simp argument is unused:
  Pi.single_apply

Hint: Omit it from the simp argument list.
  simp [̵h̵i̵g̵h̵e̵s̵t̵T̵e̵n̵s̵o̵r̵,̵r̵e̵g̵i̵s̵t̵e̵r̵B̵a̵s̵i̵s̵_̵a̵p̵p̵l̵y̵,̵l̵p̵.̵s̵i̵n̵g̵l̵e̵_̵a̵p̵p̵l̵y̵,̵P̵i̵.̵s̵i̵n̵g̵l̵e̵_̵a̵p̵p̵l̵y̵]̵[̲h̲i̲g̲h̲e̲s̲t̲T̲e̲n̲s̲o̲r̲,̲ ̲r̲e̲g̲i̲s̲t̲e̲r̲B̲a̲s̲i̲s̲_̲a̲p̲p̲l̲y̲,̲ ̲l̲p̲.̲s̲i̲n̲g̲l̲e̲_̲a̲p̲p̲l̲y̲]̲

Note: This linter can be disabled with `set_option linter.unusedSimpArgs false`
warning: Cloning/TensorRankOneHighest.lean:32:60: This simp argument is unused:
  Pi.single_apply

Hint: Omit it from the simp argument list.
  simp [̵h̵i̵g̵h̵e̵s̵t̵T̵e̵n̵s̵o̵r̵,̵r̵e̵g̵i̵s̵t̵e̵r̵B̵a̵s̵i̵s̵_̵a̵p̵p̵l̵y̵,̵l̵p̵.̵s̵i̵n̵g̵l̵e̵_̵a̵p̵p̵l̵y̵,̵P̵i̵.̵s̵i̵n̵g̵l̵e̵_̵a̵p̵p̵l̵y̵,̵h̵w̵,̵h̵z̵]̵[̲h̲i̲g̲h̲e̲s̲t̲T̲e̲n̲s̲o̲r̲,̲ ̲r̲e̲g̲i̲s̲t̲e̲r̲B̲a̲s̲i̲s̲_̲a̲p̲p̲l̲y̲,̲ ̲l̲p̲.̲s̲i̲n̲g̲l̲e̲_̲a̲p̲p̲l̲y̲,̲ ̲h̲w̲,̲ ̲h̲z̲]̲

Note: This linter can be disabled with `set_option linter.unusedSimpArgs false`
warning: Cloning/TensorRankOneHighest.lean:73:35: This simp argument is unused:
  oneRowPartition_sum

Hint: Omit it from the simp argument list.
  simp [oneRowPartition_̵s̵u̵m̵,̵o̵n̵e̵R̵o̵w̵P̵a̵r̵t̵i̵t̵i̵o̵n̵]

Note: This linter can be disabled with `set_option linter.unusedSimpArgs false`
warning: Cloning/TensorRankOneHighest.lean:84:35: This simp argument is unused:
  oneRowPartition_sum

Hint: Omit it from the simp argument list.
  simp [oneRowPartition_̵s̵u̵m̵,̵o̵n̵e̵R̵o̵w̵P̵a̵r̵t̵i̵t̵i̵o̵n̵]

Note: This linter can be disabled with `set_option linter.unusedSimpArgs false`
✔ [4408/4414] Built Cloning.WeylSqueezerIdlerState (6.3s)
⚠ [4409/4415] Built Cloning.PCTRankOneAction (5.8s)
warning: Cloning/PCTRankOneAction.lean:19:8: automatically included section variable(s) unused in theorem `Cloning.PCTRankOne.rankOneVector_apply`:
  [DecidableEq A]
consider restructuring your `variable` declarations so that the variables are not in scope or explicitly omit them:
  omit [DecidableEq A] in theorem ...

Note: This linter can be disabled with `set_option linter.unusedSectionVars false`
warning: Cloning/PCTRankOneAction.lean:41:46: This simp argument is unused:
  Pi.single_apply

Hint: Omit it from the simp argument list.
  simp [canonicalPurification, ̲PCTRankPurification.flatInternalState_matrix_complex,
        coefficientVector_apply, ̲lp̵p̲.single_apply,̵P̵i̵.̵s̵i̵n̵g̵l̵e̵_̵a̵p̵p̵l̵y̵]

Note: This linter can be disabled with `set_option linter.unusedSimpArgs false`
warning: Cloning/PCTRankOneAction.lean:45:8: This simp argument is unused:
  Matrix.kronecker_apply

Hint: Omit it from the simp argument list.
  simp [M̵a̵t̵r̵i̵x̵.̵k̵r̵o̵n̵e̵c̵k̵e̵r̵_̵a̵p̵p̵l̵y̵,̵Subsingleton.elim b (0 : Fin 1)]

Note: This linter can be disabled with `set_option linter.unusedSimpArgs false`
warning: Cloning/PCTRankOneAction.lean:48:0: automatically included section variable(s) unused in theorem `Cloning.PCTRankOne.embeddedPurificationOutput_eq_pureWerner`:
  [Nonempty A]
consider restructuring your `variable` declarations so that the variables are not in scope or explicitly omit them:
  omit [Nonempty A] in theorem ...

Note: This linter can be disabled with `set_option linter.unusedSectionVars false`
✔ [4410/4416] Built Cloning.PhysicalFlatPCTTheorem (4.9s)
⚠ [4411/4417] Built Cloning.WeylSqueezerPhase (5.2s)
warning: Cloning/WeylSqueezerPhase.lean:22:41: This simp argument is unused:
  Fin.append_right

Hint: Omit it from the simp argument list.
  simp only [transform, Fin.append_left,̵ ̵F̵i̵n̵.̵a̵p̵p̵e̵n̵d̵_̵r̵i̵g̵h̵t̵]

Note: This linter can be disabled with `set_option linter.unusedSimpArgs false`
warning: Cloning/WeylSqueezerPhase.lean:27:24: This simp argument is unused:
  Fin.append_left

Hint: Omit it from the simp argument list.
  simp only [transform, Fin.append_l̵e̵f̵t̵,̵ ̵F̵i̵n̵.̵a̵p̵p̵e̵n̵d̵_̵right]

Note: This linter can be disabled with `set_option linter.unusedSimpArgs false`
✔ [4412/4417] Built Cloning.WeylSqueezerKraus (7.5s)
✔ [4413/4418] Built Cloning.PCTPrescribedRankTheorem (5.9s)
✔ [4414/4418] Built Cloning.WeylSqueezerIrreducible (5.0s)
✔ [4415/4420] Built Cloning.CovariantAmplifierCompositeReflected (5.8s)
✔ [4416/4420] Built Cloning.WeylSqueezerUnitary (5.0s)
⚠ [4417/4420] Built Cloning.CovariantAmplifierLeastNoiseParameters (4.1s)
warning: Cloning/CovariantAmplifierLeastNoiseParameters.lean:12:42: unused variable `hγ`

Note: This linter can be disabled with `set_option linter.unusedVariables false`
warning: Cloning/CovariantAmplifierLeastNoiseParameters.lean:12:53: unused variable `hq1`

Note: This linter can be disabled with `set_option linter.unusedVariables false`
warning: Cloning/CovariantAmplifierLeastNoiseParameters.lean:24:6: 'ring' tactic does nothing

Note: This linter can be disabled with `set_option linter.unusedTactic false`
warning: Cloning/CovariantAmplifierLeastNoiseParameters.lean:24:6: this tactic is never executed

Note: This linter can be disabled with `set_option linter.unreachableTactic false`
✔ [4418/4423] Built Cloning.WeylSqueezerUnitaryChannel (4.6s)
✔ [4419/4425] Built Cloning.CovariantAmplifierLeastNoiseIdler (5.4s)
✔ [4420/4432] Built Cloning.MultimodeIdlerCharacteristicPhase (4.3s)
⚠ [4421/4433] Built Cloning.MultimodeIdlerCharacteristicMultiplier (5.5s)
warning: Cloning/MultimodeIdlerCharacteristicMultiplier.lean:113:30: This simp argument is unused:
  norm_mul

Hint: Omit it from the simp argument list.
  simp [b, diagonalScale, n̵o̵r̵m_̵m̵ul,̵ ̵m̵u̵l̵_pow, Complex.norm_real]

Note: This linter can be disabled with `set_option linter.unusedSimpArgs false`
warning: Cloning/MultimodeIdlerCharacteristicMultiplier.lean:117:4: 'congr 1' tactic does nothing

Note: This linter can be disabled with `set_option linter.unusedTactic false`
✔ [4422/4434] Built Cloning.WeylSqueezerProduct (16s)
⚠ [4423/4435] Built Cloning.PCTFlatGaussianCrossFrame (5.9s)
warning: Cloning/PCTFlatGaussianCrossFrame.lean:61:34: This simp argument is unused:
  map_div₀

Hint: Omit it from the simp argument list.
  simp [̵c̵o̵e̵f̵f̵i̵c̵i̵e̵n̵t̵V̵e̵c̵t̵o̵r̵_̵a̵p̵p̵l̵y̵,̵m̵a̵p̵_̵d̵i̵v̵₀̵,̵m̵a̵p̵_̵a̵d̵d̵,̵a̵d̵d̵_̵c̵o̵m̵m̵]̵[̲c̲o̲e̲f̲f̲i̲c̲i̲e̲n̲t̲V̲e̲c̲t̲o̲r̲_̲a̲p̲p̲l̲y̲,̲ ̲m̲a̲p̲_̲a̲d̲d̲,̲ ̲a̲d̲d̲_̲c̲o̲m̲m̲]̲

Note: This linter can be disabled with `set_option linter.unusedSimpArgs false`
warning: Cloning/PCTFlatGaussianCrossFrame.lean:61:43: This simp argument is unused:
  map_add

Hint: Omit it from the simp argument list.
  simp [coefficientVector_apply, ̲map_div₀,m̵ ̲ap̵_̵a̵dd,̵a̵d̵d̵_comm]

Note: This linter can be disabled with `set_option linter.unusedSimpArgs false`
warning: Cloning/PCTFlatGaussianCrossFrame.lean:66:72: This simp argument is unused:
  star_star

Hint: Omit it from the simp argument list.
  simp only [̵c̵o̵e̵f̵f̵i̵c̵i̵e̵n̵t̵V̵e̵c̵t̵o̵r̵_̵a̵p̵p̵l̵y̵,̵m̵a̵p̵_̵m̵u̵l̵,̵m̵a̵p̵_̵n̵e̵g̵,̵m̵a̵p̵_̵d̵i̵v̵₀̵,̵m̵a̵p̵_̵s̵u̵b̵,̵s̵t̵a̵r̵_̵s̵t̵a̵r̵,̵
  ̵ ̵ ̵ ̵ ̵ ̵ ̵C̵o̵m̵p̵l̵e̵x̵.̵s̵t̵a̵r̵_̵d̵e̵f̵,̵C̵o̵m̵p̵l̵e̵x̵.̵c̵o̵n̵j̵_̵I̵,̵m̵a̵p̵_̵o̵f̵N̵a̵t̵,̵C̵o̵m̵p̵l̵e̵x̵.̵c̵o̵n̵j̵_̵c̵o̵n̵j̵]̵[̲c̲o̲e̲f̲f̲i̲c̲i̲e̲n̲t̲V̲e̲c̲t̲o̲r̲_̲a̲p̲p̲l̲y̲,̲ ̲m̲a̲p̲_̲m̲u̲l̲,̲ ̲m̲a̲p̲_̲n̲e̲g̲,̲ ̲m̲a̲p̲_̲d̲i̲v̲₀̲,̲ ̲m̲a̲p̲_̲s̲u̲b̲,̲ ̲C̲o̲m̲p̲l̲e̲x̲.̲s̲t̲a̲r̲_̲d̲e̲f̲,̲
  ̲ ̲ ̲ ̲ ̲ ̲ ̲C̲o̲m̲p̲l̲e̲x̲.̲c̲o̲n̲j̲_̲I̲,̲ ̲m̲a̲p̲_̲o̲f̲N̲a̲t̲,̲ ̲C̲o̲m̲p̲l̲e̲x̲.̲c̲o̲n̲j̲_̲c̲o̲n̲j̲]̲

Note: This linter can be disabled with `set_option linter.unusedSimpArgs false`
✔ [4424/4436] Built Cloning.WeylSqueezerProductDisplacement (4.8s)
✔ [4425/4436] Built Cloning.MultimodeIdlerCharacteristicKernel (4.7s)
✔ [4426/4436] Built Cloning.PCTProjectorPurityParticle (4.7s)
⚠ [4427/4437] Built Cloning.PCTFlatGaussianCrossFrameExistence (5.5s)
warning: Cloning/PCTFlatGaussianCrossFrameExistence.lean:66:56: This simp argument is unused:
  Matrix.diagonal_apply

Hint: Omit it from the simp argument list.
  simp [̵c̵o̵e̵f̵f̵i̵c̵i̵e̵n̵t̵V̵e̵c̵t̵o̵r̵_̵a̵p̵p̵l̵y̵,̵s̵c̵h̵m̵i̵d̵t̵C̵o̵e̵f̵f̵i̵c̵i̵e̵n̵t̵s̵,̵M̵a̵t̵r̵i̵x̵.̵d̵i̵a̵g̵o̵n̵a̵l̵_̵a̵p̵p̵l̵y̵,̵h̵a̵b̵,̵N̵e̵.̵s̵y̵m̵m̵[̲c̲o̲e̲f̲f̲i̲c̲i̲e̲n̲t̲V̲e̲c̲t̲o̲r̲_̲a̲p̲p̲l̲y̲,̲ ̲s̲c̲h̲m̲i̲d̲t̲C̲o̲e̲f̲f̲i̲c̲i̲e̲n̲t̲s̲,̲ ̲h̲a̲b̲,̲ ̲N̲e̲.̲s̲y̲m̲m̲ hab]

Note: This linter can be disabled with `set_option linter.unusedSimpArgs false`
⚠ [4428/4437] Built Cloning.PCTPurityFidelity (4.4s)
warning: Cloning/PCTPurityFidelity.lean:23:0: automatically included section variable(s) unused in theorem `Cloning.PCTPurity.classical_purity_bound`:
  [DecidableEq ι]
consider restructuring your `variable` declarations so that the variables are not in scope or explicitly omit them:
  omit [DecidableEq ι] in theorem ...

Note: This linter can be disabled with `set_option linter.unusedSectionVars false`
warning: Cloning/PCTPurityFidelity.lean:53:0: automatically included section variable(s) unused in theorem `Cloning.PCTPurity.maximallyMixed_diagonal`:
  [Nonempty ι]
consider restructuring your `variable` declarations so that the variables are not in scope or explicitly omit them:
  omit [Nonempty ι] in theorem ...

Note: This linter can be disabled with `set_option linter.unusedSectionVars false`
✔ [4429/4438] Built Cloning.MultimodeIdlerCharacteristicIsometry (6.9s)
✔ [4430/4438] Built Cloning.WeylSqueezerProductSlices (12s)
⚠ [4431/4439] Built Cloning.PCTFlatGaussianCrossKernel (4.6s)
warning: Cloning/PCTFlatGaussianCrossKernel.lean:27:0: automatically included section variable(s) unused in theorem `Cloning.PCTFlatGaussianCross.frameTangent_inner`:
  [Fintype A]
  [DecidableEq A]
consider restructuring your `variable` declarations so that the variables are not in scope or explicitly omit them:
  omit [Fintype A] [DecidableEq A] in theorem ...

Note: This linter can be disabled with `set_option linter.unusedSectionVars false`
⚠ [4432/4439] Built Cloning.PCTPurityFidelityMixture (4.4s)
warning: Cloning/PCTPurityFidelityMixture.lean:18:0: automatically included section variable(s) unused in theorem `Cloning.PCTPurity.integrable_trace_mul_left`:
  [DecidableEq ι]
consider restructuring your `variable` declarations so that the variables are not in scope or explicitly omit them:
  omit [DecidableEq ι] in theorem ...

Note: This linter can be disabled with `set_option linter.unusedSectionVars false`
warning: Cloning/PCTPurityFidelityMixture.lean:25:0: automatically included section variable(s) unused in theorem `Cloning.PCTPurity.integrable_trace_mul_right`:
  [DecidableEq ι]
consider restructuring your `variable` declarations so that the variables are not in scope or explicitly omit them:
  omit [DecidableEq ι] in theorem ...

Note: This linter can be disabled with `set_option linter.unusedSectionVars false`
warning: Cloning/PCTPurityFidelityMixture.lean:32:0: automatically included section variable(s) unused in theorem `Cloning.PCTPurity.trace_mul_matrixMixture_left`:
  [DecidableEq ι]
consider restructuring your `variable` declarations so that the variables are not in scope or explicitly omit them:
  omit [DecidableEq ι] in theorem ...

Note: This linter can be disabled with `set_option linter.unusedSectionVars false`
warning: Cloning/PCTPurityFidelityMixture.lean:43:0: automatically included section variable(s) unused in theorem `Cloning.PCTPurity.trace_mul_matrixMixture_right`:
  [DecidableEq ι]
consider restructuring your `variable` declarations so that the variables are not in scope or explicitly omit them:
  omit [DecidableEq ι] in theorem ...

Note: This linter can be disabled with `set_option linter.unusedSectionVars false`
✔ [4433/4439] Built Cloning.WeylSqueezerPartialTrace (4.6s)
⚠ [4434/4439] Built Cloning.PCTRankOnePureInput (6.5s)
warning: Cloning/PCTRankOnePureInput.lean:16:0: automatically included section variable(s) unused in theorem `Cloning.PCTRankOne.pureColumn_isometry`:
  [DecidableEq A]
  [Nonempty A]
consider restructuring your `variable` declarations so that the variables are not in scope or explicitly omit them:
  omit [DecidableEq A] [Nonempty A] in theorem ...

Note: This linter can be disabled with `set_option linter.unusedSectionVars false`
warning: Cloning/PCTRankOnePureInput.lean:26:8: automatically included section variable(s) unused in theorem `Cloning.PCTRankOne.rankOneVector_pureColumn`:
  [Nonempty A]
consider restructuring your `variable` declarations so that the variables are not in scope or explicitly omit them:
  omit [Nonempty A] in theorem ...

Note: This linter can be disabled with `set_option linter.unusedSectionVars false`
warning: Cloning/PCTRankOnePureInput.lean:30:0: automatically included section variable(s) unused in theorem `Cloning.PCTRankOne.embeddedRankOne_matrix`:
  [Nonempty A]
consider restructuring your `variable` declarations so that the variables are not in scope or explicitly omit them:
  omit [Nonempty A] in theorem ...

Note: This linter can be disabled with `set_option linter.unusedSectionVars false`
warning: Cloning/PCTRankOnePureInput.lean:36:52: This simp argument is unused:
  Fintype.sum_unique

Hint: Omit it from the simp argument list.
  simp [̵M̵a̵t̵r̵i̵x̵.̵m̵u̵l̵_̵a̵p̵p̵l̵y̵,̵M̵a̵t̵r̵i̵x̵.̵c̵o̵n̵j̵T̵r̵a̵n̵s̵p̵o̵s̵e̵_̵a̵p̵p̵l̵y̵,̵F̵i̵n̵t̵y̵p̵e̵.̵s̵u̵m̵_̵u̵n̵i̵q̵u̵e̵,̵r̵a̵n̵k̵O̵n̵e̵V̵e̵c̵t̵o̵r̵_̵a̵p̵p̵l̵y̵,̵
  ̵ ̵ ̵ ̵ ̵M̵a̵t̵r̵i̵x̵.̵v̵e̵c̵M̵u̵l̵V̵e̵c̵_̵a̵p̵p̵l̵y̵,̵P̵i̵.̵s̵t̵a̵r̵_̵a̵p̵p̵l̵y̵,̵C̵o̵m̵p̵l̵e̵x̵.̵s̵t̵a̵r̵_̵d̵e̵f̵]̵[̲M̲a̲t̲r̲i̲x̲.̲m̲u̲l̲_̲a̲p̲p̲l̲y̲,̲ ̲M̲a̲t̲r̲i̲x̲.̲c̲o̲n̲j̲T̲r̲a̲n̲s̲p̲o̲s̲e̲_̲a̲p̲p̲l̲y̲,̲ ̲r̲a̲n̲k̲O̲n̲e̲V̲e̲c̲t̲o̲r̲_̲a̲p̲p̲l̲y̲,̲ ̲M̲a̲t̲r̲i̲x̲.̲v̲e̲c̲M̲u̲l̲V̲e̲c̲_̲a̲p̲p̲l̲y̲,̲
  ̲ ̲ ̲ ̲ ̲P̲i̲.̲s̲t̲a̲r̲_̲a̲p̲p̲l̲y̲,̲ ̲C̲o̲m̲p̲l̲e̲x̲.̲s̲t̲a̲r̲_̲d̲e̲f̲]̲

Note: This linter can be disabled with `set_option linter.unusedSimpArgs false`
warning: Cloning/PCTRankOnePureInput.lean:37:41: This simp argument is unused:
  Complex.star_def

Hint: Omit it from the simp argument list.
  simp [Matrix.mul_apply, ̲Matrix.conjTranspose_apply, ̲Fintype.sum_unique, ̲rankOneVector_apply,
      Matrix.vecMulVec_apply, ̲Pi.star_apply,̵C̵o̵m̵p̵l̵e̵x̵.̵s̵t̵a̵r̵_̵d̵e̵f̵]

Note: This linter can be disabled with `set_option linter.unusedSimpArgs false`
⚠ [4435/4443] Built Cloning.PCTWernerLowerBasis (8.1s)
warning: Cloning/PCTWernerLowerBasis.lean:36:74: This simp argument is unused:
  eq_comm

Hint: Omit it from the simp argument list.
  simp [column_apply, ̲hm, ̲label_eq_zero_iff, ̲lp.single_apply, ̲Pi.single_apply,̵e̵q̵_̵c̵o̵m̵m̵]

Note: This linter can be disabled with `set_option linter.unusedSimpArgs false`
✔ [4436/4444] Built Cloning.MultimodeIdlerCharacteristicCovariance (7.7s)
✔ [4437/4444] Built Cloning.MultimodeIdlerCharacteristic (4.3s)
✔ [4438/4444] Built Cloning.YoungDimensionMomentRateAlgebra (5.5s)
⚠ [4439/4448] Built Cloning.SampleRatioThreshold (5.5s)
warning: Cloning/SampleRatioThreshold.lean:59:47: Used `tac1 <;> tac2` where `(tac1; tac2)` would suffice

Note: This linter can be disabled with `set_option linter.unnecessarySeqFocus false`
✔ [4440/4448] Built Cloning.CovariantAmplifierLeastNoise (6.7s)
⚠ [4441/4448] Built Cloning.ScalarTaylorRemainder (4.6s)
warning: Cloning/ScalarTaylorRemainder.lean:52:32: This simp argument is unused:
  iteratedDeriv_one

Hint: Omit it from the simp argument list.
  simp only [taylorWithinEval_succ, taylor_within_zero_eval, iteratedDerivWithin_univ,
  ̲  ̲ ̲ ̲ ̲ ̲i̵t̵e̵r̵a̵t̵e̵d̵D̵e̵r̵i̵v̵_̵o̵n̵e̵,̵ ̵iteratedDeriv_succ, smul_eq_mul, sub_zero]

Note: This linter can be disabled with `set_option linter.unusedSimpArgs false`
⚠ [4442/4450] Built Cloning.YoungDimensionMomentRate (5.8s)
warning: Cloning/YoungDimensionMomentRate.lean:65:30: this tactic is never executed

Note: This linter can be disabled with `set_option linter.unreachableTactic false`
warning: Cloning/YoungDimensionMomentRate.lean:65:30: 'ring' tactic does nothing

Note: This linter can be disabled with `set_option linter.unusedTactic false`
warning: Cloning/YoungDimensionMomentRate.lean:145:26: Used `tac1 <;> tac2` where `(tac1; tac2)` would suffice

Note: This linter can be disabled with `set_option linter.unnecessarySeqFocus false`
warning: Cloning/YoungDimensionMomentRate.lean:145:47: Used `tac1 <;> tac2` where `(tac1; tac2)` would suffice

Note: This linter can be disabled with `set_option linter.unnecessarySeqFocus false`
warning: Cloning/YoungDimensionMomentRate.lean:145:64: Used `tac1 <;> tac2` where `(tac1; tac2)` would suffice

Note: This linter can be disabled with `set_option linter.unnecessarySeqFocus false`
⚠ [4443/4450] Built Cloning.ScalarPowerExpansion (4.3s)
warning: Cloning/ScalarPowerExpansion.lean:14:43: Used `tac1 <;> tac2` where `(tac1; tac2)` would suffice

Note: This linter can be disabled with `set_option linter.unnecessarySeqFocus false`
warning: Cloning/ScalarPowerExpansion.lean:14:65: Used `tac1 <;> tac2` where `(tac1; tac2)` would suffice

Note: This linter can be disabled with `set_option linter.unnecessarySeqFocus false`
warning: Cloning/ScalarPowerExpansion.lean:28:27: Used `tac1 <;> tac2` where `(tac1; tac2)` would suffice

Note: This linter can be disabled with `set_option linter.unnecessarySeqFocus false`
warning: Cloning/ScalarPowerExpansion.lean:28:36: Used `tac1 <;> tac2` where `(tac1; tac2)` would suffice

Note: This linter can be disabled with `set_option linter.unnecessarySeqFocus false`
⚠ [4444/4450] Built Cloning.ScalarTaylorInverse (4.4s)
warning: Cloning/ScalarTaylorInverse.lean:48:2: Used `tac1 <;> tac2` where `(tac1; tac2)` would suffice

Note: This linter can be disabled with `set_option linter.unnecessarySeqFocus false`
✔ [4445/4452] Built Cloning.SpectralAffineTopology (4.7s)
✔ [4446/4453] Built Cloning.PhysicalFlatRate (4.0s)
⚠ [4447/4453] Built Cloning.SampleRatioExpansion (4.8s)
warning: Cloning/SampleRatioExpansion.lean:23:33: This simp argument is unused:
  f

Hint: Omit it from the simp argument list.
  simp [f̵,̵α, ̲div_eq_mul_inv]

Note: This linter can be disabled with `set_option linter.unusedSimpArgs false`
warning: Cloning/SampleRatioExpansion.lean:35:40: This simp argument is unused:
  mul_inv

Hint: Omit it from the simp argument list.
  simp [α, m̵u̵l̵_̵i̵n̵v̵,̵ ̵d̵i̵v̵_̵e̵q̵_̵m̵u̵l̵_̵i̵n̵v̵,̵m̵u̵l̵_̵c̵o̵m̵m̵]̵d̲i̲v̲_̲e̲q̲_̲m̲u̲l̲_̲i̲n̲v̲,̲ ̲m̲u̲l̲_̲c̲o̲m̲m̲]̲

Note: This linter can be disabled with `set_option linter.unusedSimpArgs false`
warning: Cloning/SampleRatioExpansion.lean:23:23: Used `tac1 <;> tac2` where `(tac1; tac2)` would suffice

Note: This linter can be disabled with `set_option linter.unnecessarySeqFocus false`
warning: Cloning/SampleRatioExpansion.lean:30:4: Used `tac1 <;> tac2` where `(tac1; tac2)` would suffice

Note: This linter can be disabled with `set_option linter.unnecessarySeqFocus false`
✔ [4448/4454] Built Cloning.SpectralAffineTheorem (4.7s)
⚠ [4449/4454] Built Cloning.PhysicalFlatRateRounded (4.9s)
warning: Cloning/PhysicalFlatRateRounded.lean:17:59: this tactic is never executed

Note: This linter can be disabled with `set_option linter.unreachableTactic false`
warning: Cloning/PhysicalFlatRateRounded.lean:17:59: 'ring' tactic does nothing

Note: This linter can be disabled with `set_option linter.unusedTactic false`
✔ [4450/4455] Built Cloning.TensorRankOneCoupling (4.3s)
⚠ [4451/4458] Built Cloning.TensorRankOneGibbs (8.1s)
warning: Cloning/TensorRankOneGibbs.lean:23:46: This simp argument is unused:
  Pi.single_apply

Hint: Omit it from the simp argument list.
  simp [̵r̵e̵g̵i̵s̵t̵e̵r̵B̵a̵s̵i̵s̵_̵a̵p̵p̵l̵y̵,̵l̵p̵.̵s̵i̵n̵g̵l̵e̵_̵a̵p̵p̵l̵y̵,̵P̵i̵.̵s̵i̵n̵g̵l̵e̵_̵a̵p̵p̵l̵y̵]̵[̲r̲e̲g̲i̲s̲t̲e̲r̲B̲a̲s̲i̲s̲_̲a̲p̲p̲l̲y̲,̲ ̲l̲p̲.̲s̲i̲n̲g̲l̲e̲_̲a̲p̲p̲l̲y̲]̲

Note: This linter can be disabled with `set_option linter.unusedSimpArgs false`
warning: Cloning/TensorRankOneGibbs.lean:34:46: This simp argument is unused:
  Pi.single_apply

Hint: Omit it from the simp argument list.
  simp [̵r̵e̵g̵i̵s̵t̵e̵r̵B̵a̵s̵i̵s̵_̵a̵p̵p̵l̵y̵,̵l̵p̵.̵s̵i̵n̵g̵l̵e̵_̵a̵p̵p̵l̵y̵,̵P̵i̵.̵s̵i̵n̵g̵l̵e̵_̵a̵p̵p̵l̵y̵,̵h̵w̵,̵h̵z̵]̵[̲r̲e̲g̲i̲s̲t̲e̲r̲B̲a̲s̲i̲s̲_̲a̲p̲p̲l̲y̲,̲ ̲l̲p̲.̲s̲i̲n̲g̲l̲e̲_̲a̲p̲p̲l̲y̲,̲ ̲h̲w̲,̲ ̲h̲z̲]̲

Note: This linter can be disabled with `set_option linter.unusedSimpArgs false`
warning: Cloning/TensorRankOneGibbs.lean:43:46: This simp argument is unused:
  Pi.single_apply

Hint: Omit it from the simp argument list.
  simp [̵r̵e̵g̵i̵s̵t̵e̵r̵B̵a̵s̵i̵s̵_̵a̵p̵p̵l̵y̵,̵l̵p̵.̵s̵i̵n̵g̵l̵e̵_̵a̵p̵p̵l̵y̵,̵P̵i̵.̵s̵i̵n̵g̵l̵e̵_̵a̵p̵p̵l̵y̵]̵[̲r̲e̲g̲i̲s̲t̲e̲r̲B̲a̲s̲i̲s̲_̲a̲p̲p̲l̲y̲,̲ ̲l̲p̲.̲s̲i̲n̲g̲l̲e̲_̲a̲p̲p̲l̲y̲]̲

Note: This linter can be disabled with `set_option linter.unusedSimpArgs false`
warning: Cloning/TensorRankOneGibbs.lean:51:49: This simp argument is unused:
  Pi.single_apply

Hint: Omit it from the simp argument list.
  simp [̵h̵p̵,̵r̵e̵g̵i̵s̵t̵e̵r̵B̵a̵s̵i̵s̵_̵a̵p̵p̵l̵y̵,̵l̵p̵.̵s̵i̵n̵g̵l̵e̵_̵a̵p̵p̵l̵y̵,̵P̵i̵.̵s̵i̵n̵g̵l̵e̵_̵a̵p̵p̵l̵y̵,̵h̵w̵]̵[̲h̲p̲,̲ ̲r̲e̲g̲i̲s̲t̲e̲r̲B̲a̲s̲i̲s̲_̲a̲p̲p̲l̲y̲,̲ ̲l̲p̲.̲s̲i̲n̲g̲l̲e̲_̲a̲p̲p̲l̲y̲,̲ ̲h̲w̲]̲

Note: This linter can be disabled with `set_option linter.unusedSimpArgs false`
⚠ [4452/4459] Built Cloning.TensorRankOneProduct (19s)
warning: Cloning/TensorRankOneProduct.lean:105:4: This simp argument is unused:
  ContinuousLinearMap.comp_apply

Hint: Omit it from the simp argument list.
  simp only [̵O̵r̵t̵h̵o̵n̵o̵r̵m̵a̵l̵B̵a̵s̵i̵s̵.̵c̵o̵e̵_̵t̵o̵B̵a̵s̵i̵s̵,̵c̵a̵r̵t̵a̵n̵P̵r̵o̵d̵u̵c̵t̵B̵a̵s̵i̵s̵,̵p̵r̵o̵d̵u̵c̵t̵S̵e̵c̵t̵o̵r̵B̵a̵s̵i̵s̵_̵a̵p̵p̵l̵y̵,̵
  ̵ ̵ ̵ ̵ ̵C̵o̵n̵t̵i̵n̵u̵o̵u̵s̵L̵i̵n̵e̵a̵r̵M̵a̵p̵.̵c̵o̵m̵p̵_̵a̵p̵p̵l̵y̵]̵[̲O̲r̲t̲h̲o̲n̲o̲r̲m̲a̲l̲B̲a̲s̲i̲s̲.̲c̲o̲e̲_̲t̲o̲B̲a̲s̲i̲s̲,̲ ̲c̲a̲r̲t̲a̲n̲P̲r̲o̲d̲u̲c̲t̲B̲a̲s̲i̲s̲,̲ ̲p̲r̲o̲d̲u̲c̲t̲S̲e̲c̲t̲o̲r̲B̲a̲s̲i̲s̲_̲a̲p̲p̲l̲y̲]̲

Note: This linter can be disabled with `set_option linter.unusedSimpArgs false`
✔ [4453/4460] Built Cloning.WeylSqueezerPreparation (4.7s)
⚠ [4454/4460] Built Cloning.TensorRankOnePhase (8.8s)
warning: Cloning/TensorRankOnePhase.lean:51:55: This simp argument is unused:
  map_smul

Hint: Omit it from the simp argument list.
  simp only [map_smulₛₗ, ̲ContinuousLinearMap.smul_apply,m̵a̵p̵_̵ ̲smul,̵s̵m̵u̵l̵_smul, ̲starRingEnd_apply,
  ̲ ̲ ̲ ̲ ̲RingHom.id_apply]

Note: This linter can be disabled with `set_option linter.unusedSimpArgs false`
✔ [4455/4461] Built Cloning.YoungDimensionMomentRateAsymptotics (4.4s)
✔ [4456/4461] Built Cloning.WeylSqueezerChannel (4.1s)
⚠ [4457/4462] Built Cloning.CloningValueExpansionAlgebra (4.1s)
warning: Cloning/CloningValueExpansionAlgebra.lean:21:33: This simp argument is unused:
  iteratedDeriv_one

Hint: Omit it from the simp argument list.
  simp only [̵t̵a̵y̵l̵o̵r̵W̵i̵t̵h̵i̵n̵E̵v̵a̵l̵_̵s̵u̵c̵c̵,̵t̵a̵y̵l̵o̵r̵_̵w̵i̵t̵h̵i̵n̵_̵z̵e̵r̵o̵_̵e̵v̵a̵l̵,̵
  ̵ ̵ ̵ ̵ ̵ ̵ ̵ ̵ ̵i̵t̵e̵r̵a̵t̵e̵d̵D̵e̵r̵i̵v̵W̵i̵t̵h̵i̵n̵_̵u̵n̵i̵v̵,̵i̵t̵e̵r̵a̵t̵e̵d̵D̵e̵r̵i̵v̵_̵o̵n̵e̵,̵s̵m̵u̵l̵_̵e̵q̵_̵m̵u̵l̵,̵h̵z̵e̵r̵o̵,̵s̵u̵b̵_̵z̵e̵r̵o̵]̵[̲t̲a̲y̲l̲o̲r̲W̲i̲t̲h̲i̲n̲E̲v̲a̲l̲_̲s̲u̲c̲c̲,̲ ̲t̲a̲y̲l̲o̲r̲_̲w̲i̲t̲h̲i̲n̲_̲z̲e̲r̲o̲_̲e̲v̲a̲l̲,̲ ̲i̲t̲e̲r̲a̲t̲e̲d̲D̲e̲r̲i̲v̲W̲i̲t̲h̲i̲n̲_̲u̲n̲i̲v̲,̲
  ̲ ̲ ̲ ̲ ̲ ̲ ̲ ̲ ̲s̲m̲u̲l̲_̲e̲q̲_̲m̲u̲l̲,̲ ̲h̲z̲e̲r̲o̲,̲ ̲s̲u̲b̲_̲z̲e̲r̲o̲]̲

Note: This linter can be disabled with `set_option linter.unusedSimpArgs false`
warning: Cloning/CloningValueExpansionAlgebra.lean:29:21: Used `tac1 <;> tac2` where `(tac1; tac2)` would suffice

Note: This linter can be disabled with `set_option linter.unnecessarySeqFocus false`
warning: Cloning/CloningValueExpansionAlgebra.lean:29:31: Used `tac1 <;> tac2` where `(tac1; tac2)` would suffice

Note: This linter can be disabled with `set_option linter.unnecessarySeqFocus false`
warning: Cloning/CloningValueExpansionAlgebra.lean:59:20: Used `tac1 <;> tac2` where `(tac1; tac2)` would suffice

Note: This linter can be disabled with `set_option linter.unnecessarySeqFocus false`
warning: Cloning/CloningValueExpansionAlgebra.lean:59:30: Used `tac1 <;> tac2` where `(tac1; tac2)` would suffice

Note: This linter can be disabled with `set_option linter.unnecessarySeqFocus false`
✔ [4458/4462] Built Cloning.PBWSymmetricFrameRateCFC (10s)
✔ [4459/4462] Built Cloning.WeylSqueezerRepresentation (4.4s)
⚠ [4460/4463] Built Cloning.PCTFlatGaussianCrossLaw (5.0s)
warning: Cloning/PCTFlatGaussianCrossLaw.lean:24:0: automatically included section variable(s) unused in theorem `Cloning.PCTFlatGaussianCross.register_real_inner`:
  [DecidableEq C]
consider restructuring your `variable` declarations so that the variables are not in scope or explicitly omit them:
  omit [DecidableEq C] in theorem ...

Note: This linter can be disabled with `set_option linter.unusedSectionVars false`
warning: Cloning/PCTFlatGaussianCrossLaw.lean:31:0: automatically included section variable(s) unused in theorem `Cloning.PCTFlatGaussianCross.continuous_frameTangent`:
  [Fintype C]
  [DecidableEq C]
consider restructuring your `variable` declarations so that the variables are not in scope or explicitly omit them:
  omit [Fintype C] [DecidableEq C] in theorem ...

Note: This linter can be disabled with `set_option linter.unusedSectionVars false`
warning: Cloning/PCTFlatGaussianCrossLaw.lean:49:32: This simp argument is unused:
  Complex.star_def

Hint: Omit it from the simp argument list.
  simp [̵C̵o̵m̵p̵l̵e̵x̵.̵s̵t̵a̵r̵_̵d̵e̵f̵,̵C̵o̵m̵p̵l̵e̵x̵.̵m̵u̵l̵_̵r̵e̵,̵C̵o̵m̵p̵l̵e̵x̵.̵m̵u̵l̵_̵i̵m̵]̵[̲C̲o̲m̲p̲l̲e̲x̲.̲m̲u̲l̲_̲r̲e̲,̲ ̲C̲o̲m̲p̲l̲e̲x̲.̲m̲u̲l̲_̲i̲m̲]̲

Note: This linter can be disabled with `set_option linter.unusedSimpArgs false`
⚠ [4461/4468] Built Cloning.PCTFlatGaussianCrossReduction (4.2s)
warning: Cloning/PCTFlatGaussianCrossReduction.lean:19:0: automatically included section variable(s) unused in theorem `Cloning.PCTFlatGaussianCross.frame_card_sq`:
  [DecidableEq A]
consider restructuring your `variable` declarations so that the variables are not in scope or explicitly omit them:
  omit [DecidableEq A] in theorem ...

Note: This linter can be disabled with `set_option linter.unusedSectionVars false`
⚠ [4462/4469] Built Cloning.PCTProjectorPurityGaussianEnergy (3.9s)
warning: Cloning/PCTProjectorPurityGaussianEnergy.lean:42:6: 'ring' tactic does nothing

Note: This linter can be disabled with `set_option linter.unusedTactic false`
warning: Cloning/PCTProjectorPurityGaussianEnergy.lean:42:6: this tactic is never executed

Note: This linter can be disabled with `set_option linter.unreachableTactic false`
✔ [4463/4469] Built Cloning.TensorRankOneCartan (48s)
⚠ [4464/4469] Built Cloning.PCTProjectorPurityEnvelope (5.0s)
warning: Cloning/PCTProjectorPurityEnvelope.lean:28:27: unused variable `hS0`

Note: This linter can be disabled with `set_option linter.unusedVariables false`
warning: Cloning/PCTProjectorPurityEnvelope.lean:68:30: This simp argument is unused:
  lowerEnvelope

Hint: Omit it from the simp argument list.
  simp [l̵o̵w̵e̵r̵E̵n̵v̵e̵l̵o̵p̵e̵,̵supportLimit]

Note: This linter can be disabled with `set_option linter.unusedSimpArgs false`
warning: Cloning/PCTProjectorPurityEnvelope.lean:68:44: This simp argument is unused:
  supportLimit

Hint: Omit it from the simp argument list.
  simp [lowerEnvelope,̵s̵u̵p̵p̵o̵r̵t̵L̵i̵m̵i̵t̵]

Note: This linter can be disabled with `set_option linter.unusedSimpArgs false`
warning: Cloning/PCTProjectorPurityEnvelope.lean:68:20: Used `tac1 <;> tac2` where `(tac1; tac2)` would suffice

Note: This linter can be disabled with `set_option linter.unnecessarySeqFocus false`
warning: Cloning/PCTProjectorPurityEnvelope.lean:74:30: This simp argument is unused:
  internalError

Hint: Omit it from the simp argument list.
  simp ̵[̵i̵n̵t̵e̵r̵n̵a̵l̵E̵r̵r̵o̵r̵]̵

Note: This linter can be disabled with `set_option linter.unusedSimpArgs false`
warning: Cloning/PCTProjectorPurityEnvelope.lean:74:20: Used `tac1 <;> tac2` where `(tac1; tac2)` would suffice

Note: This linter can be disabled with `set_option linter.unnecessarySeqFocus false`
warning: Cloning/PCTProjectorPurityEnvelope.lean:81:32: This simp argument is unused:
  supportLimit

Hint: Omit it from the simp argument list.
  simp ̵[̵s̵u̵p̵p̵o̵r̵t̵L̵i̵m̵i̵t̵]̵

Note: This linter can be disabled with `set_option linter.unusedSimpArgs false`
warning: Cloning/PCTProjectorPurityEnvelope.lean:83:30: This simp argument is unused:
  upperEnvelope

Hint: Omit it from the simp argument list.
  simp [̵u̵p̵p̵e̵r̵E̵n̵v̵e̵l̵o̵p̵e̵,̵s̵u̵p̵p̵o̵r̵t̵L̵i̵m̵i̵t̵,̵i̵n̵t̵e̵r̵n̵a̵l̵E̵r̵r̵o̵r̵]̵[̲s̲u̲p̲p̲o̲r̲t̲L̲i̲m̲i̲t̲,̲ ̲i̲n̲t̲e̲r̲n̲a̲l̲E̲r̲r̲o̲r̲]̲

Note: This linter can be disabled with `set_option linter.unusedSimpArgs false`
warning: Cloning/PCTProjectorPurityEnvelope.lean:81:22: Used `tac1 <;> tac2` where `(tac1; tac2)` would suffice

Note: This linter can be disabled with `set_option linter.unnecessarySeqFocus false`
warning: Cloning/PCTProjectorPurityEnvelope.lean:83:20: Used `tac1 <;> tac2` where `(tac1; tac2)` would suffice

Note: This linter can be disabled with `set_option linter.unnecessarySeqFocus false`
⚠ [4465/4471] Built Cloning.PCTProjectorPurityGaussianSingle (4.0s)
warning: Cloning/PCTProjectorPurityGaussianSingle.lean:22:31: Used `tac1 <;> tac2` where `(tac1; tac2)` would suffice

Note: This linter can be disabled with `set_option linter.unnecessarySeqFocus false`
warning: Cloning/PCTProjectorPurityGaussianSingle.lean:44:53: 'ring' tactic does nothing

Note: This linter can be disabled with `set_option linter.unusedTactic false`
warning: Cloning/PCTProjectorPurityGaussianSingle.lean:44:53: this tactic is never executed

Note: This linter can be disabled with `set_option linter.unreachableTactic false`
warning: Cloning/PCTProjectorPurityGaussianSingle.lean:58:54: This simp argument is unused:
  one_mul

Hint: Omit it from the simp argument list.
  simp only [̵C̵o̵m̵p̵l̵e̵x̵.̵m̵e̵a̵s̵u̵r̵a̵b̵l̵e̵E̵q̵u̵i̵v̵P̵i̵_̵s̵y̵m̵m̵_̵a̵p̵p̵l̵y̵,̵C̵o̵m̵p̵l̵e̵x̵.̵a̵d̵d̵_̵r̵e̵,̵C̵o̵m̵p̵l̵e̵x̵.̵o̵f̵R̵e̵a̵l̵_̵r̵e̵,̵
  ̵ ̵ ̵ ̵ ̵ ̵ ̵C̵o̵m̵p̵l̵e̵x̵.̵m̵u̵l̵_̵r̵e̵,̵C̵o̵m̵p̵l̵e̵x̵.̵I̵_̵r̵e̵,̵C̵o̵m̵p̵l̵e̵x̵.̵o̵f̵R̵e̵a̵l̵_̵i̵m̵,̵C̵o̵m̵p̵l̵e̵x̵.̵I̵_̵i̵m̵,̵z̵e̵r̵o̵_̵m̵u̵l̵,̵m̵u̵l̵_̵z̵e̵r̵o̵,̵
  ̵ ̵ ̵ ̵ ̵ ̵ ̵s̵u̵b̵_̵z̵e̵r̵o̵,̵a̵d̵d̵_̵z̵e̵r̵o̵,̵C̵o̵m̵p̵l̵e̵x̵.̵a̵d̵d̵_̵i̵m̵,̵C̵o̵m̵p̵l̵e̵x̵.̵m̵u̵l̵_̵i̵m̵,̵o̵n̵e̵_̵m̵u̵l̵,̵z̵e̵r̵o̵_̵a̵d̵d̵,̵
  ̵ ̵ ̵ ̵ ̵ ̵ ̵F̵i̵n̵.̵p̵r̵o̵d̵_̵u̵n̵i̵v̵_̵t̵w̵o̵,̵M̵a̵t̵r̵i̵x̵.̵c̵o̵n̵s̵_̵v̵a̵l̵_̵z̵e̵r̵o̵,̵M̵a̵t̵r̵i̵x̵.̵c̵o̵n̵s̵_̵v̵a̵l̵_̵o̵n̵e̵,̵←̵R̵e̵a̵l̵.̵e̵x̵p̵_̵a̵d̵d̵]̵[̲C̲o̲m̲p̲l̲e̲x̲.̲m̲e̲a̲s̲u̲r̲a̲b̲l̲e̲E̲q̲u̲i̲v̲P̲i̲_̲s̲y̲m̲m̲_̲a̲p̲p̲l̲y̲,̲ ̲C̲o̲m̲p̲l̲e̲x̲.̲a̲d̲d̲_̲r̲e̲,̲ ̲C̲o̲m̲p̲l̲e̲x̲.̲o̲f̲R̲e̲a̲l̲_̲r̲e̲,̲
  ̲ ̲ ̲ ̲ ̲ ̲ ̲C̲o̲m̲p̲l̲e̲x̲.̲m̲u̲l̲_̲r̲e̲,̲ ̲C̲o̲m̲p̲l̲e̲x̲.̲I̲_̲r̲e̲,̲ ̲C̲o̲m̲p̲l̲e̲x̲.̲o̲f̲R̲e̲a̲l̲_̲i̲m̲,̲ ̲C̲o̲m̲p̲l̲e̲x̲.̲I̲_̲i̲m̲,̲ ̲z̲e̲r̲o̲_̲m̲u̲l̲,̲ ̲m̲u̲l̲_̲z̲e̲r̲o̲,̲ ̲s̲u̲b̲_̲z̲e̲r̲o̲,̲
  ̲ ̲ ̲ ̲ ̲ ̲ ̲a̲d̲d̲_̲z̲e̲r̲o̲,̲ ̲C̲o̲m̲p̲l̲e̲x̲.̲a̲d̲d̲_̲i̲m̲,̲ ̲C̲o̲m̲p̲l̲e̲x̲.̲m̲u̲l̲_̲i̲m̲,̲ ̲z̲e̲r̲o̲_̲a̲d̲d̲,̲ ̲F̲i̲n̲.̲p̲r̲o̲d̲_̲u̲n̲i̲v̲_̲t̲w̲o̲,̲ ̲M̲a̲t̲r̲i̲x̲.̲c̲o̲n̲s̲_̲v̲a̲l̲_̲z̲e̲r̲o̲,̲
  ̲ ̲ ̲ ̲ ̲ ̲ ̲M̲a̲t̲r̲i̲x̲.̲c̲o̲n̲s̲_̲v̲a̲l̲_̲o̲n̲e̲,̲ ̲←̲ ̲R̲e̲a̲l̲.̲e̲x̲p̲_̲a̲d̲d̲]̲

Note: This linter can be disabled with `set_option linter.unusedSimpArgs false`
warning: Cloning/PCTProjectorPurityGaussianSingle.lean:86:8: 'ring' tactic does nothing

Note: This linter can be disabled with `set_option linter.unusedTactic false`
warning: Cloning/PCTProjectorPurityGaussianSingle.lean:86:8: this tactic is never executed

Note: This linter can be disabled with `set_option linter.unreachableTactic false`
⚠ [4466/4472] Built Cloning.PCTProjectorPurityKernel (4.4s)
warning: Cloning/PCTProjectorPurityKernel.lean:38:2: Used `tac1 <;> tac2` where `(tac1; tac2)` would suffice

Note: This linter can be disabled with `set_option linter.unnecessarySeqFocus false`
warning: Cloning/PCTProjectorPurityKernel.lean:81:93: This simp argument is unused:
  mul_zero

Hint: Omit it from the simp argument list.
  simp only [Function.comp_def, ̲Complex.mul_re, ̲Complex.natCast_re, ̲Complex.natCast_im, ̲zero_̵m̵u̵l̵_̲m̲u̲l̲,m̵u̵l̵_̵z̵e̵r̵o̵,̵
      sub_zero, ̲Complex.sub_re, ̲Complex.one_re] at hh

Note: This linter can be disabled with `set_option linter.unusedSimpArgs false`
✔ [4467/4473] Built Cloning.PCTProjectorPurityGaussianCross (4.3s)
✔ [4468/4473] Built Cloning.PCTPurityFidelityBoundAlgebra (5.2s)
✔ [4469/4473] Built Cloning.PCTPurityFidelityPhysical (5.2s)
✔ [4470/4473] Built Cloning.PCTFlatGaussianCrossMoment (4.5s)
✔ [4471/4476] Built Cloning.PCTWernerLower (7.6s)
✔ [4472/4477] Built Cloning.PCTPurityFidelityBound (4.4s)
✔ [4473/4478] Built Cloning.SampleRatioFinite (5.0s)
⚠ [4474/4478] Built Cloning.PhysicalFlatRateBounded (5.9s)
warning: Cloning/PhysicalFlatRateBounded.lean:13:65: this tactic is never executed

Note: This linter can be disabled with `set_option linter.unreachableTactic false`
warning: Cloning/PhysicalFlatRateBounded.lean:13:65: 'ring' tactic does nothing

Note: This linter can be disabled with `set_option linter.unusedTactic false`
⚠ [4475/4479] Built Cloning.SampleRatioLimit (4.8s)
warning: Cloning/SampleRatioLimit.lean:13:23: Used `tac1 <;> tac2` where `(tac1; tac2)` would suffice

Note: This linter can be disabled with `set_option linter.unnecessarySeqFocus false`
✔ [4476/4480] Built Cloning.PhysicalFlatPCTFinite (5.2s)
✔ [4477/4484] Built Cloning.TensorRankOneWernerCovariance (5.7s)
⚠ [4478/4484] Built Cloning.CloningValueExpansionThermal (4.3s)
warning: Cloning/CloningValueExpansionThermal.lean:29:34: unused variable `hq`

Note: This linter can be disabled with `set_option linter.unusedVariables false`
warning: Cloning/CloningValueExpansionThermal.lean:51:6: 'ring' tactic does nothing

Note: This linter can be disabled with `set_option linter.unusedTactic false`
warning: Cloning/CloningValueExpansionThermal.lean:51:6: this tactic is never executed

Note: This linter can be disabled with `set_option linter.unreachableTactic false`
warning: Cloning/CloningValueExpansionThermal.lean:86:35: This simp argument is unused:
  amplified

Hint: Omit it from the simp argument list.
  simp only [̵a̵m̵p̵l̵i̵f̵i̵e̵d̵,̵i̵d̵_̵e̵q̵]̵[̲i̲d̲_̲e̲q̲]̲

Note: This linter can be disabled with `set_option linter.unusedSimpArgs false`
warning: Cloning/CloningValueExpansionThermal.lean:86:20: Used `tac1 <;> tac2` where `(tac1; tac2)` would suffice

Note: This linter can be disabled with `set_option linter.unnecessarySeqFocus false`
warning: Cloning/CloningValueExpansionThermal.lean:86:52: Used `tac1 <;> tac2` where `(tac1; tac2)` would suffice

Note: This linter can be disabled with `set_option linter.unnecessarySeqFocus false`
warning: Cloning/CloningValueExpansionThermal.lean:101:30: This simp argument is unused:
  pct

Hint: Omit it from the simp argument list.
  simp ̵[̵p̵c̵t̵]̵

Note: This linter can be disabled with `set_option linter.unusedSimpArgs false`
warning: Cloning/CloningValueExpansionThermal.lean:101:20: Used `tac1 <;> tac2` where `(tac1; tac2)` would suffice

Note: This linter can be disabled with `set_option linter.unnecessarySeqFocus false`
warning: Cloning/CloningValueExpansionThermal.lean:101:35: Used `tac1 <;> tac2` where `(tac1; tac2)` would suffice

Note: This linter can be disabled with `set_option linter.unnecessarySeqFocus false`
warning: Cloning/CloningValueExpansionThermal.lean:111:2: Used `tac1 <;> tac2` where `(tac1; tac2)` would suffice

Note: This linter can be disabled with `set_option linter.unnecessarySeqFocus false`
✔ [4479/4487] Built Cloning.TensorRankOneCopy (13s)
⚠ [4480/4488] Built Cloning.CloningValueExpansionClassical (5.0s)
warning: Cloning/CloningValueExpansionClassical.lean:24:33: This simp argument is unused:
  iteratedDeriv_one

Hint: Omit it from the simp argument list.
  simp only [̵t̵a̵y̵l̵o̵r̵W̵i̵t̵h̵i̵n̵E̵v̵a̵l̵_̵s̵u̵c̵c̵,̵t̵a̵y̵l̵o̵r̵_̵w̵i̵t̵h̵i̵n̵_̵z̵e̵r̵o̵_̵e̵v̵a̵l̵,̵
  ̵ ̵ ̵ ̵ ̵ ̵ ̵ ̵ ̵i̵t̵e̵r̵a̵t̵e̵d̵D̵e̵r̵i̵v̵W̵i̵t̵h̵i̵n̵_̵u̵n̵i̵v̵,̵i̵t̵e̵r̵a̵t̵e̵d̵D̵e̵r̵i̵v̵_̵o̵n̵e̵,̵s̵m̵u̵l̵_̵e̵q̵_̵m̵u̵l̵,̵s̵u̵b̵_̵z̵e̵r̵o̵]̵[̲t̲a̲y̲l̲o̲r̲W̲i̲t̲h̲i̲n̲E̲v̲a̲l̲_̲s̲u̲c̲c̲,̲ ̲t̲a̲y̲l̲o̲r̲_̲w̲i̲t̲h̲i̲n̲_̲z̲e̲r̲o̲_̲e̲v̲a̲l̲,̲ ̲i̲t̲e̲r̲a̲t̲e̲d̲D̲e̲r̲i̲v̲W̲i̲t̲h̲i̲n̲_̲u̲n̲i̲v̲,̲
  ̲ ̲ ̲ ̲ ̲ ̲ ̲ ̲ ̲s̲m̲u̲l̲_̲e̲q̲_̲m̲u̲l̲,̲ ̲s̲u̲b̲_̲z̲e̲r̲o̲]̲

Note: This linter can be disabled with `set_option linter.unusedSimpArgs false`
warning: Cloning/CloningValueExpansionClassical.lean:18:90: Used `tac1 <;> tac2` where `(tac1; tac2)` would suffice

Note: This linter can be disabled with `set_option linter.unnecessarySeqFocus false`
warning: Cloning/CloningValueExpansionClassical.lean:59:37: This simp argument is unused:
  f

Hint: Omit it from the simp argument list.
  simp only [f̵,̵id_eq]

Note: This linter can be disabled with `set_option linter.unusedSimpArgs false`
warning: Cloning/CloningValueExpansionClassical.lean:59:22: Used `tac1 <;> tac2` where `(tac1; tac2)` would suffice

Note: This linter can be disabled with `set_option linter.unnecessarySeqFocus false`
warning: Cloning/CloningValueExpansionClassical.lean:59:46: Used `tac1 <;> tac2` where `(tac1; tac2)` would suffice

Note: This linter can be disabled with `set_option linter.unnecessarySeqFocus false`
warning: Cloning/CloningValueExpansionClassical.lean:71:2: Used `tac1 <;> tac2` where `(tac1; tac2)` would suffice

Note: This linter can be disabled with `set_option linter.unnecessarySeqFocus false`
⚠ [4481/4488] Built Cloning.PBWSymmetricFrameRate (5.9s)
warning: Cloning/PBWSymmetricFrameRate.lean:18:0: automatically included section variable(s) unused in theorem `Cloning.PBWSymmetricFrame.synthesis_apply`:
  [DecidableEq ι]
  [CompleteSpace E]
  [CompleteSpace H]
consider restructuring your `variable` declarations so that the variables are not in scope or explicitly omit them:
  omit [DecidableEq ι] [CompleteSpace E] [CompleteSpace H] in theorem ...

Note: This linter can be disabled with `set_option linter.unusedSectionVars false`
warning: Cloning/PBWSymmetricFrameRate.lean:33:0: automatically included section variable(s) unused in theorem `Cloning.PBWSymmetricFrame.operator_eq_sum_rankOne`:
  [DecidableEq ι]
  [CompleteSpace E]
consider restructuring your `variable` declarations so that the variables are not in scope or explicitly omit them:
  omit [DecidableEq ι] [CompleteSpace E] in theorem ...

Note: This linter can be disabled with `set_option linter.unusedSectionVars false`
⚠ [4482/4489] Built Cloning.CloningValueExpansionProjector (4.2s)
warning: Cloning/CloningValueExpansionProjector.lean:25:4: Used `tac1 <;> tac2` where `(tac1; tac2)` would suffice

Note: This linter can be disabled with `set_option linter.unnecessarySeqFocus false`
⚠ [4483/4490] Built Cloning.CloningValueExpansion (4.3s)
warning: Cloning/CloningValueExpansion.lean:43:6: 'ring' tactic does nothing

Note: This linter can be disabled with `set_option linter.unusedTactic false`
warning: Cloning/CloningValueExpansion.lean:43:6: this tactic is never executed

Note: This linter can be disabled with `set_option linter.unreachableTactic false`
✔ [4484/4490] Built Cloning.TensorRankOneTransition (21s)
⚠ [4485/4491] Built Cloning.CloningValueExpansionThreshold (4.4s)
warning: Cloning/CloningValueExpansionThreshold.lean:24:2: Used `tac1 <;> tac2` where `(tac1; tac2)` would suffice

Note: This linter can be disabled with `set_option linter.unnecessarySeqFocus false`
⚠ [4486/4491] Built Cloning.PCTProjectorPurityDomination (4.0s)
warning: Cloning/PCTProjectorPurityDomination.lean:95:31: 'ring' tactic does nothing

Note: This linter can be disabled with `set_option linter.unusedTactic false`
warning: Cloning/PCTProjectorPurityDomination.lean:95:31: this tactic is never executed

Note: This linter can be disabled with `set_option linter.unreachableTactic false`
✔ [4487/4491] Built Cloning.PBWSymmetricFrameRateMatrix (16s)
⚠ [4488/4491] Built Cloning.CloningValueExpansionTarget (5.6s)
warning: Cloning/CloningValueExpansionTarget.lean:32:6: 'ring' tactic does nothing

Note: This linter can be disabled with `set_option linter.unusedTactic false`
warning: Cloning/CloningValueExpansionTarget.lean:32:6: this tactic is never executed

Note: This linter can be disabled with `set_option linter.unreachableTactic false`
✔ [4489/4492] Built Cloning.PCTProjectorPurityEnvelopeExpansion (5.5s)
⚠ [4490/4497] Built Cloning.PBWSymmetricFrameRatePhysical (5.9s)
warning: Cloning/PBWSymmetricFrameRatePhysical.lean:59:0: automatically included section variable(s) unused in theorem `Cloning.TensorLie.wordGramConstant_nonneg`:
  [DecidableEq ι]
consider restructuring your `variable` declarations so that the variables are not in scope or explicitly omit them:
  omit [DecidableEq ι] in theorem ...

Note: This linter can be disabled with `set_option linter.unusedSectionVars false`
✔ [4491/4498] Built Cloning.PCTProjectorPurityEnvelopePhysical (5.5s)
⚠ [4492/4499] Built Cloning.PCTProjectorPurityLimit (4.5s)
warning: Cloning/PCTProjectorPurityLimit.lean:19:45: unused variable `hδ`

Note: This linter can be disabled with `set_option linter.unusedVariables false`
⚠ [4493/4500] Built Cloning.PCTProjectorPurityEnvelopeRate (5.1s)
warning: Cloning/PCTProjectorPurityEnvelopeRate.lean:18:6: This simp argument is unused:
  iteratedDeriv_one

Hint: Omit it from the simp argument list.
  simp only [taylorWithinEval_succ, ̲taylor_within_zero_eval, ̲iteratedDerivWithin_univ,
        i̵t̵e̵r̵a̵t̵e̵d̵D̵e̵r̵i̵v̵_̵o̵n̵e̵,̵smul_eq_mul, ̲sub_zero]

Note: This linter can be disabled with `set_option linter.unusedSimpArgs false`
warning: Cloning/PCTProjectorPurityEnvelopeRate.lean:34:44: This simp argument is unused:
  f

Hint: Omit it from the simp argument list.
  simp ̵[̵f̵]̵

Note: This linter can be disabled with `set_option linter.unusedSimpArgs false`
warning: Cloning/PCTProjectorPurityEnvelopeRate.lean:34:34: Used `tac1 <;> tac2` where `(tac1; tac2)` would suffice

Note: This linter can be disabled with `set_option linter.unnecessarySeqFocus false`
warning: Cloning/PCTProjectorPurityEnvelopeRate.lean:34:47: Used `tac1 <;> tac2` where `(tac1; tac2)` would suffice

Note: This linter can be disabled with `set_option linter.unnecessarySeqFocus false`
warning: Cloning/PCTProjectorPurityEnvelopeRate.lean:71:16: unused variable `hη1`

Note: This linter can be disabled with `set_option linter.unusedVariables false`
✔ [4494/4501] Built Cloning.PCTProjectorPurityPhysical (8.1s)
✔ [4495/4501] Built Cloning.PCTRankPurificationGeneralAction (5.8s)
⚠ [4496/4502] Built Cloning.PCTRankPurificationGeneralEmbedding (5.6s)
warning: Cloning/PCTRankPurificationGeneralEmbedding.lean:49:44: Used `tac1 <;> tac2` where `(tac1; tac2)` would suffice

Note: This linter can be disabled with `set_option linter.unnecessarySeqFocus false`
✔ [4497/4503] Built Cloning.PCTProjectorPurityEnvelopeTheorem (4.8s)
✔ [4498/4503] Built Cloning.PCTRankPurificationGeneralOrbit (5.1s)
✔ [4499/4503] Built Cloning.PhysicalAllStateMinimax (5.2s)
✔ [4500/4505] Built Cloning.PCTProjectorPurityEnvelopeLimits (5.1s)
✔ [4501/4506] Built Cloning.PCTProjectorPurityTargets (5.3s)
✔ [4502/4507] Built Cloning.CloningValueComparisonMonotone (5.7s)
⚠ [4503/4507] Built Cloning.PBWSymmetricFrameRateWeightSpace (4.5s)
warning: Cloning/PBWSymmetricFrameRateWeightSpace.lean:16:0: automatically included section variable(s) unused in theorem `Cloning.PBWSymmetricFrame.span_inter_of_orthogonal`:
  [Fintype ι]
  [DecidableEq ι]
consider restructuring your `variable` declarations so that the variables are not in scope or explicitly omit them:
  omit [Fintype ι] [DecidableEq ι] in theorem ...

Note: This linter can be disabled with `set_option linter.unusedSectionVars false`
✔ [4504/4508] Built Cloning.CloningValueComparisonGeometric (3.6s)
✔ [4505/4510] Built Cloning.TensorRankOneGlobal (23s)
✔ [4506/4511] Built Cloning.PhysicalAllStateMinimaxLower (4.9s)
✔ [4507/4512] Built Cloning.PCTRankPurificationGeneralPhysical (5.4s)
✔ [4508/4512] Built Cloning.CloningValueComparisonInfimum (3.8s)
✔ [4509/4513] Built Cloning.CloningValueBoundaryCoefficients (4.5s)
⚠ [4510/4513] Built Cloning.CloningValueComparisonLargeGain (4.2s)
warning: Cloning/CloningValueComparisonLargeGain.lean:61:2: Used `tac1 <;> tac2` where `(tac1; tac2)` would suffice

Note: This linter can be disabled with `set_option linter.unnecessarySeqFocus false`
✔ [4511/4523] Built Cloning.PCTRankPurificationGeneralTheorem (4.9s)
⚠ [4512/4524] Built Cloning.PCTRankPurificationGeneralPurification (5.7s)
warning: Cloning/PCTRankPurificationGeneralPurification.lean:22:0: automatically included section variable(s) unused in theorem `Cloning.PCTRankPurification.environmentRow_inner`:
  [Fintype A]
  [DecidableEq A]
  [DecidableEq E]
consider restructuring your `variable` declarations so that the variables are not in scope or explicitly omit them:
  omit [Fintype A] [DecidableEq A] [DecidableEq E] in theorem ...

Note: This linter can be disabled with `set_option linter.unusedSectionVars false`
warning: Cloning/PCTRankPurificationGeneralPurification.lean:68:66: This simp argument is unused:
  eq_comm

Hint: Omit it from the simp argument list.
  simp [register_inner_single, ̲lp.single_apply, ̲Pi.single_apply,̵e̵q̵_̵c̵o̵m̵m̵]

Note: This linter can be disabled with `set_option linter.unusedSimpArgs false`
✔ [4513/4524] Built Cloning.PBWSymmetricFrameRateBlocks (6.7s)
✔ [4514/4525] Built Cloning.PhysicalAllStateMinimaxBounds (4.9s)
⚠ [4515/4525] Built Cloning.PCTRankPurificationGeneralHaar (5.3s)
warning: Cloning/PCTRankPurificationGeneralHaar.lean:18:0: automatically included section variable(s) unused in theorem `Cloning.PCTRankPurification.environmentRotate_purificationEnvironment_mul`:
  [DecidableEq A]
consider restructuring your `variable` declarations so that the variables are not in scope or explicitly omit them:
  omit [DecidableEq A] in theorem ...

Note: This linter can be disabled with `set_option linter.unusedSectionVars false`
✔ [4516/4526] Built Cloning.PhysicalCloningSmallError (5.0s)
✔ [4517/4526] Built Cloning.PBWSymmetricFrameRateGram (4.0s)
⚠ [4518/4526] Built Cloning.PBWSymmetricFrameRateCartanBounds (5.1s)
warning: Cloning/PBWSymmetricFrameRateCartanBounds.lean:104:5: unused variable `he`

Note: This linter can be disabled with `set_option linter.unusedVariables false`
✔ [4519/4527] Built Cloning.PBWSymmetricFrameRateWord (5.2s)
✔ [4520/4527] Built Cloning.PCTRankPurificationGeneralFinite (4.9s)
✔ [4521/4528] Built Cloning.SpectralGapCompact (5.3s)
✔ [4522/4528] Built Cloning.SpectralRatioMajorization (4.5s)
✔ [4523/4529] Built Cloning.PBWSymmetricFrameRateCartanGrouping (4.5s)
✔ [4524/4530] Built Cloning.PCTPrescribedRankGuarantee (4.7s)
✔ [4525/4530] Built Cloning.SpectralGapThreshold (5.2s)
✔ [4526/4530] Built Cloning.SpectralRatioMajorizationCounterexample (5.4s)
✔ [4527/4531] Built Cloning.PBWSymmetricFrameRateCartan (6.8s)
⚠ [4528/4532] Built Cloning.ThermalNearPure (3.8s)
warning: Cloning/ThermalNearPure.lean:27:40: 'ring' tactic does nothing

Note: This linter can be disabled with `set_option linter.unusedTactic false`
warning: Cloning/ThermalNearPure.lean:27:40: this tactic is never executed

Note: This linter can be disabled with `set_option linter.unreachableTactic false`
warning: Cloning/ThermalNearPure.lean:60:4: Used `tac1 <;> tac2` where `(tac1; tac2)` would suffice

Note: This linter can be disabled with `set_option linter.unnecessarySeqFocus false`
warning: Cloning/ThermalNearPure.lean:92:2: Used `tac1 <;> tac2` where `(tac1; tac2)` would suffice

Note: This linter can be disabled with `set_option linter.unnecessarySeqFocus false`
✔ [4529/4533] Built Cloning.YoungGeneralSharpConcentration (4.9s)
✔ [4530/4534] Built Cloning.TensorCloningShrinkingWindows (5.8s)
✔ [4531/4535] Built Cloning.YoungUniformCharacterWindows (4.2s)
✔ [4532/4536] Built Cloning.QubitDegeneracy (16s)
✔ [4533/4538] Built Cloning.TensorSchurDecompositionSharpConcentration (6.3s)
✔ [4534/4539] Built Cloning.InfiniteFidelityRegularizedLimit (4.7s)
✔ [4535/4540] Built Cloning.TensorCloningShrinkingMixture (6.3s)
✔ [4536/4541] Built Cloning.YoungPhysicalRoundingUniformDensity (4.6s)
✔ [4537/4541] Built Cloning.HybridWeightedFidelityLimit (5.4s)
✔ [4538/4542] Built Cloning.TensorCloningLiftedFactorization (8.6s)
✔ [4539/4545] Built Cloning.HybridScorePolytope (4.3s)
✔ [4540/4546] Built Cloning.HybridFlatBody (4.7s)
✔ [4541/4547] Built Cloning.MatrixRankCompressionFidelity (4.1s)
✔ [4542/4548] Built Cloning.HybridGaussianFlatBody (4.0s)
✔ [4543/4551] Built Cloning.TensorRankCartanRestriction (16s)
✔ [4544/4551] Built Cloning.HybridGaussianScoreOptimum (4.8s)
✔ [4545/4552] Built Cloning.TensorRankCartanCompression (4.9s)
✔ [4546/4553] Built Cloning.ScoreReferenceMeasure (5.3s)
ℹ [4547/4555] Built LiftedSectorFidelity (5.0s)
info: LiftedSectorFidelity.lean:56:0: Cloning.MatrixFidelity.lifted_matrix_factorization_bound.{u_1, u_2, u_3} {ι : Type u_1} [Fintype ι] [DecidableEq ι]
  {d : ι → Type u_2} {s : ι → Type u_3} [(i : ι) → Fintype (d i)] [(i : ι) → DecidableEq (d i)]
  [(i : ι) → Fintype (s i)] [(i : ι) → DecidableEq (s i)] (X G : (i : ι) → Matrix (d i) (d i) ℂ)
  (ρ : (i : ι) → Cloning.MatrixFidelity.State (d i)) (τ : (i : ι) → Cloning.MatrixFidelity.State (s i)) (p : ι → ℝ)
  (c η : ℝ) (hX : ∀ (i : ι), (X i).PosSemidef) (hG : ∀ (i : ι), (G i).PosSemidef)
  (hdiff : ∀ (i : ι), (X i - G i).PosSemidef) (hp : ∀ (i : ι), 0 ≤ p i) (hpsum : ∑ i, p i = 1)
  (hXmass : ∑ i, (X i).trace.re ≤ 1) (hc0 : 0 ≤ c) (hc1 : c ≤ 1) (hη : 0 ≤ η)
  (hsector :
    ∀ (i : ι),
      0 < (G i).trace.re →
        |Cloning.MatrixFidelity.fidelity (Cloning.MatrixFidelity.normalizedBlock (G i)) (ρ i).matrix - c| ≤ η) :
  |Cloning.MatrixFidelity.fidelity
          (Matrix.blockDiagonal' fun i => Matrix.kroneckerMap (fun x1 x2 => x1 * x2) (X i) (τ i).matrix)
          (Matrix.blockDiagonal' fun i =>
            Matrix.kroneckerMap (fun x1 x2 => x1 * x2) (p i • (ρ i).matrix) (τ i).matrix) -
        c * Cloning.BlockFidelity.classicalAffinity (fun i => (X i).trace.re) p| ≤
    η + 2 * √(∑ i, ((X i).trace.re - (G i).trace.re))
info: LiftedSectorFidelity.lean:57:0: Cloning.MatrixCovariantBalance.cartanChannel_of_irreducible_intertwiner.{u_1, u_2, u_3, u_4} {G : Type u_1}
  {A : Type u_2} [Monoid G] [Fintype A] [DecidableEq A] {B : Type u_3} {C : Type u_4} [Fintype B] [Fintype C]
  [DecidableEq B] [DecidableEq C] (ρ : Representation ℂ G (A → ℂ)) (σ : Representation ℂ G (B → ℂ))
  (τ : Representation ℂ G (C → ℂ)) [ρ.IsIrreducible] (V : Matrix (A × B) C ℂ) (hA : 0 < Fintype.card A)
  (hC : 0 < Fintype.card C) (hV : V.conjTranspose * V = 1)
  (hρ : ∀ (g : G), (LinearMap.toMatrix' (ρ g)).conjTranspose * LinearMap.toMatrix' (ρ g) = 1)
  (hσ : ∀ (g : G), (LinearMap.toMatrix' (σ g)).conjTranspose * LinearMap.toMatrix' (σ g) = 1)
  (hτ : ∀ (g : G), LinearMap.toMatrix' (τ g) * (LinearMap.toMatrix' (τ g)).conjTranspose = 1)
  (hintertwine :
    ∀ (g : G),
      Matrix.kroneckerMap (fun x1 x2 => x1 * x2) (LinearMap.toMatrix' (ρ g)) (LinearMap.toMatrix' (σ g)) * V =
        V * LinearMap.toMatrix' (τ g)) :
  Cloning.Channels.MatrixChannel A C
info: LiftedSectorFidelity.lean:58:0: Cloning.MatrixFidelity.lifted_matrix_fidelity_converges.{u_1, u_2, u_3} {I : ℕ → Type u_1} [(n : ℕ) → Fintype (I n)]
  [(n : ℕ) → DecidableEq (I n)] {d : (n : ℕ) → I n → Type u_2} {s : (n : ℕ) → I n → Type u_3}
  [(n : ℕ) → (i : I n) → Fintype (d n i)] [(n : ℕ) → (i : I n) → DecidableEq (d n i)]
  [(n : ℕ) → (i : I n) → Fintype (s n i)] [(n : ℕ) → (i : I n) → DecidableEq (s n i)]
  (X G : (n : ℕ) → (i : I n) → Matrix (d n i) (d n i) ℂ)
  (ρ : (n : ℕ) → (i : I n) → Cloning.MatrixFidelity.State (d n i))
  (τ : (n : ℕ) → (i : I n) → Cloning.MatrixFidelity.State (s n i)) (p : (n : ℕ) → I n → ℝ) (η : ℕ → ℝ) (c l : ℝ)
  (hX : ∀ (n : ℕ) (i : I n), (X n i).PosSemidef) (hG : ∀ (n : ℕ) (i : I n), (G n i).PosSemidef)
  (hdiff : ∀ (n : ℕ) (i : I n), (X n i - G n i).PosSemidef) (hp : ∀ (n : ℕ) (i : I n), 0 ≤ p n i)
  (hpsum : ∀ (n : ℕ), ∑ i, p n i = 1) (hXmass : ∀ (n : ℕ), ∑ i, (X n i).trace.re ≤ 1) (hc0 : 0 ≤ c) (hc1 : c ≤ 1)
  (hη : ∀ (n : ℕ), 0 ≤ η n)
  (hsector :
    ∀ (n : ℕ) (i : I n),
      0 < (G n i).trace.re →
        |Cloning.MatrixFidelity.fidelity (Cloning.MatrixFidelity.normalizedBlock (G n i)) (ρ n i).matrix - c| ≤ η n)
  (hηlimit : Filter.Tendsto η Filter.atTop (nhds 0))
  (hmass : Filter.Tendsto (fun n => ∑ i, ((X n i).trace.re - (G n i).trace.re)) Filter.atTop (nhds 0))
  (hlabel :
    Filter.Tendsto (fun n => Cloning.BlockFidelity.classicalAffinity (fun i => (X n i).trace.re) (p n)) Filter.atTop
      (nhds l)) :
  Filter.Tendsto
    (fun n =>
      Cloning.MatrixFidelity.fidelity
        (Matrix.blockDiagonal' fun i => Matrix.kroneckerMap (fun x1 x2 => x1 * x2) (X n i) (τ n i).matrix)
        (Matrix.blockDiagonal' fun i =>
          Matrix.kroneckerMap (fun x1 x2 => x1 * x2) (p n i • (ρ n i).matrix) (τ n i).matrix))
    Filter.atTop (nhds (c * l))
info: LiftedSectorFidelity.lean:59:0: Cloning.MatrixTransitionAchievability.transition_achievability_bound.{u_1, u_2, u_3, u_4, u_5} {μ : Type u_1}
  {ν : Type u_2} [Fintype μ] {α : μ → Type u_3} {β : ν → Type u_4} [(i : μ) → Fintype (α i)] [(j : ν) → Fintype (β j)]
  [(j : ν) → DecidableEq (β j)] [Fintype ν] [DecidableEq ν] {κ : ν → Type u_5} [(j : ν) → Fintype (κ j)]
  [(j : ν) → DecidableEq (κ j)] (Φ : (i : μ) → (j : ν) → Cloning.Channels.MatrixChannel (α i) (β j))
  (ρ : (i : μ) → Cloning.MatrixFidelity.State (α i)) (σ : (j : ν) → Cloning.MatrixFidelity.State (β j))
  (τ : (j : ν) → Cloning.MatrixFidelity.State (κ j)) {joint : μ → ν → ℝ} (hjoint : ∀ (i : μ) (j : ν), 0 ≤ joint i j)
  (keep : μ → ν → Prop) (p : ν → ℝ) (c η : ℝ) (hp : ∀ (j : ν), 0 ≤ p j) (hpsum : ∑ j, p j = 1)
  (hjointmass : ∑ j, ∑ i, joint i j ≤ 1) (hc0 : 0 ≤ c) (hc1 : c ≤ 1) (hη : 0 ≤ η)
  (hindividual :
    ∀ (i : μ) (j : ν),
      keep i j → 0 < joint i j → c - η ≤ Cloning.MatrixFidelity.fidelity ((Φ i j).toFun (ρ i).matrix) (σ j).matrix) :
  c * Cloning.BlockFidelity.classicalAffinity (fun j => ∑ i, joint i j) p - η -
      √(∑ j, ∑ i, Cloning.MatrixLiftedTrimming.discardedJoint joint keep i j) ≤
    Cloning.MatrixFidelity.fidelity (Cloning.MatrixLiftedChannel.liftedOutput Φ ρ τ joint)
      (Matrix.blockDiagonal' fun j => Matrix.kroneckerMap (fun x1 x2 => x1 * x2) (p j • (σ j).matrix) (τ j).matrix)
info: LiftedSectorFidelity.lean:60:0: Cloning.PBW.normalized_gram_error_le_of_root_filtration.{u_1, u_2} {ι : Type u_1} {H : Type u_2} [DecidableEq ι]
  [Fintype ι] [NormedAddCommGroup H] [InnerProductSpace ℂ H] (F A : ι → H →L[ℂ] H) (K : ℕ → Submodule ℂ H)
  (hK : Monotone K) (Ω : H) (hΩmem : Ω ∈ K 0) (hnorm : inner ℂ Ω Ω = 1)
  (hadj : ∀ (i : ι) (x y : H), inner ℂ ((F i) x) y = inner ℂ x ((A i) y)) (hzero : ∀ (i : ι), ∀ x ∈ K 0, (A i) x = 0)
  (hlower : ∀ (i : ι) (r : ℕ), ∀ x ∈ K (r + 1), (A i) x ∈ K r) (D L : ℕ)
  (hraise : ∀ (i : ι) (r : ℕ), ∀ x ∈ K r, (F i) x ∈ K (r + D)) (ε : ℝ) (hε : 0 ≤ ε) (hεone : ε ≤ 1)
  (hcomm : ∀ (i j : ι), ∀ r ≤ L * D, ∀ x ∈ K r, ‖Cloning.PBW.commutatorDefect F A i j x‖ ≤ ε * ‖x‖) (u v : List ι)
  (hu : u.length ≤ L) (hv : v.length ≤ L) :
  ‖inner ℂ (Cloning.PBW.normalizedWord F u Ω) (Cloning.PBW.normalizedWord F v Ω) - if u.Perm v then 1 else 0‖ ≤
    ↑(Cloning.PBW.gramConstant L u.length) * (√(↑(L * D) + 1) * √2) ^ (2 * L) * ε
info: LiftedSectorFidelity.lean:61:0: Cloning.PBW.normalized_gram_tendsto_of_cutoff.{u_1, u_3} {ι : Type u_1} [DecidableEq ι] [Fintype ι] (E : ℕ → Type u_3)
  [(n : ℕ) → NormedAddCommGroup (E n)] [(n : ℕ) → InnerProductSpace ℂ (E n)] (F A : (n : ℕ) → ι → E n →L[ℂ] E n)
  (K : (n : ℕ) → ℕ → Submodule ℂ (E n)) (Ω : (n : ℕ) → E n) (L : ℕ) (M : ℝ) (ε : ℕ → ℝ) (hM : 1 ≤ M)
  (hε : ∀ (n : ℕ), 0 ≤ ε n) (hεlim : Filter.Tendsto ε Filter.atTop (nhds 0)) (hK : ∀ (n : ℕ), Monotone (K n))
  (hΩmem : ∀ (n : ℕ), Ω n ∈ K n 0) (hnorm : ∀ (n : ℕ), inner ℂ (Ω n) (Ω n) = 1)
  (hΩ : ∀ (n : ℕ) (i : ι), (A n i) (Ω n) = 0)
  (hadj : ∀ (n : ℕ) (i : ι) (x y : E n), inner ℂ ((F n i) x) y = inner ℂ x ((A n i) y))
  (hF : ∀ (n : ℕ) (i : ι) (r : ℕ), ∀ x ∈ K n r, (F n i) x ∈ K n (r + 1))
  (hA : ∀ (n : ℕ) (i : ι) (r : ℕ), ∀ x ∈ K n r, (A n i) x ∈ K n (r + 1))
  (hbound : ∀ (n : ℕ) (i : ι), ∀ r ≤ L, ∀ x ∈ K n r, ‖(F n i) x‖ ≤ M * ‖x‖)
  (hcomm : ∀ (n : ℕ) (i j : ι), ∀ r ≤ L, ∀ x ∈ K n r, ‖Cloning.PBW.commutatorDefect (F n) (A n) i j x‖ ≤ ε n * ‖x‖)
  (u v : List ι) (hu : u.length ≤ L) (hv : v.length ≤ L) :
  Filter.Tendsto
    (fun n => inner ℂ (Cloning.PBW.normalizedWord (F n) u (Ω n)) (Cloning.PBW.normalizedWord (F n) v (Ω n)))
    Filter.atTop (nhds (if u.Perm v then 1 else 0))
info: LiftedSectorFidelity.lean:62:0: Cloning.TensorLie.slotGenerator_apply.{u_1} {A : Type u_1} [Fintype A] [DecidableEq A] {n : ℕ} (t : Fin n) (a b : A)
  (x : ↥(Cloning.TensorLie.TensorRegister n A)) (w : Fin n → A) :
  ↑((Cloning.TensorLie.slotGenerator t a b) x) w = if w t = a then ↑x (Function.update w t b) else 0
info: LiftedSectorFidelity.lean:63:0: Cloning.TensorLie.collectiveGenerator_adjoint.{u_1} {A : Type u_1} [Fintype A] [DecidableEq A] {n : ℕ} (a b : A) :
  ContinuousLinearMap.adjoint (Cloning.TensorLie.collectiveGenerator n a b) =
    Cloning.TensorLie.collectiveGenerator n b a
info: LiftedSectorFidelity.lean:64:0: Cloning.TensorLie.collectiveGenerator_commutator.{u_1} {A : Type u_1} [Fintype A] [DecidableEq A] {n : ℕ}
  (a b c e : A) :
  Cloning.TensorLie.collectiveGenerator n a b * Cloning.TensorLie.collectiveGenerator n c e -
      Cloning.TensorLie.collectiveGenerator n c e * Cloning.TensorLie.collectiveGenerator n a b =
    (if b = c then Cloning.TensorLie.collectiveGenerator n a e else 0) -
      if e = a then Cloning.TensorLie.collectiveGenerator n c b else 0
info: LiftedSectorFidelity.lean:65:0: Cloning.TensorLie.collectiveGenerator_diagonal.{u_1} {A : Type u_1} [Fintype A] [DecidableEq A] {n : ℕ} (a : A)
  (x : ↥(Cloning.TensorLie.TensorRegister n A)) (w : Fin n → A) :
  ↑((Cloning.TensorLie.collectiveGenerator n a a) x) w = ↑(Cloning.TensorLie.occupancy w a) * ↑x w
info: LiftedSectorFidelity.lean:66:0: Cloning.TensorLie.highestTensor_norm (n d : ℕ) : ‖Cloning.TensorLie.highestTensor n d‖ = 1
info: LiftedSectorFidelity.lean:67:0: Cloning.TensorLie.highestTensor_raising_zero (n d : ℕ) (a b : Fin (d + 1)) (hab : a < b) :
  (Cloning.TensorLie.collectiveGenerator n a b) (Cloning.TensorLie.highestTensor n d) = 0
info: LiftedSectorFidelity.lean:68:0: Cloning.TensorLie.highestTensor_cartan (n d : ℕ) (a : Fin (d + 1)) :
  (Cloning.TensorLie.collectiveGenerator n a a) (Cloning.TensorLie.highestTensor n d) =
    (if a = 0 then ↑n else 0) • Cloning.TensorLie.highestTensor n d
info: LiftedSectorFidelity.lean:69:0: Cloning.TensorLie.collectiveGenerator_lowers_cutoff {n d : ℕ} (a b : Fin (d + 1)) (hab : a < b) (r : ℕ)
  (x : ↥(Cloning.TensorLie.TensorRegister n (Fin (d + 1)))) (hx : x ∈ Cloning.TensorLie.heightCutoff n d (r + 1)) :
  (Cloning.TensorLie.collectiveGenerator n a b) x ∈ Cloning.TensorLie.heightCutoff n d r
info: LiftedSectorFidelity.lean:70:0: Cloning.TensorLie.collectiveGenerator_raises_cutoff {n d : ℕ} (a b : Fin (d + 1)) (r : ℕ)
  (x : ↥(Cloning.TensorLie.TensorRegister n (Fin (d + 1)))) (hx : x ∈ Cloning.TensorLie.heightCutoff n d r) :
  (Cloning.TensorLie.collectiveGenerator n b a) x ∈ Cloning.TensorLie.heightCutoff n d (r + d)
info: LiftedSectorFidelity.lean:71:0: Cloning.TensorLie.exists_partitionHighestTensor {d : ℕ} (μ : Fin d → ℕ) (hμ : Antitone μ) :
  ∃ Ω,
    ‖Ω‖ = 1 ∧
      (∀ (a b : Fin d), a < b → (Cloning.TensorLie.collectiveGenerator (∑ i, μ i) a b) Ω = 0) ∧
        ∀ (a : Fin d), (Cloning.TensorLie.collectiveGenerator (∑ i, μ i) a a) Ω = ↑(μ a) • Ω
info: LiftedSectorFidelity.lean:72:0: Cloning.TensorLie.normalized_CCR_norm_le {n d : ℕ} (Ω : ↥(Cloning.TensorLie.TensorRegister n (Fin d))) (mu : Fin d → ℕ)
  (hweight : ∀ (a : Fin d), (Cloning.TensorLie.collectiveGenerator n a a) Ω = ↑(mu a) • Ω)
  (hraise : ∀ (a b : Fin d), a < b → (Cloning.TensorLie.collectiveGenerator n a b) Ω = 0) (r : ℕ)
  {x : ↥(Cloning.TensorLie.TensorRegister n (Fin d))} (hx : x ∈ Cloning.TensorLie.cyclicCutoff Ω ↑r) (a b c e : Fin d)
  {δ : ℝ} (hδ : 0 < δ) (hab : δ ≤ ↑(mu a) - ↑(mu b)) (hce : δ ≤ ↑(mu c) - ↑(mu e)) :
  ‖(Cloning.TensorLie.normalizedAnnihilator n mu a b) ((Cloning.TensorLie.normalizedCreator n mu c e) x) -
          (Cloning.TensorLie.normalizedCreator n mu c e) ((Cloning.TensorLie.normalizedAnnihilator n mu a b) x) -
        (if (a, b) = (c, e) then 1 else 0) • x‖ ≤
    Cloning.TensorLie.rootError r δ * ‖x‖
info: LiftedSectorFidelity.lean:73:0: Cloning.TensorLie.partition_normalized_gram_error_le.{u_1} {d : ℕ} {ι : Type u_1} [Fintype ι] [DecidableEq ι]
  (root : ι → Cloning.TensorLie.PositiveRoot d) (hinj : Function.Injective root) (mu : Fin d → ℕ) (hmu : Antitone mu)
  (L : ℕ) {δ : ℝ} (hδ : 2 * (↑(L * d) + 1) ≤ δ) (hgap : ∀ (i : ι), δ ≤ ↑(mu (↑(root i)).1) - ↑(mu (↑(root i)).2))
  (u v : List ι) (hu : u.length ≤ L) (hv : v.length ≤ L) :
  ‖inner ℂ
          (Cloning.PBW.normalizedWord
            (fun i => Cloning.TensorLie.normalizedCreator (∑ j, mu j) mu (↑(root i)).1 (↑(root i)).2) u
            (Cloning.TensorLie.partitionHighestTensor mu hmu))
          (Cloning.PBW.normalizedWord
            (fun i => Cloning.TensorLie.normalizedCreator (∑ j, mu j) mu (↑(root i)).1 (↑(root i)).2) v
            (Cloning.TensorLie.partitionHighestTensor mu hmu)) -
        if u.Perm v then 1 else 0‖ ≤
    ↑(Cloning.PBW.gramConstant L u.length) * (√(↑(L * d) + 1) * √2) ^ (2 * L) * Cloning.TensorLie.rootError (L * d) δ
info: LiftedSectorFidelity.lean:74:0: Cloning.TensorLie.partition_normalized_gram_tendsto.{u_1} {d : ℕ} {ι : Type u_1} [Fintype ι] [DecidableEq ι]
  (root : ι → Cloning.TensorLie.PositiveRoot d) (hinj : Function.Injective root) (mu : ℕ → Fin d → ℕ)
  (hmu : ∀ (N : ℕ), Antitone (mu N)) (δ : ℕ → ℝ) (hδ : Filter.Tendsto δ Filter.atTop Filter.atTop)
  (hgap : ∀ᶠ (N : ℕ) in Filter.atTop, ∀ (i : ι), δ N ≤ ↑(mu N (↑(root i)).1) - ↑(mu N (↑(root i)).2)) (u v : List ι) :
  Filter.Tendsto
    (fun N =>
      inner ℂ
        (Cloning.PBW.normalizedWord
          (fun i => Cloning.TensorLie.normalizedCreator (∑ j, mu N j) (mu N) (↑(root i)).1 (↑(root i)).2) u
          (Cloning.TensorLie.partitionHighestTensor (mu N) ⋯))
        (Cloning.PBW.normalizedWord
          (fun i => Cloning.TensorLie.normalizedCreator (∑ j, mu N j) (mu N) (↑(root i)).1 (↑(root i)).2) v
          (Cloning.TensorLie.partitionHighestTensor (mu N) ⋯)))
    Filter.atTop (nhds (if u.Perm v then 1 else 0))
info: LiftedSectorFidelity.lean:75:0: Cloning.TensorLie.partition_normalized_gramMatrix_tendsto.{u_1, u_2} {d : ℕ} {ι : Type u_1} [Fintype ι] [DecidableEq ι]
  {κ : Type u_2} [Fintype κ] [DecidableEq κ] (root : ι → Cloning.TensorLie.PositiveRoot d)
  (hinj : Function.Injective root) (mu : ℕ → Fin d → ℕ) (hmu : ∀ (N : ℕ), Antitone (mu N)) (δ : ℕ → ℝ)
  (hδ : Filter.Tendsto δ Filter.atTop Filter.atTop)
  (hgap : ∀ᶠ (N : ℕ) in Filter.atTop, ∀ (i : ι), δ N ≤ ↑(mu N (↑(root i)).1) - ↑(mu N (↑(root i)).2))
  (words : κ → List ι) (hwords : ∀ (i j : κ), (words i).Perm (words j) ↔ i = j) :
  Filter.Tendsto
    (fun N i j =>
      inner ℂ
        (Cloning.PBW.normalizedWord
          (fun a => Cloning.TensorLie.normalizedCreator (∑ k, mu N k) (mu N) (↑(root a)).1 (↑(root a)).2) (words i)
          (Cloning.TensorLie.partitionHighestTensor (mu N) ⋯))
        (Cloning.PBW.normalizedWord
          (fun a => Cloning.TensorLie.normalizedCreator (∑ k, mu N k) (mu N) (↑(root a)).1 (↑(root a)).2) (words j)
          (Cloning.TensorLie.partitionHighestTensor (mu N) ⋯)))
    Filter.atTop (nhds 1)
info: LiftedSectorFidelity.lean:76:0: Cloning.TensorLie.partition_normalizedWord_eventually_linearIndependent.{u_1, u_2} {d : ℕ} {ι : Type u_1} {κ : Type u_2}
  [Fintype ι] [DecidableEq ι] [Fintype κ] [DecidableEq κ] (root : ι → Cloning.TensorLie.PositiveRoot d)
  (hinj : Function.Injective root) (mu : ℕ → Fin d → ℕ) (hmu : ∀ (N : ℕ), Antitone (mu N)) (δ : ℕ → ℝ)
  (hδ : Filter.Tendsto δ Filter.atTop Filter.atTop)
  (hgap : ∀ᶠ (N : ℕ) in Filter.atTop, ∀ (i : ι), δ N ≤ ↑(mu N (↑(root i)).1) - ↑(mu N (↑(root i)).2))
  (words : κ → List ι) (hwords : ∀ (i j : κ), (words i).Perm (words j) ↔ i = j) :
  ∀ᶠ (N : ℕ) in Filter.atTop,
    LinearIndependent ℂ fun i =>
      Cloning.PBW.normalizedWord
        (fun a => Cloning.TensorLie.normalizedCreator (∑ k, mu N k) (mu N) (↑(root a)).1 (↑(root a)).2) (words i)
        (Cloning.TensorLie.partitionHighestTensor (mu N) ⋯)
info: LiftedSectorFidelity.lean:77:0: Cloning.TensorLie.tensorSchurTransform (n d : ℕ) :
  ↥(Cloning.TensorLie.TensorRegister n (Fin d)) ≃ₗᵢ[ℂ]
    ↥(Cloning.TensorLie.CanonicalSectorSum (Cloning.TensorLie.tensorDecompositionList n d))
info: LiftedSectorFidelity.lean:78:0: Cloning.TensorLie.tensorSchurTransform_intertwines {n d : ℕ} (X : Matrix (Fin d) (Fin d) ℂ)
  (x : ↥(Cloning.TensorLie.TensorRegister n (Fin d))) :
  (Cloning.TensorLie.tensorSchurTransform n d) ((Cloning.TensorLie.tensorOperator n X) x) =
    (Cloning.TensorLie.physicalSchurBlockOperator (Cloning.TensorLie.tensorDecompositionList n d) X)
      ((Cloning.TensorLie.tensorSchurTransform n d) x)
info: LiftedSectorFidelity.lean:79:0: Cloning.TensorLie.partition_eventually_canonicalCutoffBasis {d : ℕ} (mu : ℕ → Fin d → ℕ)
  (hmu : ∀ (N : ℕ), Antitone (mu N)) (δ : ℕ → ℝ) (hδ : Filter.Tendsto δ Filter.atTop Filter.atTop)
  (hgap : ∀ᶠ (N : ℕ) in Filter.atTop, ∀ (a : Cloning.TensorLie.PositiveRoot d), δ N ≤ ↑(mu N (↑a).1) - ↑(mu N (↑a).2))
  (R : ℕ) :
  ∀ᶠ (N : ℕ) in Filter.atTop,
    ∃ b,
      ∀ (k : Cloning.TensorLie.HeightOccupation d R),
        ↑(b k) =
          Cloning.TensorLie.normalizedLoweringWord (Cloning.TensorLie.partitionHighestTensor (mu N) ⋯) (mu N)
            (Cloning.TensorLie.canonicalWord ↑k)
info: LiftedSectorFidelity.lean:80:0: Cloning.TensorLie.gramSchmidtNormed_sub_tendsto_zero.{u_1, u_2} {H : ℕ → Type u_1} [(N : ℕ) → NormedAddCommGroup (H N)]
  [(N : ℕ) → InnerProductSpace ℂ (H N)] {ι : Type u_2} [LinearOrder ι] [LocallyFiniteOrderBot ι] [WellFoundedLT ι]
  (v : (N : ℕ) → ι → H N)
  (hgram : ∀ (i j : ι), Filter.Tendsto (fun N => inner ℂ (v N i) (v N j)) Filter.atTop (nhds (if i = j then 1 else 0)))
  (i : ι) : Filter.Tendsto (fun N => ‖InnerProductSpace.gramSchmidtNormed ℂ (v N) i - v N i‖) Filter.atTop (nhds 0)
info: LiftedSectorFidelity.lean:81:0: Cloning.TensorLie.cartanWordMatrixElement_tendsto {d : ℕ} (mu nu : ℕ → Fin d → ℕ) (hmu : ∀ (N : ℕ), Antitone (mu N))
  (hnu : ∀ (N : ℕ), Antitone (nu N)) (δmu δnu : ℕ → ℝ) (hδmu : Filter.Tendsto δmu Filter.atTop Filter.atTop)
  (hδnu : Filter.Tendsto δnu Filter.atTop Filter.atTop)
  (hmuGap :
    ∀ᶠ (N : ℕ) in Filter.atTop, ∀ (a : Cloning.TensorLie.PositiveRoot d), δmu N ≤ Cloning.TensorLie.rootGap (mu N) a)
  (hnuGap :
    ∀ᶠ (N : ℕ) in Filter.atTop, ∀ (a : Cloning.TensorLie.PositiveRoot d), δnu N ≤ Cloning.TensorLie.rootGap (nu N) a)
  (t : Cloning.TensorLie.PositiveRoot d → ℝ)
  (ht :
    ∀ (a : Cloning.TensorLie.PositiveRoot d),
      Filter.Tendsto (fun N => Cloning.TensorLie.rootFraction (mu N) (nu N) a) Filter.atTop (nhds (t a)))
  (w u v : List (Cloning.TensorLie.PositiveRoot d)) :
  Filter.Tendsto (fun N => Cloning.TensorLie.cartanWordMatrixElement (mu N) (nu N) ⋯ ⋯ w u v) Filter.atTop
    (nhds (Cloning.TensorLie.occupationSplitMatrixElement t w u v))
info: LiftedSectorFidelity.lean:83:0: Cloning.TensorLie.partition_cyclicSector_irreducible {d : ℕ} (mu : Fin d → ℕ) (hmu : Antitone mu)
  (W : Submodule ℂ ↥(Cloning.TensorLie.TensorRegister (∑ i, mu i) (Fin d)))
  (hWS : W ≤ Cloning.TensorLie.cyclicSector (Cloning.TensorLie.partitionHighestTensor mu hmu))
  (hW : ∀ (a b : Fin d), ∀ x ∈ W, (Cloning.TensorLie.collectiveGenerator (∑ i, mu i) a b) x ∈ W) :
  W = ⊥ ∨ W = Cloning.TensorLie.cyclicSector (Cloning.TensorLie.partitionHighestTensor mu hmu)
info: LiftedSectorFidelity.lean:84:0: Cloning.TensorLie.highest_loweringWord_gram_eq {n m d : ℕ} (Ω : ↥(Cloning.TensorLie.TensorRegister n (Fin d)))
  (Ψ : ↥(Cloning.TensorLie.TensorRegister m (Fin d))) (mu : Fin d → ℂ)
  (hΩweight : ∀ (a : Fin d), (Cloning.TensorLie.collectiveGenerator n a a) Ω = mu a • Ω)
  (hΨweight : ∀ (a : Fin d), (Cloning.TensorLie.collectiveGenerator m a a) Ψ = mu a • Ψ)
  (hΩraise : ∀ (a b : Fin d), a < b → (Cloning.TensorLie.collectiveGenerator n a b) Ω = 0)
  (hΨraise : ∀ (a b : Fin d), a < b → (Cloning.TensorLie.collectiveGenerator m a b) Ψ = 0) (hΩnorm : ‖Ω‖ = 1)
  (hΨnorm : ‖Ψ‖ = 1) (u v : List (Cloning.TensorLie.PositiveRoot d)) :
  inner ℂ (Cloning.TensorLie.loweringWord Ω u) (Cloning.TensorLie.loweringWord Ω v) =
    inner ℂ (Cloning.TensorLie.loweringWord Ψ u) (Cloning.TensorLie.loweringWord Ψ v)
info: LiftedSectorFidelity.lean:85:0: Cloning.TensorLie.highestCyclicIsometry {n m d : ℕ} (Ω : ↥(Cloning.TensorLie.TensorRegister n (Fin d)))
  (Ψ : ↥(Cloning.TensorLie.TensorRegister m (Fin d))) (mu : Fin d → ℂ)
  (hΩweight : ∀ (a : Fin d), (Cloning.TensorLie.collectiveGenerator n a a) Ω = mu a • Ω)
  (hΨweight : ∀ (a : Fin d), (Cloning.TensorLie.collectiveGenerator m a a) Ψ = mu a • Ψ)
  (hΩraise : ∀ (a b : Fin d), a < b → (Cloning.TensorLie.collectiveGenerator n a b) Ω = 0)
  (hΨraise : ∀ (a b : Fin d), a < b → (Cloning.TensorLie.collectiveGenerator m a b) Ψ = 0) (hΩnorm : ‖Ω‖ = 1)
  (hΨnorm : ‖Ψ‖ = 1) : ↥(Cloning.TensorLie.cyclicSector Ω) ≃ₗᵢ[ℂ] ↥(Cloning.TensorLie.cyclicSector Ψ)
info: LiftedSectorFidelity.lean:86:0: Cloning.TensorLie.highestCyclicIsometry_tensorOperator {n d m : ℕ} (Ω : ↥(Cloning.TensorLie.TensorRegister n (Fin d)))
  (Ψ : ↥(Cloning.TensorLie.TensorRegister m (Fin d))) (mu : Fin d → ℂ)
  (hΩweight : ∀ (a : Fin d), (Cloning.TensorLie.collectiveGenerator n a a) Ω = mu a • Ω)
  (hΨweight : ∀ (a : Fin d), (Cloning.TensorLie.collectiveGenerator m a a) Ψ = mu a • Ψ)
  (hΩraise : ∀ (a b : Fin d), a < b → (Cloning.TensorLie.collectiveGenerator n a b) Ω = 0)
  (hΨraise : ∀ (a b : Fin d), a < b → (Cloning.TensorLie.collectiveGenerator m a b) Ψ = 0) (hΩnorm : ‖Ω‖ = 1)
  (hΨnorm : ‖Ψ‖ = 1) (X : Matrix (Fin d) (Fin d) ℂ) (x : ↥(Cloning.TensorLie.cyclicSector Ω)) :
  (Cloning.TensorLie.highestCyclicIsometry Ω Ψ mu hΩweight hΨweight hΩraise hΨraise hΩnorm hΨnorm)
      ((Cloning.TensorLie.cyclicTensorOperator Ω mu hΩweight hΩraise X) x) =
    (Cloning.TensorLie.cyclicTensorOperator Ψ mu hΨweight hΨraise X)
      ((Cloning.TensorLie.highestCyclicIsometry Ω Ψ mu hΩweight hΨweight hΩraise hΨraise hΩnorm hΨnorm) x)
info: LiftedSectorFidelity.lean:87:0: Cloning.TensorLie.cyclicUnitary {n d : ℕ} (Ω : ↥(Cloning.TensorLie.TensorRegister n (Fin d))) (mu : Fin d → ℂ)
  (hweight : ∀ (a : Fin d), (Cloning.TensorLie.collectiveGenerator n a a) Ω = mu a • Ω)
  (hraise : ∀ (a b : Fin d), a < b → (Cloning.TensorLie.collectiveGenerator n a b) Ω = 0) (U : Matrix (Fin d) (Fin d) ℂ)
  (hU : U.conjTranspose * U = 1) : ↥(Cloning.TensorLie.cyclicSector Ω) ≃ₗᵢ[ℂ] ↥(Cloning.TensorLie.cyclicSector Ω)
info: LiftedSectorFidelity.lean:88:0: Cloning.TensorLie.cartanInclusion {d : ℕ} (mu nu : Fin d → ℕ) (hmu : Antitone mu) (hnu : Antitone nu) :
  ↥(Cloning.TensorLie.cyclicSector (Cloning.TensorLie.partitionHighestTensor (fun i => mu i + nu i) ⋯)) →ₗᵢ[ℂ]
    ↥(Cloning.TensorLie.tensorProductSector
        (Cloning.TensorLie.cyclicSector (Cloning.TensorLie.partitionHighestTensor mu hmu))
        (Cloning.TensorLie.cyclicSector (Cloning.TensorLie.partitionHighestTensor nu hnu)))
info: LiftedSectorFidelity.lean:89:0: Cloning.TensorLie.cartanInclusion_intertwines {d : ℕ} (mu nu : Fin d → ℕ) (hmu : Antitone mu) (hnu : Antitone nu)
  (a b : Fin d)
  (x : ↥(Cloning.TensorLie.cyclicSector (Cloning.TensorLie.partitionHighestTensor (fun i => mu i + nu i) ⋯))) :
  (Cloning.TensorLie.cartanInclusion mu nu hmu hnu)
      ((Cloning.TensorLie.partitionGenerator (fun i => mu i + nu i) ⋯ a b) x) =
    (Cloning.TensorLie.productPartitionGenerator mu nu hmu hnu a b)
      ((Cloning.TensorLie.cartanInclusion mu nu hmu hnu) x)
info: LiftedSectorFidelity.lean:90:0: Cloning.TensorLie.cartanAmbientInclusion_range {d : ℕ} (mu nu : Fin d → ℕ) (hmu : Antitone mu) (hnu : Antitone nu) :
  (Cloning.TensorLie.cartanAmbientInclusion mu nu hmu hnu).range =
    Cloning.TensorLie.cyclicSector (Cloning.TensorLie.cartanHighest mu nu hmu hnu)
info: LiftedSectorFidelity.lean:91:0: Cloning.MatrixLiftedCPTP.channel.{u_1, u_2, u_3, u_4, u_5, u_6} {μ : Type u_1} {ν : Type u_2} [Fintype μ] [Fintype ν]
  [DecidableEq μ] [DecidableEq ν] {α : μ → Type u_3} {χ : μ → Type u_4} {β : ν → Type u_5} {κ : ν → Type u_6}
  [(i : μ) → Fintype (α i)] [(i : μ) → Fintype (χ i)] [(j : ν) → Fintype (β j)] [(j : ν) → Fintype (κ j)]
  [(i : μ) → DecidableEq (α i)] [(i : μ) → DecidableEq (χ i)] [(j : ν) → DecidableEq (β j)]
  [(j : ν) → DecidableEq (κ j)] (Φ : (i : μ) → (j : ν) → Cloning.Channels.MatrixChannel (α i) (β j)) (K : μ → ν → ℝ)
  (hK : ∀ (i : μ) (j : ν), 0 ≤ K i j) (hKsum : ∀ (i : μ), ∑ j, K i j = 1)
  (τ : (j : ν) → Cloning.MatrixFidelity.State (κ j)) :
  Cloning.Channels.MatrixChannel ((i : μ) × α i × χ i) ((j : ν) × β j × κ j)
info: LiftedSectorFidelity.lean:92:0: Cloning.MatrixLiftedCPTP.registerChannel.{u_1, u_2} {α : Type u_1} {β : Type u_2} [Fintype α] [Fintype β]
  [DecidableEq α] [DecidableEq β] (Φ : Cloning.Channels.MatrixChannel α β) :
  Cloning.InfiniteTraceClass.QuantumChannel ↥(Cloning.PCT.Register α) ↥(Cloning.PCT.Register β)
info: LiftedSectorFidelity.lean:93:0: Cloning.MatrixLiftedCPTP.physicalChannel.{u_1, u_2, u_3, u_4, u_5, u_6} {μ : Type u_1} {ν : Type u_2} [Fintype μ]
  [Fintype ν] [DecidableEq μ] [DecidableEq ν] {α : μ → Type u_3} {χ : μ → Type u_4} {β : ν → Type u_5}
  {κ : ν → Type u_6} [(i : μ) → Fintype (α i)] [(i : μ) → Fintype (χ i)] [(j : ν) → Fintype (β j)]
  [(j : ν) → Fintype (κ j)] [(i : μ) → DecidableEq (α i)] [(i : μ) → DecidableEq (χ i)] [(j : ν) → DecidableEq (β j)]
  [(j : ν) → DecidableEq (κ j)] (Φ : (i : μ) → (j : ν) → Cloning.Channels.MatrixChannel (α i) (β j)) (K : μ → ν → ℝ)
  (hK : ∀ (i : μ) (j : ν), 0 ≤ K i j) (hKsum : ∀ (i : μ), ∑ j, K i j = 1)
  (τ : (j : ν) → Cloning.MatrixFidelity.State (κ j)) :
  Cloning.InfiniteTraceClass.QuantumChannel ↥(Cloning.PCT.Register ((i : μ) × α i × χ i))
    ↥(Cloning.PCT.Register ((j : ν) × β j × κ j))
info: LiftedSectorFidelity.lean:94:0: Cloning.MatrixLiftedCPTP.physicalChannel_weightedInput.{u_1, u_2, u_3, u_4, u_5, u_6} {μ : Type u_1} {ν : Type u_2}
  [Fintype μ] [Fintype ν] [DecidableEq μ] [DecidableEq ν] {α : μ → Type u_3} {χ : μ → Type u_4} {β : ν → Type u_5}
  {κ : ν → Type u_6} [(i : μ) → Fintype (α i)] [(i : μ) → Fintype (χ i)] [(j : ν) → Fintype (β j)]
  [(j : ν) → Fintype (κ j)] [(i : μ) → DecidableEq (α i)] [(i : μ) → DecidableEq (χ i)] [(j : ν) → DecidableEq (β j)]
  [(j : ν) → DecidableEq (κ j)] (Φ : (i : μ) → (j : ν) → Cloning.Channels.MatrixChannel (α i) (β j)) (K : μ → ν → ℝ)
  (hK : ∀ (i : μ) (j : ν), 0 ≤ K i j) (hKsum : ∀ (i : μ), ∑ j, K i j = 1)
  (τ : (j : ν) → Cloning.MatrixFidelity.State (κ j)) (ρ : (i : μ) → Cloning.MatrixFidelity.State (α i))
  (σ : (i : μ) → Cloning.MatrixFidelity.State (χ i)) (p : μ → ℝ) :
  (Cloning.MatrixLiftedCPTP.physicalChannel Φ K hK hKsum τ).toLinearMap
      (Cloning.PCTPurificationChannel.registerLiftCLM
        (Matrix.blockDiagonal' fun i => Matrix.kroneckerMap (fun x1 x2 => x1 * x2) (p i • (ρ i).matrix) (σ i).matrix)) =
    Cloning.PCTPurificationChannel.registerLiftCLM
      (Cloning.MatrixLiftedChannel.liftedOutput Φ ρ τ (Cloning.MatrixLiftedChannel.kernelJoint p K))
info: LiftedSectorFidelity.lean:96:0: Cloning.TensorLie.physicalCartanBalance {d : ℕ} (mu nu : Fin d → ℕ) (hmu : Antitone mu) (hnu : Antitone nu) :
  Cloning.Compression.partialTrace
      (Cloning.TensorLie.cartanMatrix mu nu hmu hnu * (Cloning.TensorLie.cartanMatrix mu nu hmu hnu).conjTranspose) =
    (↑(Cloning.TensorLie.partitionDimension (fun i => mu i + nu i) ⋯) /
        ↑(Cloning.TensorLie.partitionDimension mu hmu)) •
      1
info: LiftedSectorFidelity.lean:97:0: Cloning.TensorLie.physicalCartanMatrixChannel {d : ℕ} (mu nu : Fin d → ℕ) (hmu : Antitone mu) (hnu : Antitone nu) :
  Cloning.Channels.MatrixChannel (Cloning.TensorLie.PartitionIndex mu hmu)
    (Cloning.TensorLie.PartitionIndex (fun i => mu i + nu i) ⋯)
info: LiftedSectorFidelity.lean:98:0: Cloning.TensorLie.physicalCartanChannel {d : ℕ} (mu nu : Fin d → ℕ) (hmu : Antitone mu) (hnu : Antitone nu) :
  Cloning.InfiniteTraceClass.QuantumChannel
    ↥(Cloning.TensorLie.cyclicSector (Cloning.TensorLie.partitionHighestTensor mu hmu))
    ↥(Cloning.TensorLie.cyclicSector (Cloning.TensorLie.partitionHighestTensor (fun i => mu i + nu i) ⋯))
info: LiftedSectorFidelity.lean:99:0: Cloning.TensorLie.physicalCartanChannel_partitionMatrixOperator {d : ℕ} (mu nu : Fin d → ℕ) (hmu : Antitone mu)
  (hnu : Antitone nu)
  (X : Matrix (Cloning.TensorLie.PartitionIndex mu hmu) (Cloning.TensorLie.PartitionIndex mu hmu) ℂ) :
  (Cloning.TensorLie.physicalCartanChannel mu nu hmu hnu).toLinearMap
      (Cloning.TensorLie.partitionMatrixOperator mu hmu X) =
    Cloning.TensorLie.partitionMatrixOperator (fun i => mu i + nu i) ⋯
      (Cloning.Compression.sectorMap (↑(Cloning.TensorLie.partitionDimension mu hmu))
        (↑(Cloning.TensorLie.partitionDimension (fun i => mu i + nu i) ⋯))
        (Cloning.TensorLie.cartanMatrix mu nu hmu hnu) X)
info: LiftedSectorFidelity.lean:100:0: Cloning.TensorLie.recursivePhysicalDecomposition_copyCount (n d : ℕ) (mu : Fin d → ℕ) :
  Cloning.TensorLie.physicalCopyCount (Cloning.TensorLie.recursivePhysicalDecomposition n d) mu =
    Cloning.YoungGeneral.standardCount n mu
info: LiftedSectorFidelity.lean:101:0: Cloning.TensorLie.cartanGibbsPositive_rootFidelity_tendsto {d : ℕ} (mu nu : ℕ → Fin d → ℕ)
  (hmu : ∀ (N : ℕ), Antitone (mu N)) (hnu : ∀ (N : ℕ), Antitone (nu N)) (δmu δnu : ℕ → ℝ)
  (hδmu : Filter.Tendsto δmu Filter.atTop Filter.atTop) (hδnu : Filter.Tendsto δnu Filter.atTop Filter.atTop)
  (hmuGap :
    ∀ᶠ (N : ℕ) in Filter.atTop, ∀ (a : Cloning.TensorLie.PositiveRoot d), δmu N ≤ Cloning.TensorLie.rootGap (mu N) a)
  (hnuGap :
    ∀ᶠ (N : ℕ) in Filter.atTop, ∀ (a : Cloning.TensorLie.PositiveRoot d), δnu N ≤ Cloning.TensorLie.rootGap (nu N) a)
  (t : Cloning.TensorLie.PositiveRoot d → ℝ) (ht0 : ∀ (a : Cloning.TensorLie.PositiveRoot d), 0 < t a)
  (ht1 : ∀ (a : Cloning.TensorLie.PositiveRoot d), t a ≤ 1)
  (ht :
    ∀ (a : Cloning.TensorLie.PositiveRoot d),
      Filter.Tendsto (fun N => Cloning.TensorLie.rootFraction (mu N) (nu N) a) Filter.atTop (nhds (t a)))
  (pN : ℕ → Fin d → ℝ) (hpN : ∀ (N : ℕ) (a : Fin d), 0 < pN N a) (p : Fin d → ℝ) (hp : ∀ (a : Fin d), 0 < p a)
  (hord : StrictAnti p) (hlim : ∀ (a : Fin d), Filter.Tendsto (fun N => pN N a) Filter.atTop (nhds (p a))) :
  Filter.Tendsto
    (fun N =>
      (Cloning.TensorLie.cartanGibbsPositive (mu N) (nu N) ⋯ ⋯ (pN N) ⋯).rootFidelity
        (Cloning.TensorLie.partitionGibbsPositive (fun a => mu N a + nu N a) ⋯ (pN N) ⋯))
    Filter.atTop
    (nhds
      (∏ a,
        Cloning.Thermal.fidelity (Cloning.TensorLie.amplifiedRootParameter t (Cloning.TensorLie.rootBoltzmann p) a)
          (Cloning.TensorLie.rootBoltzmann p a)))
info: LiftedSectorFidelity.lean:102:0: Cloning.TensorCloning.universalChannel_covariant (n m d : ℕ) (U : Matrix (Fin (d + 1)) (Fin (d + 1)) ℂ)
  (hU : U.conjTranspose * U = 1)
  (A : Cloning.InfiniteTraceClass.TraceClass ↥(Cloning.TensorLie.TensorRegister n (Fin (d + 1)))) :
  (Cloning.TensorCloning.universalChannel n m d).toLinearMap
      ((Cloning.InfiniteTraceClass.conjugationLinearMap (Cloning.TensorLie.tensorOperator n U)) A) =
    (Cloning.InfiniteTraceClass.conjugationLinearMap (Cloning.TensorLie.tensorOperator m U))
      ((Cloning.TensorCloning.universalChannel n m d).toLinearMap A)
info: LiftedSectorFidelity.lean:103:0: Cloning.InfiniteFidelityHilbertSum.rootFidelity_orthogonalSum.{u_1, u_2, u_3, u_4} {H : Type u_1} [NormedAddCommGroup H]
  [InnerProductSpace ℂ H] [CompleteSpace H] {I : Type u_2} [Fintype I] [DecidableEq I] {J : I → Type u_3}
  [(i : I) → Fintype (J i)] [(i : I) → DecidableEq (J i)] {E : I → Type u_4} [(i : I) → NormedAddCommGroup (E i)]
  [(i : I) → InnerProductSpace ℂ (E i)] [∀ (i : I), CompleteSpace (E i)] (V : (i : I) → E i →ₗᵢ[ℂ] H)
  (hV : OrthogonalFamily ℂ E V) (b : (i : I) → OrthonormalBasis (J i) ℂ (E i))
  (A B : (i : I) → Cloning.Hybrid.PositiveTraceClass (E i)) :
  (Cloning.InfiniteFidelityHilbertSum.orthogonalSum V A).rootFidelity
      (Cloning.InfiniteFidelityHilbertSum.orthogonalSum V B) =
    ∑ i, (A i).rootFidelity (B i)
info: LiftedSectorFidelity.lean:105:0: Cloning.TensorLie.eventually_weightGram_rate {d : ℕ} (R : ℕ) (c : ℝ) (hc : 0 < c) :
  ∃ C,
    0 ≤ C ∧
      ∀ᶠ (N : ℕ) in Filter.atTop,
        ∀ (mu : Fin d → ℕ) (hmu : Antitone mu),
          (∀ (a : Cloning.TensorLie.PositiveRoot d), c * ↑N ≤ Cloning.TensorLie.rootGap mu a) →
            ∀ (η : Fin d → ℤ),
              IsUnit (Matrix.gram ℂ (Cloning.TensorLie.weightRawFrame mu hmu R η)) ∧
                ∀ (i j : Cloning.TensorLie.WeightOccupation d R η),
                  ‖inner ℂ (Cloning.TensorLie.weightRawFrame mu hmu R η i)
                          (Cloning.TensorLie.weightRawFrame mu hmu R η j) -
                        if i = j then 1 else 0‖ ≤
                    C / √↑N
info: LiftedSectorFidelity.lean:106:0: Cloning.TensorLie.eventually_weightSymmetricBasis_rate {d : ℕ} (R : ℕ) (c : ℝ) (hc : 0 < c) :
  ∃ C,
    0 ≤ C ∧
      ∀ᶠ (N : ℕ) in Filter.atTop,
        ∀ (mu : Fin d → ℕ) (hmu : Antitone mu),
          (∀ (a : Cloning.TensorLie.PositiveRoot d), c * ↑N ≤ Cloning.TensorLie.rootGap mu a) →
            ∀ (η : Fin d → ℤ),
              ∑ a, ↑↑a * η a ≤ ↑R →
                ∃ b,
                  (∀ (i : Cloning.TensorLie.WeightOccupation d R η),
                      ↑(b i) = Cloning.TensorLie.weightSymmetricFrame mu hmu R η i) ∧
                    ∀ (i : Cloning.TensorLie.WeightOccupation d R η),
                      ‖Cloning.TensorLie.weightSymmetricFrame mu hmu R η i -
                            Cloning.TensorLie.weightRawFrame mu hmu R η i‖ ≤
                        C / √↑N
info: LiftedSectorFidelity.lean:107:0: Cloning.TensorLie.eventually_cartan_symmetricFrame_product_rate {d : ℕ} (R : ℕ) (c : ℝ) (hc : 0 < c) :
  ∃ C,
    0 ≤ C ∧
      ∀ᶠ (N : ℕ) in Filter.atTop,
        ∀ (mu nu : Fin d → ℕ) (hmu : Antitone mu) (hnu : Antitone nu),
          (∀ (a : Cloning.TensorLie.PositiveRoot d), c * ↑N ≤ Cloning.TensorLie.rootGap mu a) →
            (∀ (a : Cloning.TensorLie.PositiveRoot d), c * ↑N ≤ Cloning.TensorLie.rootGap nu a) →
              ∀ (k : Cloning.TensorLie.HeightOccupation d R),
                ‖(Cloning.TensorLie.cartanAmbientInclusion mu nu hmu hnu)
                        (Cloning.TensorLie.blockSymmetricSectorFrame (fun a => mu a + nu a) ⋯ R k) -
                      ∑ uv ∈ (Cloning.TensorLie.loweringSplits (Cloning.TensorLie.canonicalWord ↑k)).toFinset,
                        ↑(∏ a,
                              Cloning.Occupation.splitAmplitude (List.count a (Cloning.TensorLie.canonicalWord ↑k))
                                (List.count a uv.1) (Cloning.TensorLie.rootFraction mu nu a)) •
                          Cloning.TensorLie.tensorJoin (Cloning.TensorLie.wordSymmetricFrame mu hmu R uv.1)
                            (Cloning.TensorLie.wordSymmetricFrame nu hnu R uv.2)‖ ≤
                  C / √↑N
info: LiftedSectorFidelity.lean:108:0: Cloning.TensorCloning.eventually_uniform_shrinkingWindow_mixture_fidelity {d : ℕ} (K : Set (Cloning.SimpleSpectrum d))
  (hK : IsCompact K) (m : ℕ → ℕ) (γ : ℝ) (hγ : 1 < γ)
  (hgain : Filter.Tendsto (fun n => ↑(m n) / ↑n) Filter.atTop (nhds γ)) (δ : ℕ → ℝ)
  (hδ : Filter.Tendsto δ Filter.atTop (nhds 0)) (ε : ℝ) (hε : 0 < ε) :
  ∀ᶠ (n : ℕ) in Filter.atTop,
    ∀ p ∈ K,
      ∀ (s : ℕ) (μ : Fin s → Fin d → ℕ) (ν : Fin d → ℕ) (hμ : ∀ (j : Fin s), Antitone (μ j)) (hν : Antitone ν),
        (∀ (j : Fin s) (a : Fin d), |↑(μ j a) / ↑n - p.eigenvalue a| ≤ δ n) →
          (∀ (a : Fin d), |↑(ν a) / ↑(m n) - p.eigenvalue a| ≤ δ n) →
            ∀ (q : Fin s → ℝ) (hq : ∀ (j : Fin s), 0 ≤ q j),
              ∑ j, q j = 1 →
                |(Cloning.TensorCloning.partitionTransitionMixture μ ν hμ hν p.eigenvalue ⋯ q hq).rootFidelity
                        (Cloning.TensorLie.partitionGibbsPositive ν hν p.eigenvalue ⋯) -
                      Cloning.orbitalValue γ p| <
                  ε
info: LiftedSectorFidelity.lean:109:0: Cloning.TensorCloning.eventually_uniform_shrinkingWindow_sector_fidelity {d : ℕ} (K : Set (Cloning.SimpleSpectrum d))
  (hK : IsCompact K) (m : ℕ → ℕ) (γ : ℝ) (hγ : 1 < γ)
  (hgain : Filter.Tendsto (fun n => ↑(m n) / ↑n) Filter.atTop (nhds γ)) (δ : ℕ → ℝ)
  (hδ : Filter.Tendsto δ Filter.atTop (nhds 0)) (ε : ℝ) (hε : 0 < ε) :
  ∀ᶠ (n : ℕ) in Filter.atTop,
    ∀ p ∈ K,
      ∀ (μ ν : Fin d → ℕ) (hμ : Antitone μ) (hν : Antitone ν),
        (∀ (a : Fin d), |↑(μ a) / ↑n - p.eigenvalue a| ≤ δ n) →
          (∀ (a : Fin d), |↑(ν a) / ↑(m n) - p.eigenvalue a| ≤ δ n) →
            |(Cloning.TensorCloning.partitionTransitionOutput μ ν hμ hν p.eigenvalue ⋯).rootFidelity
                    (Cloning.TensorLie.partitionGibbsPositive ν hν p.eigenvalue ⋯) -
                  Cloning.orbitalValue γ p| <
              ε
info: LiftedSectorFidelity.lean:110:0: Cloning.TensorCloning.eventually_uniform_shrinkingWindow_compatible {d : ℕ} (K : Set (Cloning.SimpleSpectrum d))
  (hK : IsCompact K) (m : ℕ → ℕ) (γ : ℝ) (hγ : 1 < γ)
  (hgain : Filter.Tendsto (fun n => ↑(m n) / ↑n) Filter.atTop (nhds γ)) (δ : ℕ → ℝ)
  (hδ : Filter.Tendsto δ Filter.atTop (nhds 0)) :
  ∀ᶠ (n : ℕ) in Filter.atTop,
    ∀ p ∈ K,
      ∀ (μ ν : Fin d → ℤ),
        Cloning.YoungCompatibility.IsYoung (↑n) μ →
          ∑ a, ν a = ↑(m n) →
            (∀ (a : Fin d), |↑(μ a) / ↑n - p.eigenvalue a| ≤ δ n) →
              (∀ (a : Fin d), |↑(ν a) / ↑(m n) - p.eigenvalue a| ≤ δ n) →
                Cloning.YoungCompatibility.Compatible (↑n) (↑(m n)) μ ν ∧ Cloning.YoungCompatibility.IsYoung (↑(m n)) ν
info: LiftedSectorFidelity.lean:111:0: Cloning.YoungMultinomial.eventually_uniform_character_normalization {d : ℕ} (K : Set (Cloning.SimpleSpectrum d))
  (hK : IsCompact K) (δ : ℕ → ℝ) (hδ : Filter.Tendsto δ Filter.atTop (nhds 0)) (ε : ℝ) (hε : 0 < ε) :
  ∀ᶠ (N : ℕ) in Filter.atTop,
    ∀ p ∈ K,
      ∀ (μ : Fin d → ℕ),
        Antitone μ →
          (∀ (i : Fin d), |↑(μ i) / ↑N - p.eigenvalue i| ≤ δ N) →
            |(∏ i, p.eigenvalue i ^ μ i) / Cloning.TensorLie.physicalSectorCharacter μ p.eigenvalue -
                  Cloning.YoungGeneral.spectralCorrection p.eigenvalue| <
              ε
info: LiftedSectorFidelity.lean:113:0: Cloning.TensorCloning.eventually_uniform_lifted_fidelity_factorization {d : ℕ}
  (K : Set (Cloning.SimpleSpectrum (d + 1))) (hK : IsCompact K) (m : ℕ → ℕ) (γ : ℝ) (hγ : 1 < γ)
  (hgain : Filter.Tendsto (fun n => ↑(m n) / ↑n) Filter.atTop (nhds γ)) (δ : ℕ → ℝ)
  (hδ : Filter.Tendsto δ Filter.atTop (nhds 0))
  (q :
    (n : ℕ) →
      Cloning.SimpleSpectrum (d + 1) →
        Cloning.TensorLAN.SchurCopy n (d + 1) → Cloning.TensorLAN.SchurCopy (m n) (d + 1) → ℝ)
  (hq :
    ∀ (n : ℕ) (p : Cloning.SimpleSpectrum (d + 1)) (i : Cloning.TensorLAN.SchurCopy n (d + 1))
      (j : Cloning.TensorLAN.SchurCopy (m n) (d + 1)), 0 ≤ q n p i j)
  (hs : ∀ (n : ℕ) (p : Cloning.SimpleSpectrum (d + 1)) (i : Cloning.TensorLAN.SchurCopy n (d + 1)), ∑ j, q n p i j = 1)
  (hbad :
    ∀ (η : ℝ),
      0 < η →
        ∀ᶠ (n : ℕ) in Filter.atTop,
          ∀ p ∈ K, Cloning.TensorCloning.kernelBadMass n (m n) (d + 1) p.eigenvalue (δ n) (q n p) < η)
  (ε : ℝ) (hε : 0 < ε) :
  ∀ᶠ (n : ℕ) in Filter.atTop,
    ∀ p ∈ K,
      ∀ (U : ↥(unitary (Matrix (Fin (d + 1)) (Fin (d + 1)) ℂ))),
        |Cloning.TensorCloning.spectrumPayoff n (m n) (Cloning.TensorCloning.channel n (m n) (d + 1) (q n p) ⋯ ⋯) p U -
              Cloning.orbitalValue γ p * Cloning.TensorCloning.kernelAffinity n (m n) (d + 1) p.eigenvalue (q n p)| <
          ε
ℹ [4548/4556] Built ClassicalRounding (4.1s)
info: ClassicalRounding.lean:43:0: Cloning.YoungRounding.roundedDensity_l1_of_local_limit.{u_1} {ι : Type u_1} [Fintype ι] (h γ : ℕ → ℝ) (a : ℕ → ι → ℝ)
  (p : ℕ → PMF (ι → ℤ)) (hh : ∀ (n : ℕ), 0 < h n) (hγ : ∀ (n : ℕ), 0 < γ n)
  (hlim : Filter.Tendsto h Filter.atTop (nhds 0)) {g : (ι → ℝ) → ℝ}
  (hg : MeasureTheory.Integrable g MeasureTheory.volume) (hg0 : ∀ (x : ι → ℝ), 0 ≤ g x) (hgc : Continuous g)
  (hgmass : ∫ (x : ι → ℝ), g x = 1)
  (hlocal :
    ∀ (k δ : ℝ),
      0 < δ →
        ∀ᶠ (n : ℕ) in Filter.atTop,
          ∀ x ∈ Metric.closedBall 0 k, |Cloning.YoungRounding.preRoundedDensity (h n) (a n) (γ n) (p n) x - g x| ≤ δ)
  (ε : ℝ) :
  0 < ε →
    ∀ᶠ (n : ℕ) in Filter.atTop,
      ∫ (x : ι → ℝ), |Cloning.YoungRounding.roundedDensity (h n) (a n) (γ n) (p n) x - g x| < ε
info: ClassicalRounding.lean:44:0: Cloning.YoungCompatibility.eventually_fallback_error_bounds {d : ℕ} (hd : 1 ≤ d) (K : Set (Fin (d + 1) → ℝ))
  (hK : IsCompact K) (hpos : ∀ p ∈ K, ∀ (i : Fin (d + 1)), 0 < p i) (hanti : ∀ p ∈ K, StrictAnti p) (m : ℕ → ℤ)
  (γn ε : ℕ → ℝ) (γ : ℝ) (hγ : 1 < γ) (hγn : Filter.Tendsto γn Filter.atTop (nhds γ))
  (hε : Filter.Tendsto ε Filter.atTop (nhds 0)) (hm : ∀ (n : ℕ), ↑(m n) = γn n * ↑n) :
  ∀ᶠ (n : ℕ) in Filter.atTop,
    ∀ p ∈ K,
      ∀ (P Q : PMF (Fin (d + 1) → ℤ)),
        Cloning.CountableScheffe.l1Distance
              (Cloning.YoungCompatibility.probability
                (P.bind (Cloning.YoungCompatibility.fallbackKernel (γn n) (↑n) (m n))))
              (Cloning.YoungCompatibility.probability (P.bind (Cloning.YoungCompatibility.rawKernel (γn n) (m n)))) ≤
            2 * Cloning.YoungCompatibility.badMass P (Cloning.YoungCompatibility.Typical (↑n) p (ε n)) ∧
          |Cloning.CountableScheffe.affinity
                  (Cloning.YoungCompatibility.probability
                    (P.bind (Cloning.YoungCompatibility.fallbackKernel (γn n) (↑n) (m n))))
                  (Cloning.YoungCompatibility.probability Q) -
                Cloning.CountableScheffe.affinity
                  (Cloning.YoungCompatibility.probability (P.bind (Cloning.YoungCompatibility.rawKernel (γn n) (m n))))
                  (Cloning.YoungCompatibility.probability Q)| ≤
            √(2 * Cloning.YoungCompatibility.badMass P (Cloning.YoungCompatibility.Typical (↑n) p (ε n)))
info: ClassicalRounding.lean:45:0: Cloning.YoungCompatibility.fallback_errors_tendsto_zero {d : ℕ} (hd : 1 ≤ d) (K : Set (Fin (d + 1) → ℝ))
  (hK : IsCompact K) (hpos : ∀ p ∈ K, ∀ (i : Fin (d + 1)), 0 < p i) (hanti : ∀ p ∈ K, StrictAnti p) (m : ℕ → ℤ)
  (γn ε : ℕ → ℝ) (γ : ℝ) (hγ : 1 < γ) (hγn : Filter.Tendsto γn Filter.atTop (nhds γ))
  (hε : Filter.Tendsto ε Filter.atTop (nhds 0)) (hm : ∀ (n : ℕ), ↑(m n) = γn n * ↑n) (p : ℕ → Fin (d + 1) → ℝ)
  (hp : ∀ (n : ℕ), p n ∈ K) (P Q : ℕ → PMF (Fin (d + 1) → ℤ))
  (hbad :
    Filter.Tendsto
      (fun n => Cloning.YoungCompatibility.badMass (P n) (Cloning.YoungCompatibility.Typical (↑n) (p n) (ε n)))
      Filter.atTop (nhds 0)) :
  Filter.Tendsto
      (fun n =>
        Cloning.CountableScheffe.l1Distance
          (Cloning.YoungCompatibility.probability
            ((P n).bind (Cloning.YoungCompatibility.fallbackKernel (γn n) (↑n) (m n))))
          (Cloning.YoungCompatibility.probability ((P n).bind (Cloning.YoungCompatibility.rawKernel (γn n) (m n)))))
      Filter.atTop (nhds 0) ∧
    Filter.Tendsto
      (fun n =>
        |Cloning.CountableScheffe.affinity
              (Cloning.YoungCompatibility.probability
                ((P n).bind (Cloning.YoungCompatibility.fallbackKernel (γn n) (↑n) (m n))))
              (Cloning.YoungCompatibility.probability (Q n)) -
            Cloning.CountableScheffe.affinity
              (Cloning.YoungCompatibility.probability ((P n).bind (Cloning.YoungCompatibility.rawKernel (γn n) (m n))))
              (Cloning.YoungCompatibility.probability (Q n))|)
      Filter.atTop (nhds 0)
info: ClassicalRounding.lean:46:0: Cloning.YoungHyperplane.volume_eq_sqrt_smul_coordinateMeasure (d : ℕ) :
  MeasureTheory.volume = ENNReal.ofReal √(↑d + 1) • Cloning.YoungHyperplane.coordinateMeasure d
info: ClassicalRounding.lean:47:0: Cloning.YoungHyperplane.sampleInterpolate_l1_isometry (d : ℕ) (N : ℤ) (hN : 0 < ↑N) (p : Fin (d + 1) → ℝ)
  (P Q : Cloning.YoungHyperplane.Lattice d N → ℝ) (hP : Summable P) (hQ : Summable Q) :
  ∫ (x : ↥(Cloning.YoungHyperplane.rootSpace d)),
      |Cloning.YoungHyperplane.sampleInterpolate d N p P x - Cloning.YoungHyperplane.sampleInterpolate d N p Q x| =
    ∑' (μ : Cloning.YoungHyperplane.Lattice d N), |P μ - Q μ|
info: ClassicalRounding.lean:48:0: Cloning.YoungHyperplane.rootCovariance_det (d : ℕ) (p : Fin (d + 1) → ℝ) (hp : ∑ i, p i = 1) :
  LinearMap.det (Cloning.YoungHyperplane.rootCovariance d p) = (↑d + 1) * ∏ i, p i
info: ClassicalRounding.lean:49:0: Cloning.YoungHyperplane.rootCovarianceEquiv_inverse_quadratic (d : ℕ) (p : Fin (d + 1) → ℝ) (hp : ∑ i, p i = 1)
  (hp0 : ∀ (i : Fin (d + 1)), p i ≠ 0) (x : ↥(Cloning.YoungHyperplane.rootSpace d)) :
  inner ℝ x ((Cloning.YoungHyperplane.rootCovarianceEquiv d p hp hp0).symm x) = ∑ i, (↑x).ofLp i ^ 2 / p i
info: ClassicalRounding.lean:50:0: Cloning.YoungTwoRow.meanDimensionRatio_relative_isBigO (k : ℕ) :
  (fun N =>
      Cloning.YoungTwoRow.meanDimensionRatio k N / (Cloning.YoungDimensionRatio.leadingConstant 2 k * ↑N ^ (2 * k)) -
        1) =O[Filter.atTop]
    fun N => 1 / ↑N
info: ClassicalRounding.lean:51:0: Cloning.YoungTwoRow.meanInverseDimensionRatio_relative_isBigO (k : ℕ) :
  (fun N =>
      Cloning.YoungDimensionRatio.leadingConstant 2 k * ↑N ^ (2 * k) *
          Cloning.YoungTwoRow.meanInverseDimensionRatio k N -
        1) =O[Filter.atTop]
    fun N => 1 / ↑N
info: ClassicalRounding.lean:52:0: Cloning.YoungGeneral.atypicalMass_le {d : ℕ} (N : ℕ) (p : Fin d → ℝ) (hp : ∀ (i : Fin d), 0 ≤ p i) (hs : ∑ i, p i = 1)
  (horder : Antitone p) (ε : ℝ) (hε : 0 ≤ ε) (hε2 : ε ≤ 2) :
  Cloning.YoungGeneral.atypicalMass N p ε ≤ (↑N + 1) ^ (d * d) * (2 * ↑d * Real.exp (-↑N * ε ^ 2 / 4))
info: ClassicalRounding.lean:53:0: Cloning.YoungGeneral.tableau_fallback_errors_tendsto_zero {d : ℕ} (hd : 1 ≤ d) (K : Set (Fin (d + 1) → ℝ))
  (hK : IsCompact K) (hpos : ∀ p ∈ K, ∀ (i : Fin (d + 1)), 0 < p i) (hanti : ∀ p ∈ K, StrictAnti p) (m : ℕ → ℤ)
  (γn : ℕ → ℝ) (γ : ℝ) (hγ : 1 < γ) (hγn : Filter.Tendsto γn Filter.atTop (nhds γ)) (hm : ∀ (n : ℕ), ↑(m n) = γn n * ↑n)
  (p : ℕ → Fin (d + 1) → ℝ) (hp : ∀ (n : ℕ), p n ∈ K) (hs : ∀ (n : ℕ), ∑ i, p n i = 1)
  (P : (N : ℕ) → PMF (Cloning.YoungGeneral.Shape (d + 1) N)) (Q : ℕ → PMF (Fin (d + 1) → ℤ))
  (hformula :
    ∀ (N : ℕ) (μ : Cloning.YoungGeneral.Shape (d + 1) N),
      ((P N) μ).toReal = Cloning.YoungGeneral.youngWeight N (p N) fun i => ↑(μ i)) :
  Filter.Tendsto
      (fun n =>
        Cloning.CountableScheffe.l1Distance
          (Cloning.YoungCompatibility.probability
            ((P n).bind fun μ =>
              Cloning.YoungCompatibility.fallbackKernel (γn n) (↑n) (m n) (Cloning.YoungGeneral.integerShape μ)))
          (Cloning.YoungCompatibility.probability
            ((P n).bind fun μ =>
              Cloning.YoungCompatibility.rawKernel (γn n) (m n) (Cloning.YoungGeneral.integerShape μ))))
      Filter.atTop (nhds 0) ∧
    Filter.Tendsto
      (fun n =>
        |Cloning.CountableScheffe.affinity
              (Cloning.YoungCompatibility.probability
                ((P n).bind fun μ =>
                  Cloning.YoungCompatibility.fallbackKernel (γn n) (↑n) (m n) (Cloning.YoungGeneral.integerShape μ)))
              (Cloning.YoungCompatibility.probability (Q n)) -
            Cloning.CountableScheffe.affinity
              (Cloning.YoungCompatibility.probability
                ((P n).bind fun μ =>
                  Cloning.YoungCompatibility.rawKernel (γn n) (m n) (Cloning.YoungGeneral.integerShape μ)))
              (Cloning.YoungCompatibility.probability (Q n))|)
      Filter.atTop (nhds 0)
info: ClassicalRounding.lean:54:0: Cloning.YoungGeneral.dimension_moments_tendsto_one (r k : ℕ) (hr : 0 < r)
  (P : (N : ℕ) → PMF (Cloning.YoungGeneral.Shape r N))
  (hformula :
    ∀ (N : ℕ) (μ : Cloning.YoungGeneral.Shape r N),
      ((P N) μ).toReal = Cloning.YoungGeneral.youngWeight N (Cloning.YoungGeneral.flatSpectrum r) fun i => ↑(μ i)) :
  Filter.Tendsto (fun N => ∑ μ, ((P N) μ).toReal * Cloning.YoungGeneral.normalizedDimension r k N μ) Filter.atTop
      (nhds 1) ∧
    Filter.Tendsto (fun N => ∑ μ, ((P N) μ).toReal * Cloning.YoungGeneral.inverseNormalizedDimension r k N μ)
      Filter.atTop (nhds 1)
info: ClassicalRounding.lean:55:0: Cloning.YoungGeneral.totalTableauMass_eq_pow (d N : ℕ) (p : Fin d → ℝ) :
  Cloning.YoungGeneral.totalTableauMass d N p = (∑ i, p i) ^ N
info: ClassicalRounding.lean:56:0: Cloning.YoungGeneral.tableauPMF {d : ℕ} (N : ℕ) (p : Fin d → ℝ) (hp : ∀ (i : Fin d), 0 ≤ p i) (hs : ∑ i, p i = 1) :
  PMF (Cloning.YoungGeneral.Shape d N)
info: ClassicalRounding.lean:57:0: Cloning.YoungGeneral.tableauPMF_tailProbability_tendsto_zero {d : ℕ} (p : ℕ → Fin d → ℝ)
  (hp : ∀ (N : ℕ) (i : Fin d), 0 ≤ p N i) (hs : ∀ (N : ℕ), ∑ i, p N i = 1) (horder : ∀ (N : ℕ), Antitone (p N)) :
  Filter.Tendsto
    (fun N =>
      Cloning.YoungGeneral.tailProbability (Cloning.YoungGeneral.tableauPMF N (p N) ⋯ ⋯) (p N)
        (Cloning.YoungGeneral.shrinkingRadius N))
    Filter.atTop (nhds 0)
info: ClassicalRounding.lean:58:0: Cloning.YoungGeneral.tableauPMF_fallback_errors {d : ℕ} (hd : 1 ≤ d) (K : Set (Fin (d + 1) → ℝ)) (hK : IsCompact K)
  (hpos : ∀ p ∈ K, ∀ (i : Fin (d + 1)), 0 < p i) (hanti : ∀ p ∈ K, StrictAnti p) (m : ℕ → ℤ) (γn : ℕ → ℝ) (γ : ℝ)
  (hγ : 1 < γ) (hγn : Filter.Tendsto γn Filter.atTop (nhds γ)) (hm : ∀ (n : ℕ), ↑(m n) = γn n * ↑n)
  (p : ℕ → Fin (d + 1) → ℝ) (hp : ∀ (n : ℕ), p n ∈ K) (hs : ∀ (n : ℕ), ∑ i, p n i = 1) (Q : ℕ → PMF (Fin (d + 1) → ℤ)) :
  have P := fun N => Cloning.YoungGeneral.tableauPMF N (p N) ⋯ ⋯;
  Filter.Tendsto
      (fun n =>
        Cloning.CountableScheffe.l1Distance
          (Cloning.YoungCompatibility.probability
            ((P n).bind fun μ =>
              Cloning.YoungCompatibility.fallbackKernel (γn n) (↑n) (m n) (Cloning.YoungGeneral.integerShape μ)))
          (Cloning.YoungCompatibility.probability
            ((P n).bind fun μ =>
              Cloning.YoungCompatibility.rawKernel (γn n) (m n) (Cloning.YoungGeneral.integerShape μ))))
      Filter.atTop (nhds 0) ∧
    Filter.Tendsto
      (fun n =>
        |Cloning.CountableScheffe.affinity
              (Cloning.YoungCompatibility.probability
                ((P n).bind fun μ =>
                  Cloning.YoungCompatibility.fallbackKernel (γn n) (↑n) (m n) (Cloning.YoungGeneral.integerShape μ)))
              (Cloning.YoungCompatibility.probability (Q n)) -
            Cloning.CountableScheffe.affinity
              (Cloning.YoungCompatibility.probability
                ((P n).bind fun μ =>
                  Cloning.YoungCompatibility.rawKernel (γn n) (m n) (Cloning.YoungGeneral.integerShape μ)))
              (Cloning.YoungCompatibility.probability (Q n))|)
      Filter.atTop (nhds 0)
info: ClassicalRounding.lean:59:0: Cloning.YoungGeneral.flatTableauPMF_dimension_moments (r k : ℕ) (hr : 0 < r) :
  Filter.Tendsto
      (fun N =>
        ∑ μ, ((Cloning.YoungGeneral.flatTableauPMF r N hr) μ).toReal * Cloning.YoungGeneral.normalizedDimension r k N μ)
      Filter.atTop (nhds 1) ∧
    Filter.Tendsto
      (fun N =>
        ∑ μ,
          ((Cloning.YoungGeneral.flatTableauPMF r N hr) μ).toReal *
            Cloning.YoungGeneral.inverseNormalizedDimension r k N μ)
      Filter.atTop (nhds 1)
info: ClassicalRounding.lean:60:0: Cloning.YoungGeneral.standardCount_eq_factorial_determinant {d N : ℕ} (μ : Fin d → ℕ) (hμ : Antitone μ)
  (hN : ∑ i, μ i = N) :
  ↑(Cloning.YoungGeneral.standardCount N μ) = ↑N.factorial * Cloning.YoungGeneral.factorialDeterminant fun i => ↑(μ i)
info: ClassicalRounding.lean:61:0: Cloning.YoungGeneral.standardCount_eq_vandermonde {d N : ℕ} (μ : Fin d → ℕ) (hμ : Antitone μ) (hN : ∑ i, μ i = N) :
  ↑(Cloning.YoungGeneral.standardCount N μ) =
    (↑N.factorial *
        ∏ i, ∏ j ∈ Finset.Ioi i, (↑(Cloning.YoungGeneral.shiftedRow μ i) - ↑(Cloning.YoungGeneral.shiftedRow μ j))) *
      ∏ i, (↑(Cloning.YoungGeneral.shiftedRow μ i).factorial)⁻¹
info: ClassicalRounding.lean:62:0: Cloning.YoungGeneral.standardCount_eq_multinomial_correction {d N : ℕ} (μ : Fin d → ℕ) (hμ : Antitone μ)
  (hN : ∑ i, μ i = N) :
  ↑(Cloning.YoungGeneral.standardCount N μ) =
    (↑N.factorial * ∏ i, (↑(μ i).factorial)⁻¹) * Cloning.YoungGeneral.tableauCorrection μ
info: ClassicalRounding.lean:63:0: Cloning.YoungGeneral.tableauCorrection_tendsto {d : ℕ} (μ : ℕ → Fin d → ℕ) (N : ℕ → ℕ) (p : Fin d → ℝ)
  (hp : ∀ (i : Fin d), p i ≠ 0) (hN : Filter.Tendsto N Filter.atTop Filter.atTop)
  (hμ : ∀ (i : Fin d), Filter.Tendsto (fun n => ↑(μ n i) / ↑(N n)) Filter.atTop (nhds (p i))) :
  Filter.Tendsto (fun n => Cloning.YoungGeneral.tableauCorrection (μ n)) Filter.atTop
    (nhds (Cloning.YoungGeneral.spectralCorrection p))
info: ClassicalRounding.lean:64:0: Cloning.YoungMultinomial.uniform_multinomial_local_limit.{u_1} {ι : Type u_1} [Fintype ι] (a R : ℝ) (ha : 0 < a)
  (hR : 0 ≤ R) (ε : ℝ) (hε : 0 < ε) :
  ∃ N₀,
    ∀ N ≥ N₀,
      ∀ (p x : ι → ℝ) (μ : ι → ℕ),
        (∀ (i : ι), a ≤ p i) →
          ∑ i, p i = 1 →
            ∑ i, x i = 0 →
              (∀ (i : ι), |x i| ≤ R) →
                (∀ (i : ι), ↑(μ i) = ↑N * (p i + x i / √↑N)) →
                  |Cloning.YoungMultinomial.multinomialMass N p μ / Cloning.YoungMultinomial.gaussianMass N p x - 1| < ε
info: ClassicalRounding.lean:66:0: Cloning.YoungHyperplane.uniform_tensorYoungDensity_l1 (d : ℕ) (K : Set (Fin (d + 1) → ℝ)) (hK : IsCompact K)
  (hp : ∀ p ∈ K, ∑ i, p i = 1) (hp0 : ∀ p ∈ K, ∀ (i : Fin (d + 1)), 0 < p i) (hord : ∀ p ∈ K, StrictAnti p) (ε : ℝ)
  (hε : 0 < ε) :
  ∃ N₀,
    ∀ N ≥ N₀,
      ∀ (p : Fin (d + 1) → ℝ) (hpK : p ∈ K),
        ∫ (x : ↥(Cloning.YoungHyperplane.rootSpace d)),
            |Cloning.YoungHyperplane.tensorYoungDensity d N p ⋯ ⋯ x -
                Cloning.YoungHyperplane.covarianceGaussian d p ⋯ x| <
          ε
info: ClassicalRounding.lean:67:0: Cloning.YoungHyperplane.uniform_quantized_covarianceGaussian_l1 (d : ℕ) (K : Set (Fin (d + 1) → ℝ)) (hK : IsCompact K)
  (hp : ∀ p ∈ K, ∑ i, p i = 1) (hp0 : ∀ p ∈ K, ∀ (i : Fin (d + 1)), 0 < p i) (hord : ∀ p ∈ K, StrictAnti p) (ε : ℝ)
  (hε : 0 < ε) :
  ∃ N₀,
    ∀ N ≥ N₀,
      ∀ (p : Fin (d + 1) → ℝ) (hpK : p ∈ K),
        ∑' (μ : Cloning.YoungHyperplane.Lattice d ↑N),
            |((Cloning.YoungHyperplane.tensorYoungLatticePMF d N p ⋯ ⋯) μ).toReal -
                Cloning.YoungRounding.binMass MeasureTheory.volume (Cloning.YoungHyperplane.sampleLabel d N p)
                  (Cloning.YoungHyperplane.covarianceGaussian d p ⋯) μ| <
          ε
info: ClassicalRounding.lean:68:0: Cloning.TensorLie.tensorYoungPMF_tail_tendsto_zero {d : ℕ} (p : ℕ → Fin d → ℝ) (hp : ∀ (n : ℕ) (a : Fin d), 0 ≤ p n a)
  (hs : ∀ (n : ℕ), ∑ a, p n a = 1) (horder : ∀ (n : ℕ), Antitone (p n)) :
  Filter.Tendsto
    (fun n =>
      Cloning.YoungGeneral.tailProbability (Cloning.TensorLie.tensorYoungPMF n d (p n) ⋯ ⋯) (p n)
        (Cloning.YoungGeneral.shrinkingRadius n))
    Filter.atTop (nhds 0)
info: ClassicalRounding.lean:69:0: Cloning.YoungHyperplane.uniform_tensorYoungFallbackOutput_affinity {d : ℕ} (hd : 1 ≤ d) (K : Set (Fin (d + 1) → ℝ))
  (hK : IsCompact K) (hp : ∀ p ∈ K, ∑ i, p i = 1) (hp0 : ∀ p ∈ K, ∀ (i : Fin (d + 1)), 0 < p i)
  (hord : ∀ p ∈ K, StrictAnti p) (m : ℕ → ℕ) (hm : Filter.Tendsto m Filter.atTop Filter.atTop) (γ : ℝ) (hγ : 1 < γ)
  (hratio : Filter.Tendsto (fun n => ↑(m n) / ↑n) Filter.atTop (nhds γ)) (ε : ℝ) (hε : 0 < ε) :
  ∃ N₀,
    ∀ N ≥ N₀,
      ∀ (p : Fin (d + 1) → ℝ) (hpK : p ∈ K),
        |Cloning.CountableScheffe.affinity
                (Cloning.YoungCompatibility.probability
                  (Cloning.YoungHyperplane.tensorYoungFallbackOutput d N (m N) (↑(m N) / ↑N) p ⋯ ⋯))
                (Cloning.YoungCompatibility.probability (Cloning.YoungHyperplane.tensorYoungIntegerPMF d (m N) p ⋯ ⋯)) -
              Cloning.classicalValue γ (d + 1)| <
          ε
info: ClassicalRounding.lean:70:0: Cloning.YoungFlat.flatDensity_l1_tendsto (d : ℕ) :
  Filter.Tendsto
    (fun N =>
      ∫ (x : ↥(Cloning.YoungHyperplane.rootSpace d)),
        |Cloning.YoungFlat.flatDensity d N x - Cloning.YoungFlat.limitDensity d x|)
    Filter.atTop (nhds 0)
info: ClassicalRounding.lean:71:0: Cloning.YoungFlatCoupling.rankFlatCoupling_map_fst (r : ℕ) (hr : 0 < r) (N M : ℕ) :
  PMF.map Prod.fst (Cloning.YoungFlatCoupling.rankFlatCoupling r hr N M) = Cloning.TensorLie.tensorFlatYoungPMF N r hr
info: ClassicalRounding.lean:72:0: Cloning.YoungFlatCoupling.rankFlatCoupling_map_snd (r : ℕ) (hr : 0 < r) (N M : ℕ) :
  PMF.map Prod.snd (Cloning.YoungFlatCoupling.rankFlatCoupling r hr N M) = Cloning.TensorLie.tensorFlatYoungPMF M r hr
info: ClassicalRounding.lean:73:0: Cloning.YoungFlatCoupling.rankFlatCoupling_fidelity_tendsto (r k : ℕ) (hr : 0 < r) (m : ℕ → ℕ)
  (hm : Filter.Tendsto m Filter.atTop Filter.atTop) (γ : ℝ) (hγ : 1 < γ)
  (hratio : Filter.Tendsto (fun N => ↑(m N) / ↑N) Filter.atTop (nhds γ)) :
  Filter.Tendsto
    (fun N =>
      Cloning.YoungFlat.coupledFlatFidelity r k N (m N) (Cloning.YoungFlatCoupling.rankFlatCoupling r hr N (m N)))
    Filter.atTop (nhds (γ ^ (-(↑(r * k) / 2))))
info: ClassicalRounding.lean:75:0: Cloning.TensorLie.exists_tensorYoungPMF_uniform_exp_threshold (d : ℕ) :
  ∃ N₀,
    ∀ n ≥ N₀,
      ∀ (p : Fin d → ℝ) (hp : ∀ (a : Fin d), 0 ≤ p a) (hs : ∑ a, p a = 1),
        Antitone p →
          Cloning.YoungGeneral.tailProbability (Cloning.TensorLie.tensorYoungPMF n d p hp hs) p
              (Cloning.YoungGeneral.shrinkingRadius n) ≤
            Real.exp (-↑n ^ (1 / 3) / 4)
info: ClassicalRounding.lean:77:0: Cloning.YoungHyperplane.uniform_rounded_tensorYoungDensity_l1 (d : ℕ) (K : Set (Fin (d + 1) → ℝ)) (hK : IsCompact K)
  (hp : ∀ p ∈ K, ∑ i, p i = 1) (hp0 : ∀ p ∈ K, ∀ (i : Fin (d + 1)), 0 < p i) (hord : ∀ p ∈ K, StrictAnti p) (m : ℕ → ℕ)
  (hm : Filter.Tendsto m Filter.atTop Filter.atTop) (γ : ℝ) (hγ : 0 < γ)
  (hratio : Filter.Tendsto (fun n => ↑(m n) / ↑n) Filter.atTop (nhds γ)) (ε : ℝ) (hε : 0 < ε) :
  ∃ N₀,
    ∀ N ≥ N₀,
      ∀ (p : Fin (d + 1) → ℝ) (hpK : p ∈ K),
        ∫ (x : Fin d → ℝ),
            |Cloning.YoungRounding.roundedDensity (√↑(m N))⁻¹ (Cloning.YoungHyperplane.headAnchor d (m N) p)
                  (↑(m N) / ↑N) (Cloning.YoungHyperplane.tensorYoungHeadPMF d N p ⋯ ⋯) x -
                Cloning.YoungRounding.affineDensity (√γ) 0 (Cloning.YoungHyperplane.headGaussian d p ⋯) x| <
          ε
ℹ [4549/4557] Built OccupationLimits (3.7s)
info: OccupationLimits.lean:27:0: Cloning.GeneralSymmetricOccupation.wernerOutput_op {L s : ℕ} (S : Finset (Fin L)) :
  ↑(Cloning.GeneralSymmetricOccupation.wernerOutput S) = Cloning.GeneralSymmetricOccupation.wernerOutputOperator 0 S
info: OccupationLimits.lean:28:0: Cloning.GeneralSymmetricOccupation.occupationRecovery_wernerOutput {L s : ℕ} (S : Finset (Fin L)) :
  (Cloning.GeneralSymmetricOccupation.occupationRecovery L s).toLinearMap
      (Cloning.GeneralSymmetricOccupation.wernerOutput S) =
    Cloning.InfiniteOccupationStates.occupationOperator Cloning.GeneralSymmetricOccupation.numberVector S.card L
info: OccupationLimits.lean:29:0: Cloning.GeneralSymmetricOccupation.physical_werner_traceNorm_limit {s : ℕ} (hs : 1 ≤ s) (m : ℕ → ℕ)
  (hm : ∀ (n : ℕ), n ≤ m n) {γ : ℝ} (hγ : 1 < γ) (h : Filter.Tendsto (fun n => ↑(m n) / ↑n) Filter.atTop (nhds γ)) :
  Filter.Tendsto
    (fun n =>
      ‖(Cloning.GeneralSymmetricOccupation.occupationRecovery (m n) s).toLinearMap
            (Cloning.GeneralSymmetricOccupation.wernerOutput
              (Cloning.GeneralSymmetricOccupation.inputSlots n (m n) ⋯)) -
          Cloning.InfiniteOccupationStates.thermalOperator Cloning.GeneralSymmetricOccupation.numberVector γ‖)
    Filter.atTop (nhds 0)
info: OccupationLimits.lean:30:0: Cloning.GeneralCoherent.exists_twoWay_coherent_product_channels (s : ℕ) :
  ∃ forward reverse,
    ∀ (K : Set (Fin s → ℂ)),
      IsCompact K →
        ∀ (ε : ℝ),
          0 < ε →
            ∀ᶠ (L : ℕ) in Filter.atTop,
              ∀ z ∈ K,
                ‖(forward L).toLinearMap
                          (Cloning.InfiniteTraceClass.vectorProjector (Cloning.MultimodeCoherent.coherentVector z)) -
                        Cloning.InfiniteTraceClass.vectorProjector (Cloning.GeneralCoherent.productTensor z L)‖ <
                    ε ∧
                  ‖(reverse L).toLinearMap
                          (Cloning.InfiniteTraceClass.vectorProjector (Cloning.GeneralCoherent.productTensor z L)) -
                        Cloning.InfiniteTraceClass.vectorProjector (Cloning.MultimodeCoherent.coherentVector z)‖ <
                    ε
info: OccupationLimits.lean:31:0: Cloning.GeneralCoherent.twoWay_coherent_product_uniform_on_compact {s : ℕ} {K : Set (Fin s → ℂ)} (hK : IsCompact K)
  (ε : ℝ) (hε : 0 < ε) :
  ∀ᶠ (L : ℕ) in Filter.atTop,
    ∀ z ∈ K,
      ‖(Cloning.GeneralCoherent.occupationChannel L s).toLinearMap
                (Cloning.InfiniteTraceClass.vectorProjector (Cloning.MultimodeCoherent.coherentVector z)) -
              Cloning.InfiniteTraceClass.vectorProjector (Cloning.GeneralCoherent.productTensor z L)‖ <
          ε ∧
        ‖(Cloning.GeneralSymmetricOccupation.occupationRecovery L s).toLinearMap
                (Cloning.InfiniteTraceClass.vectorProjector (Cloning.GeneralCoherent.productTensor z L)) -
              Cloning.InfiniteTraceClass.vectorProjector (Cloning.MultimodeCoherent.coherentVector z)‖ <
          ε
info: OccupationLimits.lean:32:0: Cloning.GeneralSymmetricOccupation.wernerChannel_physical_sandwich (n r s : ℕ)
  (X :
    Matrix ↑(Cloning.GeneralSymmetricOccupation.Occupation n (s + 1))
      ↑(Cloning.GeneralSymmetricOccupation.Occupation n (s + 1)) ℂ) :
  Cloning.GeneralSymmetricOccupation.splitColumnMatrix n r (s + 1) *
        (Cloning.GeneralSymmetricOccupation.wernerChannel n r s).toFun X *
      (Cloning.GeneralSymmetricOccupation.splitColumnMatrix n r (s + 1)).conjTranspose =
    (↑((n + s).choose s) / ↑((n + r + s).choose s)) •
      (Cloning.GeneralSymmetricOccupation.splitSymmetricProjector n r (s + 1) *
          Matrix.kroneckerMap (fun x1 x2 => x1 * x2)
            (Cloning.GeneralSymmetricOccupation.columnMatrix n (s + 1) * X *
              (Cloning.GeneralSymmetricOccupation.columnMatrix n (s + 1)).conjTranspose)
            1 *
        Cloning.GeneralSymmetricOccupation.splitSymmetricProjector n r (s + 1))
info: OccupationLimits.lean:33:0: Cloning.GeneralSymmetricOccupation.wernerChannel_completelyPositive (n r s k : ℕ)
  (X :
    Matrix (Fin k × ↑(Cloning.GeneralSymmetricOccupation.Occupation n (s + 1)))
      (Fin k × ↑(Cloning.GeneralSymmetricOccupation.Occupation n (s + 1))) ℂ)
  (hX : X.PosSemidef) :
  (Cloning.Channels.amplify (Cloning.GeneralSymmetricOccupation.wernerChannel n r s).toFun X).PosSemidef
info: OccupationLimits.lean:34:0: Cloning.GeneralSymmetricOccupation.wernerChannel_pure_traceClass_agrees (n r s : ℕ) :
  Cloning.GeneralSymmetricOccupation.splitColumnMatrix n r (s + 1) *
        (Cloning.GeneralSymmetricOccupation.wernerChannel n r s).toFun
          (Cloning.GeneralSymmetricOccupation.pureInputMatrix n (s + 1) 0) *
      (Cloning.GeneralSymmetricOccupation.splitColumnMatrix n r (s + 1)).conjTranspose =
    Cloning.GeneralSymmetricOccupation.pairOperatorMatrix
      ↑(Cloning.GeneralSymmetricOccupation.wernerOutput (Cloning.GeneralSymmetricOccupation.inputSlots n (n + r) ⋯))
info: OccupationLimits.lean:35:0: Cloning.GeneralSymmetricOccupation.wernerChannel_pure_output (n r s : ℕ) :
  Cloning.InfiniteFiniteCorner.matrixLift Cloning.GeneralSymmetricOccupation.column
      ((Cloning.GeneralSymmetricOccupation.wernerChannel n r s).toFun
        (Cloning.GeneralSymmetricOccupation.pureInputMatrix n (s + 1) 0)) =
    Cloning.GeneralSymmetricOccupation.wernerOutput (Cloning.GeneralSymmetricOccupation.inputSlots n (n + r) ⋯)
info: OccupationLimits.lean:36:0: Cloning.GeneralSymmetricOccupation.wernerChannel_thermal_limit {s : ℕ} (hs : 1 ≤ s) (r : ℕ → ℕ) {γ : ℝ} (hγ : 1 < γ)
  (h : Filter.Tendsto (fun n => ↑(n + r n) / ↑n) Filter.atTop (nhds γ)) :
  Filter.Tendsto
    (fun n =>
      (Cloning.GeneralSymmetricOccupation.occupationRecovery (n + r n) s).toLinearMap
        (Cloning.InfiniteFiniteCorner.matrixLift Cloning.GeneralSymmetricOccupation.column
          ((Cloning.GeneralSymmetricOccupation.wernerChannel n (r n) s).toFun
            (Cloning.GeneralSymmetricOccupation.pureInputMatrix n (s + 1) 0))))
    Filter.atTop
    (nhds (Cloning.InfiniteOccupationStates.thermalOperator Cloning.GeneralSymmetricOccupation.numberVector γ))
info: OccupationLimits.lean:37:0: Cloning.PCT.exists_pct_product_mixture.{u_2, u_3, u_4} {A : Type u_2} {B : Type u_3} [Fintype A] [Fintype B]
  [DecidableEq A] [DecidableEq B] {s : ℕ} (hs : 1 ≤ s) (hcard : Fintype.card (A × B) = s + 1)
  (ψ : ↥(Cloning.PCT.Register (A × B))) (hψ : ‖ψ‖ = 1) {Ω : Type u_4} [MeasurableSpace Ω] (μ : MeasureTheory.Measure Ω)
  [MeasureTheory.IsProbabilityMeasure μ] (W : Ω → ↥(Cloning.PCT.Register B) →ₗᵢ[ℂ] ↥(Cloning.PCT.Register B))
  (m : ℕ → ℕ) (hm : ∀ (n : ℕ), n ≤ m n) {γ : ℝ} (hγ : 1 < γ)
  (h : Filter.Tendsto (fun n => ↑(m n) / ↑n) Filter.atTop (nhds γ)) :
  ∃ u,
    u 0 = ψ ∧
      Filter.Tendsto
        (fun n =>
          ‖Cloning.PCT.randomizedPurificationOutput hcard ψ hψ μ W
                (Cloning.GeneralSymmetricOccupation.inputSlots n (m n) ⋯) -
              ∫ (z : Fin s → ℂ),
                Cloning.PCT.matrixTensorPower
                  (Cloning.PCT.reducedDensityMatrix (Cloning.PCT.frameParticle (⇑u) z (m n)))
                  (m n) ∂Cloning.MultimodeCoherentGaussianMixture.gaussianProductMeasure fun x => γ - 1‖)
        Filter.atTop (nhds 0)
info: OccupationLimits.lean:38:0: Cloning.PCTPurificationChannel.haarPurificationChannel.{u_1} {A : Type u_1} [Fintype A] [DecidableEq A] [Nonempty A]
  (n : ℕ) : Cloning.Channels.MatrixChannel (Fin n → A) ((Fin n → A) × (Fin n → A))
info: OccupationLimits.lean:39:0: Cloning.PCTPurificationChannel.haarPurificationChannel_tensorPower.{u_1} {A : Type u_1} [Fintype A] [DecidableEq A]
  [Nonempty A] (n : ℕ) (ρ : Matrix A A ℂ) (hρ : ρ.PosSemidef) :
  (Cloning.PCTPurificationChannel.haarPurificationChannel n).toFun (Cloning.PCTPurificationChannel.tensorPower n ρ) =
    ∫ (U : ↥(unitary (Matrix A A ℂ))),
      Cloning.PCTPurificationChannel.entangledMoment n
        (Cloning.PCTPurificationChannel.purificationCoefficients ρ U) ∂Cloning.PCTPurificationChannel.unitaryHaar
info: OccupationLimits.lean:40:0: Cloning.PCTPurificationChannel.haarPurificationChannel_physical.{u_1} {A : Type u_1} [Fintype A] [DecidableEq A]
  [Nonempty A] (n : ℕ) (ρ : Matrix A A ℂ) (hρ : ρ.PosSemidef) :
  Cloning.PCTPurificationChannel.registerLiftCLM
      ((Cloning.PCTPurificationChannel.haarPurificationChannel n).toFun
        (Cloning.PCTPurificationChannel.tensorPower n ρ)) =
    ∫ (U : ↥(unitary (Matrix A A ℂ))),
      Cloning.InfiniteTraceClass.vectorProjector
        ((Cloning.PCT.regroup n)
          (Cloning.PCT.tensorVector fun x =>
            Cloning.PCT.environmentRotate (Cloning.PCTPurificationChannel.purificationEnvironment U)
              (Cloning.PCTPurificationChannel.canonicalPurification ρ))) ∂Cloning.PCTPurificationChannel.unitaryHaar
info: OccupationLimits.lean:41:0: Cloning.PCTPurificationChannel.physical_pct_eq_reducedWerner.{u_1} {A : Type u_1} [Fintype A] [DecidableEq A]
  [Nonempty A] (n r s : ℕ) (hcard : Fintype.card (A × A) = s + 1) (ρ : Cloning.MatrixFidelity.State A) :
  (Cloning.PCTPurificationChannel.physicalCloneTraceCLM n r s)
      ((Cloning.PCTPurificationChannel.haarPurificationChannel n).toFun
        (Cloning.PCTPurificationChannel.tensorPower n ρ.matrix)) =
    Cloning.PCT.reducedWernerOutput hcard (Cloning.PCTPurificationChannel.canonicalPurification ρ.matrix) ⋯
      (Cloning.GeneralSymmetricOccupation.inputSlots n (n + r) ⋯)
info: OccupationLimits.lean:42:0: Cloning.PCTPurificationChannel.physical_pct_gaussian_product_mixture.{u_1} {A : Type u_1} [Fintype A] [DecidableEq A]
  [Nonempty A] {s : ℕ} (hs : 1 ≤ s) (hcard : Fintype.card (A × A) = s + 1) (ρ : Cloning.MatrixFidelity.State A)
  (r : ℕ → ℕ) {γ : ℝ} (hγ : 1 < γ) (h : Filter.Tendsto (fun n => ↑(n + r n) / ↑n) Filter.atTop (nhds γ)) :
  ∃ u,
    u 0 = Cloning.PCTPurificationChannel.canonicalPurification ρ.matrix ∧
      Filter.Tendsto
        (fun n =>
          ‖(Cloning.PCTPurificationChannel.physicalCloneTraceCLM n (r n) s)
                ((Cloning.PCTPurificationChannel.haarPurificationChannel n).toFun
                  (Cloning.PCTPurificationChannel.tensorPower n ρ.matrix)) -
              ∫ (z : Fin s → ℂ),
                Cloning.PCT.matrixTensorPower
                  (Cloning.PCT.reducedDensityMatrix (Cloning.PCT.frameParticle (⇑u) z (n + r n)))
                  (n + r n) ∂Cloning.MultimodeCoherentGaussianMixture.gaussianProductMeasure fun x => γ - 1‖)
        Filter.atTop (nhds 0)
info: OccupationLimits.lean:43:0: Cloning.PCTGlobal.channel.{u_1} {A : Type u_1} [Fintype A] [DecidableEq A] [Nonempty A] {s : ℕ}
  (hcard : Fintype.card (A × A) = s + 1) (n r : ℕ) :
  Cloning.InfiniteTraceClass.QuantumChannel ↥(Cloning.PCT.Register (Fin n → A))
    ↥(Cloning.PCT.Register (Fin (n + r) → A))
info: OccupationLimits.lean:44:0: Cloning.PCTGlobal.channel_matrix_apply.{u_1} {A : Type u_1} [Fintype A] [DecidableEq A] [Nonempty A] {s : ℕ}
  (hcard : Fintype.card (A × A) = s + 1) (n r : ℕ) (X : Matrix (Fin n → A) (Fin n → A) ℂ) :
  (Cloning.PCTGlobal.channel hcard n r).toLinearMap (Cloning.PCTPurificationChannel.registerLiftCLM X) =
    (Cloning.PCTPurificationChannel.physicalCloneTraceCLM n r s)
      ((Cloning.PCTPurificationChannel.haarPurificationChannel n).toFun X)
info: OccupationLimits.lean:45:0: Cloning.PCTGlobal.channel_apply.{u_1} {A : Type u_1} [Fintype A] [DecidableEq A] [Nonempty A] {s : ℕ}
  (hcard : Fintype.card (A × A) = s + 1) (n r : ℕ)
  (T : Cloning.InfiniteTraceClass.TraceClass ↥(Cloning.PCT.Register (Fin n → A))) :
  (Cloning.PCTGlobal.channel hcard n r).toLinearMap T =
    (Cloning.PCTPurificationChannel.physicalCloneTraceCLM n r s)
      ((Cloning.PCTPurificationChannel.haarPurificationChannel n).toFun
        (Cloning.InfiniteFiniteCorner.matrixOf ⇑(Cloning.PCT.registerBasis (Fin n → A)) ↑T))
info: OccupationLimits.lean:46:0: Cloning.PCTGlobal.channel_tensorPower.{u_1} {A : Type u_1} [Fintype A] [DecidableEq A] [Nonempty A] {s : ℕ}
  (hcard : Fintype.card (A × A) = s + 1) (n r : ℕ) (ρ : Cloning.MatrixFidelity.State A) :
  (Cloning.PCTGlobal.channel hcard n r).toLinearMap
      (Cloning.PCTPurificationChannel.registerLiftCLM (Cloning.PCTPurificationChannel.tensorPower n ρ.matrix)) =
    Cloning.PCT.reducedWernerOutput hcard (Cloning.PCTPurificationChannel.canonicalPurification ρ.matrix) ⋯
      (Cloning.GeneralSymmetricOccupation.inputSlots n (n + r) ⋯)
info: OccupationLimits.lean:47:0: Cloning.PCTGlobal.channel_gaussian_product_mixture.{u_1} {A : Type u_1} [Fintype A] [DecidableEq A] [Nonempty A] {s : ℕ}
  (hs : 1 ≤ s) (hcard : Fintype.card (A × A) = s + 1) (ρ : Cloning.MatrixFidelity.State A) (r : ℕ → ℕ) {γ : ℝ}
  (hγ : 1 < γ) (h : Filter.Tendsto (fun n => ↑(n + r n) / ↑n) Filter.atTop (nhds γ)) :
  ∃ u,
    u 0 = Cloning.PCTPurificationChannel.canonicalPurification ρ.matrix ∧
      Filter.Tendsto
        (fun n =>
          ‖(Cloning.PCTGlobal.channel hcard n (r n)).toLinearMap
                (Cloning.PCTPurificationChannel.registerLiftCLM
                  (Cloning.PCTPurificationChannel.tensorPower n ρ.matrix)) -
              ∫ (z : Fin s → ℂ),
                Cloning.PCT.matrixTensorPower
                  (Cloning.PCT.reducedDensityMatrix (Cloning.PCT.frameParticle (⇑u) z (n + r n)))
                  (n + r n) ∂Cloning.MultimodeCoherentGaussianMixture.gaussianProductMeasure fun x => γ - 1‖)
        Filter.atTop (nhds 0)
ℹ [4550/4558] Built CoherentGaussianMixtures (4.5s)
info: CoherentGaussianMixtures.lean:44:0: Cloning.MultimodeCoherentGaussianMixture.integral_coherentProjector_gaussian_eq_productThermal {d : ℕ} {s : Fin d → ℝ}
  (hs : ∀ (i : Fin d), 0 < s i) :
  ∫ (z : Fin d → ℂ),
      Cloning.MultimodeCoherent.coherentProjector z ∂Cloning.MultimodeCoherentGaussianMixture.gaussianProductMeasure s =
    Cloning.InfiniteTraceClass.vectorMixture ⇑(Cloning.MultimodeCoherentGaussianMixture.numberBasis d) fun k =>
      ∏ i, Cloning.Thermal.geometric (s i / (1 + s i)) (k i)
info: CoherentGaussianMixtures.lean:45:0: Cloning.InfiniteDiagonalFidelity.stateFidelity_productGeometric.{u_1} {H : Type u_1} [NormedAddCommGroup H]
  [InnerProductSpace ℂ H] [CompleteSpace H] {s : ℕ} (b : HilbertBasis (Fin s → ℕ) ℂ H) (q x : Fin s → ℝ)
  (hq0 : ∀ (i : Fin s), 0 ≤ q i) (hq1 : ∀ (i : Fin s), q i < 1) (hx0 : ∀ (i : Fin s), 0 ≤ x i)
  (hx1 : ∀ (i : Fin s), x i < 1) :
  Cloning.InfiniteFidelity.stateFidelity (Cloning.InfiniteDiagonalFidelity.productGeometricState b q hq0 hq1)
      (Cloning.InfiniteDiagonalFidelity.productGeometricState b x hx0 hx1) =
    ∏ i, Cloning.Thermal.fidelity (q i) (x i)
info: CoherentGaussianMixtures.lean:46:0: Cloning.PCT.exists_pct_product_mixture.{u_2, u_3, u_4} {A : Type u_2} {B : Type u_3} [Fintype A] [Fintype B]
  [DecidableEq A] [DecidableEq B] {s : ℕ} (hs : 1 ≤ s) (hcard : Fintype.card (A × B) = s + 1)
  (ψ : ↥(Cloning.PCT.Register (A × B))) (hψ : ‖ψ‖ = 1) {Ω : Type u_4} [MeasurableSpace Ω] (μ : MeasureTheory.Measure Ω)
  [MeasureTheory.IsProbabilityMeasure μ] (W : Ω → ↥(Cloning.PCT.Register B) →ₗᵢ[ℂ] ↥(Cloning.PCT.Register B))
  (m : ℕ → ℕ) (hm : ∀ (n : ℕ), n ≤ m n) {γ : ℝ} (hγ : 1 < γ)
  (h : Filter.Tendsto (fun n => ↑(m n) / ↑n) Filter.atTop (nhds γ)) :
  ∃ u,
    u 0 = ψ ∧
      Filter.Tendsto
        (fun n =>
          ‖Cloning.PCT.randomizedPurificationOutput hcard ψ hψ μ W
                (Cloning.GeneralSymmetricOccupation.inputSlots n (m n) ⋯) -
              ∫ (z : Fin s → ℂ),
                Cloning.PCT.matrixTensorPower
                  (Cloning.PCT.reducedDensityMatrix (Cloning.PCT.frameParticle (⇑u) z (m n)))
                  (m n) ∂Cloning.MultimodeCoherentGaussianMixture.gaussianProductMeasure fun x => γ - 1‖)
        Filter.atTop (nhds 0)
info: CoherentGaussianMixtures.lean:47:0: Cloning.PCT.randomizedPurificationOutput_eq.{u_2, u_3, u_4} {A : Type u_2} {B : Type u_3} [Fintype A] [Fintype B]
  [DecidableEq A] [DecidableEq B] {L s : ℕ} (hcard : Fintype.card (A × B) = s + 1) (ψ : ↥(Cloning.PCT.Register (A × B)))
  (hψ : ‖ψ‖ = 1) {Ω : Type u_4} [MeasurableSpace Ω] (μ : MeasureTheory.Measure Ω) [MeasureTheory.IsProbabilityMeasure μ]
  (W : Ω → ↥(Cloning.PCT.Register B) →ₗᵢ[ℂ] ↥(Cloning.PCT.Register B)) (S : Finset (Fin L)) :
  Cloning.PCT.randomizedPurificationOutput hcard ψ hψ μ W S = Cloning.PCT.reducedWernerOutput hcard ψ hψ S
info: CoherentGaussianMixtures.lean:48:0: Cloning.PCT.wernerOutput_physical_purification.{u_1} {C : Type u_1} [Fintype C] [DecidableEq C] {L s : ℕ}
  (u : OrthonormalBasis (Fin (s + 1)) ℂ ↥(Cloning.PCT.Register C)) (S : Finset (Fin L)) :
  ↑((Cloning.InfiniteTraceClass.QuantumChannel.ofIsometry (Cloning.PCT.tensorFrame ⋯ L)).toLinearMap
        (Cloning.GeneralSymmetricOccupation.wernerOutput S)) =
    ↑(↑((S.card + s).choose s) / ↑((L + s).choose s)) •
      (Cloning.PCT.physicalProjector L * Cloning.PCT.pureSlotsOperator (u 0) S * Cloning.PCT.physicalProjector L)
info: CoherentGaussianMixtures.lean:49:0: Cloning.MultimodeCoherent.productThermal_tendsto {d : ℕ} {q : ℕ → Fin d → ℝ} {x : Fin d → ℝ}
  (hq0 : ∀ (n : ℕ) (i : Fin d), 0 ≤ q n i) (hq1 : ∀ (n : ℕ) (i : Fin d), q n i < 1) (hx0 : ∀ (i : Fin d), 0 ≤ x i)
  (hx1 : ∀ (i : Fin d), x i < 1) (hlim : ∀ (i : Fin d), Filter.Tendsto (fun n => q n i) Filter.atTop (nhds (x i))) :
  Filter.Tendsto
    (fun n =>
      Cloning.InfiniteTraceClass.vectorMixture (⇑(Cloning.MultimodeCoherentGaussianMixture.numberBasis d))
        (Cloning.ThermalWitness.productGeometric (q n)))
    Filter.atTop
    (nhds
      (Cloning.InfiniteTraceClass.vectorMixture (⇑(Cloning.MultimodeCoherentGaussianMixture.numberBasis d))
        (Cloning.ThermalWitness.productGeometric x)))
info: CoherentGaussianMixtures.lean:50:0: Cloning.MultimodeAmplifier.gainChannel_productThermal_nonneg {d : ℕ} (g : ℝ) (hg : 1 < g) {q : Fin d → ℝ}
  (hq0 : ∀ (i : Fin d), 0 ≤ q i) (hq1 : ∀ (i : Fin d), q i < 1) :
  (Cloning.MultimodeAmplifier.gainChannel g hg).toLinearMap
      (Cloning.InfiniteTraceClass.vectorMixture (⇑(Cloning.MultimodeCoherentGaussianMixture.numberBasis d))
        (Cloning.ThermalWitness.productGeometric q)) =
    Cloning.InfiniteTraceClass.vectorMixture (⇑(Cloning.MultimodeCoherentGaussianMixture.numberBasis d))
      (Cloning.ThermalWitness.productGeometric fun i => Cloning.Thermal.amplified g (q i))
info: CoherentGaussianMixtures.lean:51:0: Cloning.PCTPurificationChannel.partialTrace_purification_tensor.{u_1} {A : Type u_1} [Fintype A] [DecidableEq A]
  [Nonempty A] (n : ℕ) (ρ : Matrix A A ℂ) (hρ : ρ.PosSemidef) (U : ↥(unitary (Matrix A A ℂ))) :
  Cloning.Compression.partialTrace
      (Cloning.PCTPurificationChannel.entangledMoment n (Cloning.PCTPurificationChannel.purificationCoefficients ρ U)) =
    Cloning.PCTPurificationChannel.tensorPower n ρ
info: CoherentGaussianMixtures.lean:52:0: Cloning.PCTPurificationChannel.physicalPurification_eq_environmentRotate.{u_1} {A : Type u_1} [Fintype A]
  [DecidableEq A] [Nonempty A] (ρ : Matrix A A ℂ) (U : ↥(unitary (Matrix A A ℂ))) :
  Cloning.PCTPurificationChannel.physicalPurification ρ U =
    Cloning.PCT.environmentRotate (Cloning.PCTPurificationChannel.purificationEnvironment U)
      (Cloning.PCTPurificationChannel.canonicalPurification ρ)
info: CoherentGaussianMixtures.lean:53:0: Cloning.PCTPurificationChannel.physical_pct_gaussian_product_mixture.{u_1} {A : Type u_1} [Fintype A] [DecidableEq A]
  [Nonempty A] {s : ℕ} (hs : 1 ≤ s) (hcard : Fintype.card (A × A) = s + 1) (ρ : Cloning.MatrixFidelity.State A)
  (r : ℕ → ℕ) {γ : ℝ} (hγ : 1 < γ) (h : Filter.Tendsto (fun n => ↑(n + r n) / ↑n) Filter.atTop (nhds γ)) :
  ∃ u,
    u 0 = Cloning.PCTPurificationChannel.canonicalPurification ρ.matrix ∧
      Filter.Tendsto
        (fun n =>
          ‖(Cloning.PCTPurificationChannel.physicalCloneTraceCLM n (r n) s)
                ((Cloning.PCTPurificationChannel.haarPurificationChannel n).toFun
                  (Cloning.PCTPurificationChannel.tensorPower n ρ.matrix)) -
              ∫ (z : Fin s → ℂ),
                Cloning.PCT.matrixTensorPower
                  (Cloning.PCT.reducedDensityMatrix (Cloning.PCT.frameParticle (⇑u) z (n + r n)))
                  (n + r n) ∂Cloning.MultimodeCoherentGaussianMixture.gaussianProductMeasure fun x => γ - 1‖)
        Filter.atTop (nhds 0)
info: CoherentGaussianMixtures.lean:54:0: Cloning.PCTGlobal.channel_gaussian_product_mixture.{u_1} {A : Type u_1} [Fintype A] [DecidableEq A] [Nonempty A] {s : ℕ}
  (hs : 1 ≤ s) (hcard : Fintype.card (A × A) = s + 1) (ρ : Cloning.MatrixFidelity.State A) (r : ℕ → ℕ) {γ : ℝ}
  (hγ : 1 < γ) (h : Filter.Tendsto (fun n => ↑(n + r n) / ↑n) Filter.atTop (nhds γ)) :
  ∃ u,
    u 0 = Cloning.PCTPurificationChannel.canonicalPurification ρ.matrix ∧
      Filter.Tendsto
        (fun n =>
          ‖(Cloning.PCTGlobal.channel hcard n (r n)).toLinearMap
                (Cloning.PCTPurificationChannel.registerLiftCLM
                  (Cloning.PCTPurificationChannel.tensorPower n ρ.matrix)) -
              ∫ (z : Fin s → ℂ),
                Cloning.PCT.matrixTensorPower
                  (Cloning.PCT.reducedDensityMatrix (Cloning.PCT.frameParticle (⇑u) z (n + r n)))
                  (n + r n) ∂Cloning.MultimodeCoherentGaussianMixture.gaussianProductMeasure fun x => γ - 1‖)
        Filter.atTop (nhds 0)
info: CoherentGaussianMixtures.lean:55:0: Cloning.PCTGaussianCovariance.jointCoordinate_characteristic.{u_1} {A : Type u_1} [Fintype A] [LinearOrder A] {s : ℕ}
  (u : OrthonormalBasis (Fin (s + 1)) ℂ ↥(Cloning.PCT.Register (A × A))) (p : A → ℝ) (hp : ∀ (a : A), 0 ≤ p a)
  (hu : u 0 = Cloning.PCTReducedGaussian.coefficientVector (Cloning.PCTReducedGaussian.schmidtCoefficients p))
  (hgap : ∀ (i j : A), i < j → 0 < p i - p j) {v : ℝ} (hv : 0 < v) (t : A → ℝ)
  (ξ : Cloning.PCTGaussianCovariance.OrbitalPair A → ℂ) :
  (∫ (z : Fin s → ℂ),
      Complex.exp
        (Complex.I *
            ↑(∑ a,
                t a *
                  Cloning.PCTGaussianCovariance.classicalCoordinate p
                    (Cloning.PCTGaussianCovariance.frameTangentMatrix (⇑u) z) a) +
          ∑ ij,
            (ξ ij *
                star
                  (Cloning.PCTGaussianCovariance.orbitalCoordinate p
                    (Cloning.PCTGaussianCovariance.frameTangentMatrix (⇑u) z) (↑ij).1 (↑ij).2) -
              star (ξ ij) *
                Cloning.PCTGaussianCovariance.orbitalCoordinate p
                  (Cloning.PCTGaussianCovariance.frameTangentMatrix (⇑u) z) (↑ij).1
                  (↑ij).2)) ∂Cloning.MultimodeCoherentGaussianMixture.gaussianProductMeasure fun x => v) =
    Complex.exp
      (-↑(v * (∑ a, p a * t a ^ 2 - (∑ a, p a * t a) ^ 2) +
            ∑ ij, v * (p (↑ij).1 + p (↑ij).2) / (p (↑ij).1 - p (↑ij).2) * ‖ξ ij‖ ^ 2))
info: CoherentGaussianMixtures.lean:56:0: Cloning.PCTGaussianOutput.tangent_displacement_productThermal_pct.{u_1} {A : Type u_1} [Fintype A] [LinearOrder A]
  {s d : ℕ} (u : OrthonormalBasis (Fin (s + 1)) ℂ ↥(Cloning.PCT.Register (A × A))) (p : A → ℝ) (hp : ∀ (a : A), 0 < p a)
  (hu : u 0 = Cloning.PCTReducedGaussian.coefficientVector (Cloning.PCTReducedGaussian.schmidtCoefficients p))
  (hgap : ∀ (i j : A), i < j → 0 < p i - p j) (e : Fin d ≃ Cloning.PCTGaussianCovariance.OrbitalPair A) (g : ℝ)
  (hg : 1 < g) :
  have q := fun k => p (↑(e k)).2 / p (↑(e k)).1;
  (∫ (z : Fin s → ℂ),
      (Cloning.MultimodeCoherent.displacementTraceMap (Cloning.PCTGaussianOutput.tangentDisplacement (⇑u) p e z))
        (Cloning.InfiniteTraceClass.vectorMixture (⇑(Cloning.MultimodeCoherentGaussianMixture.numberBasis d))
          (Cloning.ThermalWitness.productGeometric
            q)) ∂Cloning.MultimodeCoherentGaussianMixture.gaussianProductMeasure fun x => g - 1) =
    Cloning.InfiniteTraceClass.vectorMixture (⇑(Cloning.MultimodeCoherentGaussianMixture.numberBasis d))
      (Cloning.ThermalWitness.productGeometric fun k => Cloning.Thermal.pct g (q k))
info: CoherentGaussianMixtures.lean:57:0: Cloning.PCTReducedGaussian.normalizedTangentVector_norm.{u_1} {A : Type u_1} [Fintype A] [DecidableEq A] (p : A → ℝ)
  (hp : ∀ (a : A), 0 ≤ p a) (hs : ∑ a, p a = 1) (Z : Matrix A A ℂ)
  (horth :
    inner ℂ (Cloning.PCTReducedGaussian.coefficientVector (Cloning.PCTReducedGaussian.schmidtCoefficients p))
        (Cloning.PCTReducedGaussian.coefficientVector Z) =
      0)
  (t : ℝ) :
  ‖Cloning.PCTReducedGaussian.normalizedTangentVector p Z (‖Cloning.PCTReducedGaussian.coefficientVector Z‖ ^ 2) t‖ = 1
info: CoherentGaussianMixtures.lean:58:0: Cloning.PCTReducedGaussian.normalizedTangent_remainder.{u_1} {A : Type u_1} [Fintype A] [DecidableEq A] (p : A → ℝ)
  (hp : ∀ (a : A), 0 ≤ p a) (Z : Matrix A A ℂ) (t : ℝ) :
  have e := ‖Cloning.PCTReducedGaussian.coefficientVector Z‖ ^ 2;
  (Cloning.PCT.reducedDensityMatrix (Cloning.PCTReducedGaussian.normalizedTangentVector p Z e t) -
        Matrix.diagonal fun a => ↑(p a)) -
      t • Cloning.PCTReducedGaussian.partialTraceDifferential p Z =
    (t ^ 2 / (1 + t ^ 2 * e)) •
      ((Z * Z.conjTranspose - e • Matrix.diagonal fun a => ↑(p a)) -
        (t * e) • Cloning.PCTReducedGaussian.partialTraceDifferential p Z)
info: CoherentGaussianMixtures.lean:60:0: Cloning.PCTJointGaussianLaw.jointTangent_map_eq_prod.{u_1} {A : Type u_1} [Fintype A] [LinearOrder A] {s d : ℕ}
  (u : OrthonormalBasis (Fin (s + 1)) ℂ ↥(Cloning.PCT.Register (A × A))) (p : A → ℝ) (hp : ∀ (a : A), 0 < p a)
  (hu : u 0 = Cloning.PCTReducedGaussian.coefficientVector (Cloning.PCTReducedGaussian.schmidtCoefficients p))
  (hgap : ∀ (i j : A), i < j → 0 < p i - p j) (e : Fin d ≃ Cloning.PCTGaussianCovariance.OrbitalPair A) {v : ℝ}
  (hv : 0 < v) :
  MeasureTheory.Measure.map (Cloning.PCTJointGaussianLaw.jointTangent (⇑u) p e)
      (Cloning.MultimodeCoherentGaussianMixture.gaussianProductMeasure fun x => v) =
    (Cloning.PCTJointGaussianLaw.classicalTangentLaw (⇑u) p v).prod
      (Cloning.MultimodeCoherentGaussianMixture.gaussianProductMeasure
        (Cloning.PCTJointGaussianLaw.orbitalVariance p e v))
info: CoherentGaussianMixtures.lean:61:0: Cloning.PCTJointGaussianWhitening.whitenedJointTangent_map_eq_prod.{u_1} {A : Type u_1} [Fintype A] [LinearOrder A]
  {k s d : ℕ} (u : OrthonormalBasis (Fin (s + 1)) ℂ ↥(Cloning.PCT.Register (A × A))) (p : A → ℝ)
  (hp : ∀ (a : A), 0 < p a)
  (hu : u 0 = Cloning.PCTReducedGaussian.coefficientVector (Cloning.PCTReducedGaussian.schmidtCoefficients p))
  (hgap : ∀ (i j : A), i < j → 0 < p i - p j) (b : OrthonormalBasis (Fin (k + 1)) ℝ (EuclideanSpace ℝ A))
  (hb : b 0 = Cloning.PCTJointGaussianWhitening.sqrtSpectrum p)
  (e : Fin d ≃ Cloning.PCTGaussianCovariance.OrbitalPair A) {v : ℝ} (hv : 0 < v) :
  MeasureTheory.Measure.map (Cloning.PCTJointGaussianWhitening.whitenedJointTangent (⇑u) p (⇑b) e)
      (Cloning.MultimodeCoherentGaussianMixture.gaussianProductMeasure fun x => v) =
    (Cloning.PCTJointGaussianReal.realProductMeasure fun x => 1 / (4 * v)).prod
      (Cloning.MultimodeCoherentGaussianMixture.gaussianProductMeasure
        (Cloning.PCTJointGaussianLaw.orbitalVariance p e v))
info: CoherentGaussianMixtures.lean:62:0: Cloning.PCTHybridMixture.tangent_hybrid_average_eq_pctGaussianThermalPositive.{u_1} {A : Type u_1} [Fintype A]
  [LinearOrder A] {k s d : ℕ} (u : OrthonormalBasis (Fin (s + 1)) ℂ ↥(Cloning.PCT.Register (A × A))) (p : A → ℝ)
  (hp : ∀ (a : A), 0 < p a)
  (hu : u 0 = Cloning.PCTReducedGaussian.coefficientVector (Cloning.PCTReducedGaussian.schmidtCoefficients p))
  (hgap : ∀ (i j : A), i < j → 0 < p i - p j) (b : OrthonormalBasis (Fin (k + 1)) ℝ (EuclideanSpace ℝ A))
  (hb : b 0 = Cloning.PCTJointGaussianWhitening.sqrtSpectrum p)
  (e : Fin d ≃ Cloning.PCTGaussianCovariance.OrbitalPair A) (g : ℝ) (hg : 1 < g) :
  let q := fun i => p (↑(e i)).2 / p (↑(e i)).1;
  have hq0 := ⋯;
  have hq1 := ⋯;
  (∫ (z : Fin s → ℂ),
      (Cloning.Hybrid.hybridTranslation (Cloning.PCTJointGaussianWhitening.whitenedJointTangent (⇑u) p (⇑b) e z))
        ↑(Cloning.Hybrid.gaussianThermalPositive (fun x => 1 / 2) ⋯ q hq0
            hq1) ∂Cloning.MultimodeCoherentGaussianMixture.gaussianProductMeasure fun x => g - 1) =
    ↑(Cloning.Hybrid.pctGaussianThermalPositive (fun x => 1 / 2) ⋯ g hg q hq0 hq1)
info: CoherentGaussianMixtures.lean:63:0: Cloning.PCTHybridMixture.tangentMixtureChannel.{u_1} {A : Type u_1} [Fintype A] [LinearOrder A] {k s d : ℕ}
  (u : Fin (s + 1) → ↥(Cloning.PCT.Register (A × A))) (p : A → ℝ) (b : Fin (k + 1) → EuclideanSpace ℝ A)
  (e : Fin d ≃ Cloning.PCTGaussianCovariance.OrbitalPair A) (g : ℝ) (hg : 1 < g) : Cloning.Hybrid.HybridChannel k d
info: CoherentGaussianMixtures.lean:64:0: Cloning.PCTHybridMixture.tangentMixtureChannel_fidelity_eq_pctValue {k s d : ℕ}
  (u : OrthonormalBasis (Fin (s + 1)) ℂ ↥(Cloning.PCT.Register (Fin (k + 1) × Fin (k + 1))))
  (p : Cloning.SimpleSpectrum (k + 1))
  (hu :
    u 0 = Cloning.PCTReducedGaussian.coefficientVector (Cloning.PCTReducedGaussian.schmidtCoefficients p.eigenvalue))
  (b : OrthonormalBasis (Fin (k + 1)) ℝ (EuclideanSpace ℝ (Fin (k + 1))))
  (hb : b 0 = Cloning.PCTJointGaussianWhitening.sqrtSpectrum p.eigenvalue) (e : Fin d ≃ Cloning.PairIndex (k + 1))
  (g : ℝ) (hg : 1 < g) :
  have R := Cloning.Hybrid.gaussianThermalPositive (fun x => 1 / 2) ⋯ (fun i => p.ratio (e i)) ⋯ ⋯;
  (Cloning.Hybrid.PositiveL1.map (Cloning.PCTHybridMixture.tangentMixtureChannel (⇑u) p.eigenvalue (⇑b) e g hg)
          R).rootFidelity
      R =
    Cloning.pctValue g p
info: CoherentGaussianMixtures.lean:65:0: Cloning.PCTHybridMixture.exists_tangentMixtureChannel_fidelity {k s d : ℕ}
  (u : OrthonormalBasis (Fin (s + 1)) ℂ ↥(Cloning.PCT.Register (Fin (k + 1) × Fin (k + 1))))
  (p : Cloning.SimpleSpectrum (k + 1))
  (hu :
    u 0 = Cloning.PCTReducedGaussian.coefficientVector (Cloning.PCTReducedGaussian.schmidtCoefficients p.eigenvalue))
  (e : Fin d ≃ Cloning.PairIndex (k + 1)) (g : ℝ) (hg : 1 < g) :
  ∃ b,
    b 0 = Cloning.PCTJointGaussianWhitening.sqrtSpectrum p.eigenvalue ∧
      have R := Cloning.Hybrid.gaussianThermalPositive (fun x => 1 / 2) ⋯ (fun i => p.ratio (e i)) ⋯ ⋯;
      (Cloning.Hybrid.PositiveL1.map (Cloning.PCTHybridMixture.tangentMixtureChannel (⇑u) p.eigenvalue (⇑b) e g hg)
              R).rootFidelity
          R =
        Cloning.pctValue g p
info: CoherentGaussianMixtures.lean:66:0: Cloning.PCTLocalChart.chart_hasStrictFDerivAt_zero.{u_1} {A : Type u_1} [Fintype A] [DecidableEq A] (p : A → ℝ)
  (hp : Function.Injective p) :
  HasStrictFDerivAt (Cloning.PCTLocalChart.chart p)
    (↑(ContinuousLinearEquiv.refl ℝ ↥(Cloning.PCTLocalChart.Hermitian A))) 0
info: CoherentGaussianMixtures.lean:67:0: Cloning.PCTLocalChart.eventually_tangent_exact_chart.{u_1} {A : Type u_1} [Fintype A] [DecidableEq A] (p : A → ℝ)
  (hp : Function.Injective p) (hp0 : ∀ (a : A), 0 ≤ p a) (Z : Matrix A A ℂ) :
  ∀ᶠ (t : ℝ) in nhds 0,
    NormedSpace.exp ((Cloning.PCTLocalChart.generator p) ↑(Cloning.PCTLocalChart.tangentCoordinates p hp Z t)) *
          (Cloning.PCTLocalChart.base p +
            Cloning.PCTLocalChart.diagonalPart ↑(Cloning.PCTLocalChart.tangentCoordinates p hp Z t)) *
        NormedSpace.exp (-(Cloning.PCTLocalChart.generator p) ↑(Cloning.PCTLocalChart.tangentCoordinates p hp Z t)) =
      Cloning.PCT.reducedDensityMatrix
        (Cloning.PCTReducedGaussian.normalizedTangentVector p Z (‖Cloning.PCTReducedGaussian.coefficientVector Z‖ ^ 2)
          t)
info: CoherentGaussianMixtures.lean:68:0: Cloning.PCTLocalChart.scaledSpectralCoordinates_tendsto.{u_1} {A : Type u_1} [Fintype A] [LinearOrder A] (p : A → ℝ)
  (hp : Function.Injective p) (Z : Matrix A A ℂ) :
  Filter.Tendsto
    (fun t => Cloning.PCTLocalChart.spectralCoordinates (t⁻¹ • Cloning.PCTLocalChart.tangentCoordinates p hp Z t))
    (nhdsWithin 0 {0}ᶜ) (nhds (Cloning.PCTGaussianCovariance.classicalCoordinate p Z))
info: CoherentGaussianMixtures.lean:69:0: Cloning.PCTLocalChart.scaledOrbitalCoordinates_tendsto.{u_1} {A : Type u_1} [Fintype A] [LinearOrder A] (p : A → ℝ)
  (hp : Function.Injective p) (Z : Matrix A A ℂ) :
  Filter.Tendsto
    (fun t => Cloning.PCTLocalChart.orbitalCoordinates p (t⁻¹ • Cloning.PCTLocalChart.tangentCoordinates p hp Z t))
    (nhdsWithin 0 {0}ᶜ) (nhds fun ij => Cloning.PCTGaussianCovariance.orbitalCoordinate p Z (↑ij).1 (↑ij).2)
info: CoherentGaussianMixtures.lean:71:0: Cloning.PCTLocalChart.eventually_frameParticle_exact_chart.{u_1} {A : Type u_1} [Fintype A] [LinearOrder A] {s : ℕ}
  (u : OrthonormalBasis (Fin (s + 1)) ℂ ↥(Cloning.PCT.Register (A × A))) (p : A → ℝ) (hp : Function.Injective p)
  (hp0 : ∀ (a : A), 0 ≤ p a)
  (hu : u 0 = Cloning.PCTReducedGaussian.coefficientVector (Cloning.PCTReducedGaussian.schmidtCoefficients p))
  (hgap : ∀ (i j : A), i < j → 0 < p i - p j) (z : Fin s → ℂ) :
  ∀ᶠ (L : ℕ) in Filter.atTop,
    have H := Cloning.PCTLocalChart.sampleTangent p hp (Cloning.PCTGaussianCovariance.frameTangentMatrix (⇑u) z) L;
    (NormedSpace.exp
            (Cloning.PCTLocalChart.sampleScale L •
              Cloning.PCTLocalChart.orbitalGenerator p (Cloning.PCTLocalChart.orbitalCoordinates p H)) *
          Matrix.diagonal fun i =>
            ↑(p i + Cloning.PCTLocalChart.sampleScale L * Cloning.PCTLocalChart.spectralCoordinates H i)) *
        NormedSpace.exp
          (-(Cloning.PCTLocalChart.sampleScale L •
              Cloning.PCTLocalChart.orbitalGenerator p (Cloning.PCTLocalChart.orbitalCoordinates p H))) =
      Cloning.PCT.reducedDensityMatrix (Cloning.PCT.frameParticle (⇑u) z L)
info: CoherentGaussianMixtures.lean:72:0: Cloning.PCTLocalChart.frameParticle_spectral_parameters.{u_1} {A : Type u_1} [Fintype A] [LinearOrder A] {s : ℕ}
  (u : OrthonormalBasis (Fin (s + 1)) ℂ ↥(Cloning.PCT.Register (A × A))) (p : A → ℝ) (hp : Function.Injective p)
  (hp0 : ∀ (a : A), 0 ≤ p a)
  (hu : u 0 = Cloning.PCTReducedGaussian.coefficientVector (Cloning.PCTReducedGaussian.schmidtCoefficients p))
  (z : Fin s → ℂ) :
  (∀ᶠ (L : ℕ) in Filter.atTop,
      ∑ i,
          Cloning.PCTLocalChart.spectralCoordinates
            (Cloning.PCTLocalChart.sampleTangent p hp (Cloning.PCTGaussianCovariance.frameTangentMatrix (⇑u) z) L) i =
        0) ∧
    Filter.Tendsto
      (fun L =>
        Cloning.PCTLocalChart.spectralCoordinates
          (Cloning.PCTLocalChart.sampleTangent p hp (Cloning.PCTGaussianCovariance.frameTangentMatrix (⇑u) z) L))
      Filter.atTop
      (nhds
        (Cloning.PCTGaussianCovariance.classicalCoordinate p (Cloning.PCTGaussianCovariance.frameTangentMatrix (⇑u) z)))
info: CoherentGaussianMixtures.lean:73:0: Cloning.PCTLocalChart.frameParticle_orbital_parameters.{u_1} {A : Type u_1} [Fintype A] [LinearOrder A] {s : ℕ}
  (u : OrthonormalBasis (Fin (s + 1)) ℂ ↥(Cloning.PCT.Register (A × A))) (p : A → ℝ) (hp : Function.Injective p)
  (z : Fin s → ℂ) :
  Filter.Tendsto
    (fun L =>
      Cloning.PCTLocalChart.orbitalCoordinates p
        (Cloning.PCTLocalChart.sampleTangent p hp (Cloning.PCTGaussianCovariance.frameTangentMatrix (⇑u) z) L))
    Filter.atTop
    (nhds fun ij =>
      Cloning.PCTGaussianCovariance.orbitalCoordinate p (Cloning.PCTGaussianCovariance.frameTangentMatrix (⇑u) z)
        (↑ij).1 (↑ij).2)
info: CoherentGaussianMixtures.lean:75:0: Cloning.PCTLocalChart.eventually_sample_chart_admissible.{u_1} {A : Type u_1} [Fintype A] [LinearOrder A] (p : A → ℝ)
  (hp : Function.Injective p) (hp0 : ∀ (i : A), 0 < p i) (hs : ∑ i, p i = 1) (hgap : ∀ (i j : A), i < j → p j < p i)
  (Z : Matrix A A ℂ)
  (horth :
    inner ℂ (Cloning.PCTReducedGaussian.coefficientVector (Cloning.PCTReducedGaussian.schmidtCoefficients p))
        (Cloning.PCTReducedGaussian.coefficientVector Z) =
      0) :
  ∃ K,
    IsCompact K ∧
      (∀ θ ∈ K, ∑ i, θ.1 i = 0) ∧
        ∀ᶠ (L : ℕ) in Filter.atTop,
          Cloning.PCTLocalChart.sampleParameters p hp Z L ∈ K ∧
            (∀ (i : A), 0 < Cloning.PCTLocalChart.sampleEigenvalues p hp Z L i) ∧
              (∀ (i j : A),
                  i < j →
                    Cloning.PCTLocalChart.sampleEigenvalues p hp Z L j <
                      Cloning.PCTLocalChart.sampleEigenvalues p hp Z L i) ∧
                ∑ i, Cloning.PCTLocalChart.sampleEigenvalues p hp Z L i = 1
info: CoherentGaussianMixtures.lean:76:0: Cloning.PCTLocalChart.exists_compact_ball_sampleParameters.{u_1} {A : Type u_1} [Fintype A] [LinearOrder A] (p : A → ℝ)
  (hp : Function.Injective p) (Z : Matrix A A ℂ) :
  ∃ R,
    0 < R ∧
      IsCompact (Metric.closedBall 0 R) ∧
        ∀ᶠ (L : ℕ) in Filter.atTop, Cloning.PCTLocalChart.sampleParameters p hp Z L ∈ Metric.closedBall 0 R
info: CoherentGaussianMixtures.lean:77:0: Cloning.PCTPhysicalState.physical_pct_fidelity_of_simple_density {k d s : ℕ}
  (ρ : Cloning.MatrixFidelity.State (Fin (k + 1))) (hpos : ρ.matrix.PosDef) (hsimple : Function.Injective ⋯.eigenvalues)
  (b : OrthonormalBasis (Fin (k + 1)) ℝ (EuclideanSpace ℝ (Fin (k + 1))))
  (hb :
    b 0 =
      Cloning.PCTJointGaussianWhitening.sqrtSpectrum
        (Cloning.PCTPhysicalState.densitySpectrum ρ hpos hsimple).eigenvalue)
  (e : Fin d ≃ Cloning.PairIndex (k + 1))
  (lan : Cloning.PCTPhysicalFidelity.CompactWindowLAN (Cloning.PCTPhysicalState.densitySpectrum ρ hpos hsimple) (⇑b) e)
  (hs : 1 ≤ s) (hcard : Fintype.card (Fin (k + 1) × Fin (k + 1)) = s + 1) (r : ℕ → ℕ) (γ : ℝ) (hγ : 1 < γ)
  (hr : Filter.Tendsto (fun n => ↑(n + r n) / ↑n) Filter.atTop (nhds γ)) :
  Filter.Tendsto
    (fun n =>
      (Cloning.PCTPhysicalState.outputState hcard ρ n (r n)).rootFidelity
        (Cloning.PCTPhysicalState.tensorState ρ (n + r n)))
    Filter.atTop (nhds (Cloning.pctValue γ (Cloning.PCTPhysicalState.densitySpectrum ρ hpos hsimple)))
info: CoherentGaussianMixtures.lean:78:0: Cloning.PCTPhysicalState.physical_pct_fidelity {k : ℕ} (hk : 1 ≤ k) (ρ : Cloning.MatrixFidelity.State (Fin (k + 1)))
  (hpos : ρ.matrix.PosDef) (hsimple : Function.Injective ⋯.eigenvalues) (r : ℕ → ℕ) (γ : ℝ) (hγ : 1 < γ)
  (hr : Filter.Tendsto (fun n => ↑(n + r n) / ↑n) Filter.atTop (nhds γ)) :
  Filter.Tendsto
    (fun n =>
      (Cloning.PCTPhysicalState.physicalPCTOutput ρ n (r n)).rootFidelity
        (Cloning.PCTPhysicalState.tensorState ρ (n + r n)))
    Filter.atTop (nhds (Cloning.pctValue γ (Cloning.PCTPhysicalState.densitySpectrum ρ hpos hsimple)))
info: CoherentGaussianMixtures.lean:80:0: Cloning.PhysicalFlatPCT.fidelity_eq_supportFactor (d k : ℕ) (P : Cloning.PhysicalFlatGrassmann.Projector (d + 1) k)
  (n t : ℕ) :
  Cloning.PhysicalFlatPCT.fidelity d k P n t =
    √(Cloning.PCTRankAdapted.supportFactor n (n + t) (d * (d + 2))
          (Cloning.PCTRankAdapted.flatPurificationDimension d k)) *
      (Cloning.PCTPhysicalState.outputState ⋯ (Cloning.PCTRankAdapted.flatInternalState d) n t).rootFidelity
        (Cloning.PCTPhysicalState.tensorState (Cloning.PCTRankAdapted.flatInternalState d) (n + t))
info: CoherentGaussianMixtures.lean:81:0: Cloning.PhysicalFlatPCT.fidelity_limsup_le (d k : ℕ) (P : Cloning.PhysicalFlatGrassmann.Projector (d + 1) k) (t : ℕ → ℕ)
  (γ : ℝ) (hγ : 1 < γ) (hgain : Filter.Tendsto (fun n => ↑(n + t n) / ↑n) Filter.atTop (nhds γ)) :
  Filter.limsup (fun n => Cloning.PhysicalFlatPCT.fidelity d k P n (t n)) Filter.atTop ≤
    γ ^ (-(↑((d + 1) * k) / 2)) * (√(2 * γ - 1) / γ) ^ ((↑(d + 1) - 1) / 2)
info: CoherentGaussianMixtures.lean:83:0: Cloning.PCTRankAdapted.outputState_fidelity_lower.{u_1} {A : Type u_1} [Fintype A] [DecidableEq A] [Nonempty A] {s : ℕ}
  (hA : Fintype.card (A × A) = s + 1) (ρ : Cloning.MatrixFidelity.State A) (n t : ℕ) :
  √(Cloning.PCTRankAdapted.wernerScale n (n + t) s) ≤
    (Cloning.PCTPhysicalState.outputState hA ρ n t).rootFidelity (Cloning.PCTPhysicalState.tensorState ρ (n + t))
info: CoherentGaussianMixtures.lean:84:0: Cloning.PhysicalFlatPCT.prescribed_fidelity_sq_ge_target (d k : ℕ)
  (P : Cloning.PhysicalFlatGrassmann.Projector (d + 1) k) (N M : ℕ) (hN : 0 < N) (hM : 0 < M)
  (ha : 0 < Cloning.PCTRankAdapted.flatPurificationDimension d k) {ε : ℝ} (hε : 0 < ε) (hε1 : ε < 1)
  (hR : Cloning.SampleRatio.threshold (↑(Cloning.PCTRankAdapted.flatPurificationDimension d k)) ε ≤ ↑N / ↑M) :
  1 - ε ≤ Cloning.PCTPrescribed.rankFidelity d k P N (N + M) ^ 2
info: CoherentGaussianMixtures.lean:85:0: Cloning.SampleRatio.threshold_expansion {a : ℝ} (ha : 0 < a) :
  (fun ε => Cloning.SampleRatio.threshold a ε - (a / ε - (a + 1) / 2)) =O[nhdsWithin 0 {0}ᶜ] fun ε => ε
info: CoherentGaussianMixtures.lean:86:0: Cloning.SampleRatio.threshold_relative_tendsto {a : ℝ} (ha : 0 < a) :
  Filter.Tendsto (fun ε => Cloning.SampleRatio.threshold a ε / (a / ε)) (nhdsWithin 0 {0}ᶜ) (nhds 1)
info: CoherentGaussianMixtures.lean:88:0: Cloning.PCTProjectorPurity.frameMixture_scaled_purity_tendsto (d s : ℕ) (hd : 1 ≤ d)
  (u : OrthonormalBasis (Fin (s + 1)) ℂ ↥(Cloning.PCT.Register (Fin (d + 1) × Fin (d + 1))))
  (hu :
    u 0 =
      Cloning.PCTReducedGaussian.coefficientVector
        (Cloning.PCTReducedGaussian.schmidtCoefficients (Cloning.YoungGeneral.flatSpectrum (d + 1))))
  {δ : ℝ} (hδ : 0 < δ) (hδr : δ < 1 / (2 * ↑(d + 1))) :
  Filter.Tendsto
    (fun L =>
      ↑(d + 1) ^ L *
        (Cloning.PCTPurity.frameMixtureMatrix u
                (Cloning.MultimodeCoherentGaussianMixture.gaussianProductMeasure fun x => δ) L *
              Cloning.PCTPurity.frameMixtureMatrix u
                (Cloning.MultimodeCoherentGaussianMixture.gaussianProductMeasure fun x => δ) L).trace.re)
    Filter.atTop (nhds ((1 - 4 * δ ^ 2) ^ (-↑s / 2)))
info: CoherentGaussianMixtures.lean:89:0: Cloning.PCTProjectorPurity.prescribed_error_liminf_limsup (d k : ℕ)
  (P : Cloning.PhysicalFlatGrassmann.Projector (d + 1) k) (m : ℕ → ℕ) (δ : ℝ) (hδ : 0 < δ)
  (hδr : δ < 1 / (2 * ↑(d + 1))) (hgain : Filter.Tendsto (fun n => ↑(m n) / ↑n) Filter.atTop (nhds (1 + δ))) :
  Cloning.PCTProjectorPurity.lowerEnvelope ((d + 1) * k) δ ≤
      Filter.liminf (fun n => 1 - Cloning.PCTPrescribed.rankFidelity d k P n (m n) ^ 2) Filter.atTop ∧
    Filter.liminf (fun n => 1 - Cloning.PCTPrescribed.rankFidelity d k P n (m n) ^ 2) Filter.atTop ≤
        Filter.limsup (fun n => 1 - Cloning.PCTPrescribed.rankFidelity d k P n (m n) ^ 2) Filter.atTop ∧
      Filter.limsup (fun n => 1 - Cloning.PCTPrescribed.rankFidelity d k P n (m n) ^ 2) Filter.atTop ≤
        Cloning.PCTProjectorPurity.upperEnvelope ((d + 1) * k) (d * (d + 2)) δ
info: CoherentGaussianMixtures.lean:90:0: Cloning.PCTProjectorPurity.physical_small_gain_coefficient (d k : ℕ) (t : ℝ → ℕ → ℕ)
  (hgain :
    ∀ (δ : ℝ), 0 < δ → δ < 1 / (2 * ↑(d + 1)) → Filter.Tendsto (fun n => ↑(n + t δ n) / ↑n) Filter.atTop (nhds (1 + δ)))
  (η : ℝ) :
  η > 0 →
    ∀ᶠ (δ : ℝ) in nhdsWithin 0 (Set.Ioi 0),
      ∀ᶠ (n : ℕ) in Filter.atTop,
        ∀ (P : Cloning.PhysicalFlatGrassmann.Projector (d + 1) k),
          |(1 - Cloning.PhysicalFlatPCT.fidelity d k P n (t δ n) ^ 2) / δ - ↑((d + 1) * k)| ≤ η
info: CoherentGaussianMixtures.lean:91:0: Cloning.PCTProjectorPurity.physical_target_brackets (d k : ℕ) (hk : 0 < k) (t : ℝ → ℕ → ℕ)
  (hgain :
    ∀ (δ : ℝ), 0 < δ → δ < 1 / (2 * ↑(d + 1)) → Filter.Tendsto (fun n => ↑(n + t δ n) / ↑n) Filter.atTop (nhds (1 + δ)))
  {η : ℝ} (hη : 0 < η) (hη1 : η < 1) :
  ∀ᶠ (ε : ℝ) in nhdsWithin 0 (Set.Ioi 0),
    ∀ᶠ (n : ℕ) in Filter.atTop,
      ∀ (P : Cloning.PhysicalFlatGrassmann.Projector (d + 1) k),
        1 - ε < Cloning.PhysicalFlatPCT.fidelity d k P n (t ((1 - η) * ε / ↑((d + 1) * k)) n) ^ 2 ∧
          Cloning.PhysicalFlatPCT.fidelity d k P n (t ((1 + η) * ε / ↑((d + 1) * k)) n) ^ 2 < 1 - ε
info: CoherentGaussianMixtures.lean:93:0: Cloning.PCTPrescribed.rankChannel_statePayoff_lower (d k n m : ℕ) (hnm : n ≤ m)
  (ρ : Cloning.MatrixFidelity.State (Fin (d + 1 + k))) (hrank : ρ.matrix.rank ≤ d + 1) :
  √(Cloning.PCTRankAdapted.wernerScale n m (Cloning.PCTRankAdapted.flatPurificationDimension d k)) ≤
    Cloning.TensorCloning.statePayoff n m (Cloning.PCTPrescribed.rankChannel d k n m) ρ
info: CoherentGaussianMixtures.lean:94:0: Cloning.PCTPrescribed.rankChannel_uniform_sample_guarantee (d k N M : ℕ) (hN : 0 < N) (hM : 0 < M)
  (hD : 1 < (d + 1) * (d + 1 + k)) {ε : ℝ} (hε : 0 < ε) (hε1 : ε < 1)
  (hR : Cloning.SampleRatio.threshold (↑((d + 1) * (d + 1 + k) - 1)) ε ≤ ↑N / ↑M)
  (ρ : Cloning.MatrixFidelity.State (Fin (d + 1 + k))) :
  ρ.matrix.rank ≤ d + 1 →
    1 - ε ≤ Cloning.TensorCloning.statePayoff N (N + M) (Cloning.PCTPrescribed.rankChannel d k N (N + M)) ρ ^ 2
info: CoherentGaussianMixtures.lean:95:0: Cloning.PCTPrescribed.rankChannel_uniform_asymptotic_lower (d k : ℕ) (m : ℕ → ℕ) (γ : ℝ) (hγ : 1 < γ)
  (hgain : Filter.Tendsto (fun n => ↑(m n) / ↑n) Filter.atTop (nhds γ)) (ε : ℝ) (hε : 0 < ε) :
  ∀ᶠ (n : ℕ) in Filter.atTop,
    ∀ (ρ : Cloning.MatrixFidelity.State (Fin (d + 1 + k))),
      ρ.matrix.rank ≤ d + 1 →
        γ ^ (-↑((d + 1) * (d + 1 + k) - 1) / 2) - ε <
          Cloning.TensorCloning.statePayoff n (m n) (Cloning.PCTPrescribed.rankChannel d k n (m n)) ρ
info: CoherentGaussianMixtures.lean:96:0: Cloning.PCTPrescribed.rankChannel_liminf_lower (d k : ℕ) (m : ℕ → ℕ) (γ : ℝ) (hγ : 1 < γ)
  (hgain : Filter.Tendsto (fun n => ↑(m n) / ↑n) Filter.atTop (nhds γ))
  (ρ : ℕ → Cloning.MatrixFidelity.State (Fin (d + 1 + k))) (hrank : ∀ (n : ℕ), (ρ n).matrix.rank ≤ d + 1) :
  γ ^ (-↑((d + 1) * (d + 1 + k) - 1) / 2) ≤
    Filter.liminf
      (fun n => Cloning.TensorCloning.statePayoff n (m n) (Cloning.PCTPrescribed.rankChannel d k n (m n)) (ρ n))
      Filter.atTop
ℹ [4551/4559] Built BosonicSeededOptimum (3.9s)
info: BosonicSeededOptimum.lean:39:0: Cloning.OrbitalSeededOptimum.isGreatest_payoff {d : ℕ} (p : Cloning.SimpleSpectrum d) {g : ℝ} (hg : 1 < g) :
  IsGreatest (Set.range (Cloning.OrbitalSeededOptimum.payoff p g hg)) (Cloning.orbitalValue g p)
info: BosonicSeededOptimum.lean:40:0: Cloning.MultimodeLeastNoise.productObservable_moment_le {s : ℕ}
  (σ : Cloning.InfiniteTraceClass.TraceClass ↥(Cloning.MultimodeIdler.Fock s)) (hσ : 0 ≤ ↑σ) (q : Fin s → ℝ)
  (hq0 : ∀ (i : Fin s), 0 ≤ q i) (hq1 : ∀ (i : Fin s), q i < 1) (w : Fin s → ℕ → ℝ)
  (hw0 : ∀ (i : Fin s) (k : ℕ), 0 ≤ w i k) (hw : ∀ (i : Fin s), Antitone (w i)) :
  ((Cloning.InfiniteTraceClass.tracePairing ((Cloning.MultimodeIdler.channel q hq0 hq1).toLinearMap σ))
        (Cloning.MultimodeLeastNoise.productObservable w hw0 hw)).re ≤
    (Cloning.InfiniteTraceClass.trace ↑σ ⋯).re *
      ((Cloning.InfiniteTraceClass.tracePairing
            (Cloning.InfiniteTraceClass.vectorMixture (⇑(Cloning.MultimodeIdler.numberBasis s))
              (Cloning.ThermalWitness.productGeometric q)))
          (Cloning.MultimodeLeastNoise.productObservable w hw0 hw)).re
info: BosonicSeededOptimum.lean:41:0: Cloning.BosonicAmplifier.stateFidelity_channel_gain (g q : ℝ) (hg : 1 < g) (hq0 : 0 ≤ q) (hq1 : q < 1) :
  Cloning.InfiniteFidelity.stateFidelity
      (Cloning.InfiniteDiagonalFidelity.geometricState Cloning.BosonicAmplifier.numberBasis q hq0 hq1)
      ((Cloning.BosonicAmplifier.channel (1 - 1 / g) ⋯ ⋯).mapState
        (Cloning.InfiniteDiagonalFidelity.geometricState Cloning.BosonicAmplifier.numberBasis q hq0 hq1)) =
    Cloning.Thermal.modeFactor g q
info: BosonicSeededOptimum.lean:42:0: Cloning.MultimodeCoherent.displacement_commutant_scalar {d : ℕ}
  (T : ↥(Cloning.MultimodeCoherent.Fock d) →L[ℂ] ↥(Cloning.MultimodeCoherent.Fock d))
  (hT :
    ∀ (a : Fin d → ℂ),
      T.comp (Cloning.MultimodeCoherent.displacement a) = (Cloning.MultimodeCoherent.displacement a).comp T) :
  T =
    inner ℂ (Cloning.MultimodeCoherent.coherentVector 0) (T (Cloning.MultimodeCoherent.coherentVector 0)) •
      ContinuousLinearMap.id ℂ ↥(Cloning.MultimodeCoherent.Fock d)
info: BosonicSeededOptimum.lean:43:0: Cloning.MultimodeCoherent.eigenoperator_eq_scalar_displacement {d : ℕ}
  (T : ↥(Cloning.MultimodeCoherent.Fock d) →L[ℂ] ↥(Cloning.MultimodeCoherent.Fock d)) (b : Fin d → ℂ)
  (hT :
    ∀ (a : Fin d → ℂ),
      (Cloning.MultimodeCoherent.displacement a).comp T =
        Cloning.MultimodeCoherent.weylCharacter a b • T.comp (Cloning.MultimodeCoherent.displacement a)) :
  T =
    inner ℂ (Cloning.MultimodeCoherent.coherentVector 0)
        (T ((Cloning.MultimodeCoherent.displacement (-b)) (Cloning.MultimodeCoherent.coherentVector 0))) •
      Cloning.MultimodeCoherent.displacement b
info: BosonicSeededOptimum.lean:44:0: Cloning.MultimodeCoherent.covariant_linearMap_weyl_multiplier {d : ℕ}
  (Ψ :
    (↥(Cloning.MultimodeCoherent.Fock d) →L[ℂ] ↥(Cloning.MultimodeCoherent.Fock d)) →ₗ[ℂ]
      ↥(Cloning.MultimodeCoherent.Fock d) →L[ℂ] ↥(Cloning.MultimodeCoherent.Fock d))
  (r : ℝ)
  (hΨ :
    ∀ (a : Fin d → ℂ) (A : ↥(Cloning.MultimodeCoherent.Fock d) →L[ℂ] ↥(Cloning.MultimodeCoherent.Fock d)),
      ((Cloning.MultimodeCoherent.displacement a).comp (Ψ A)).comp (Cloning.MultimodeCoherent.displacement (-a)) =
        Ψ
          (((Cloning.MultimodeCoherent.displacement (r • a)).comp A).comp
            (Cloning.MultimodeCoherent.displacement (-(r • a)))))
  (b : Fin d → ℂ) :
  Ψ (Cloning.MultimodeCoherent.displacement b) =
    Cloning.MultimodeCoherent.weylMultiplier Ψ r b • Cloning.MultimodeCoherent.displacement (r • b)
info: BosonicSeededOptimum.lean:45:0: Cloning.MultimodeCoherent.quantumChannel_regular_quantumPositive_multiplier {d : ℕ}
  (Φ :
    Cloning.InfiniteTraceClass.QuantumChannel ↥(Cloning.MultimodeCoherent.Fock d) ↥(Cloning.MultimodeCoherent.Fock d))
  (r : ℝ)
  (hΦ :
    ∀ (a : Fin d → ℂ) (T : Cloning.InfiniteTraceClass.TraceClass ↥(Cloning.MultimodeCoherent.Fock d)),
      Φ.toLinearMap ((Cloning.MultimodeCoherent.displacementTraceMap a) T) =
        (Cloning.MultimodeCoherent.displacementTraceMap (r • a)) (Φ.toLinearMap T)) :
  (∀ (b : Fin d → ℂ),
      Φ.heisenberg (Cloning.MultimodeCoherent.displacement b) =
        Cloning.MultimodeCoherent.weylMultiplier Φ.heisenberg r b • Cloning.MultimodeCoherent.displacement (r • b)) ∧
    Cloning.MultimodeCoherent.weylMultiplier Φ.heisenberg r 0 = 1 ∧
      Continuous (Cloning.MultimodeCoherent.weylMultiplier Φ.heisenberg r) ∧
        Cloning.MultimodeCoherent.IsQuantumPositive (Cloning.MultimodeCoherent.weylMultiplier Φ.heisenberg r) r ∧
          ∀ (b : Fin d → ℂ), ‖Cloning.MultimodeCoherent.weylMultiplier Φ.heisenberg r b‖ ≤ 1
info: BosonicSeededOptimum.lean:46:0: Cloning.MultimodeCoherent.quantumChannel_weyl_gaussian_bound {d : ℕ}
  (Φ :
    Cloning.InfiniteTraceClass.QuantumChannel ↥(Cloning.MultimodeCoherent.Fock d) ↥(Cloning.MultimodeCoherent.Fock d))
  (r : ℝ)
  (hcov :
    ∀ (a : Fin d → ℂ) (T : Cloning.InfiniteTraceClass.TraceClass ↥(Cloning.MultimodeCoherent.Fock d)),
      Φ.toLinearMap ((Cloning.MultimodeCoherent.displacementTraceMap a) T) =
        (Cloning.MultimodeCoherent.displacementTraceMap (r • a)) (Φ.toLinearMap T))
  (hr : 1 < r ^ 2) {t : Fin d → ℝ} (ht : ∀ (i : Fin d), (r ^ 2 - 1) / 2 ≤ t i) :
  ‖∫ (a : Fin d → ℂ),
        ↑(Cloning.MultimodeCoherent.gaussianWeight t a) * Cloning.MultimodeCoherent.weylMultiplier Φ.heisenberg r a‖ ≤
    ∏ i, Real.pi / (t i + (r ^ 2 - 1) / 2)
info: BosonicSeededOptimum.lean:47:0: Cloning.MultimodeCoherent.covariant_thermal_witness_moment_le {d : ℕ}
  (Φ :
    Cloning.InfiniteTraceClass.QuantumChannel ↥(Cloning.MultimodeCoherent.Fock d) ↥(Cloning.MultimodeCoherent.Fock d))
  (r : ℝ)
  (hcov :
    ∀ (a : Fin d → ℂ) (T : Cloning.InfiniteTraceClass.TraceClass ↥(Cloning.MultimodeCoherent.Fock d)),
      Φ.toLinearMap ((Cloning.MultimodeCoherent.displacementTraceMap a) T) =
        (Cloning.MultimodeCoherent.displacementTraceMap (r • a)) (Φ.toLinearMap T))
  (hr : 1 < r ^ 2) {q : Fin d → ℝ} (hq0 : ∀ (i : Fin d), 0 < q i) (hq1 : ∀ (i : Fin d), q i < 1) :
  ((Cloning.InfiniteTraceClass.tracePairing
          (Φ.toLinearMap
            (Cloning.InfiniteTraceClass.vectorMixture (⇑(Cloning.MultimodeCoherentGaussianMixture.numberBasis d))
              (Cloning.ThermalWitness.productGeometric q))))
        (Cloning.ThermalWitness.productWitnessOperator (Cloning.MultimodeCoherentGaussianMixture.numberBasis d) q
          fun i => Cloning.Thermal.amplified (r ^ 2) (q i))).re ≤
    ∏ i, Cloning.Thermal.fidelity (q i) (Cloning.Thermal.amplified (r ^ 2) (q i))
info: BosonicSeededOptimum.lean:48:0: Cloning.MultimodeCoherent.limsup_flatBox_thermal_le_modeFactor {d : ℕ} (γ : ℝ) (hγ : 1 < γ) {q : Fin d → ℝ}
  (hq0 : ∀ (i : Fin d), 0 < q i) (hq1 : ∀ (i : Fin d), q i < 1) :
  Filter.limsup
      (Cloning.MultimodeCoherent.flatBoxOptimalPayoff (√γ) (Cloning.MultimodeCoherent.thermalPositive q ⋯ hq1)
        (Cloning.MultimodeCoherent.thermalPositive q ⋯ hq1))
      Filter.atTop ≤
    ∏ i, Cloning.Thermal.modeFactor γ (q i)
info: BosonicSeededOptimum.lean:50:0: Cloning.MultimodeCoherent.limsup_realFlatBox_thermal_le_modeFactor {d : ℕ} (γ : ℝ) (hγ : 1 < γ) {q : Fin d → ℝ}
  (hq0 : ∀ (i : Fin d), 0 < q i) (hq1 : ∀ (i : Fin d), q i < 1) :
  Filter.limsup
      (Cloning.MultimodeCoherent.realFlatBoxOptimalPayoff (√γ) (Cloning.MultimodeCoherent.thermalPositive q ⋯ hq1)
        (Cloning.MultimodeCoherent.thermalPositive q ⋯ hq1))
      Filter.atTop ≤
    ∏ i, Cloning.Thermal.modeFactor γ (q i)
info: BosonicSeededOptimum.lean:51:0: Cloning.MultimodeAmplifier.gainChannel_covariant {d : ℕ} (g : ℝ) (hg : 1 < g) (a : Fin d → ℂ)
  (A : Cloning.InfiniteTraceClass.TraceClass ↥(Cloning.MultimodeCoherent.Fock d)) :
  (Cloning.MultimodeAmplifier.gainChannel g hg).toLinearMap ((Cloning.MultimodeCoherent.displacementTraceMap a) A) =
    (Cloning.MultimodeCoherent.displacementTraceMap (√g • a))
      ((Cloning.MultimodeAmplifier.gainChannel g hg).toLinearMap A)
info: BosonicSeededOptimum.lean:52:0: Cloning.MultimodeAmplifier.gainChannel_productThermal_nonneg {d : ℕ} (g : ℝ) (hg : 1 < g) {q : Fin d → ℝ}
  (hq0 : ∀ (i : Fin d), 0 ≤ q i) (hq1 : ∀ (i : Fin d), q i < 1) :
  (Cloning.MultimodeAmplifier.gainChannel g hg).toLinearMap
      (Cloning.InfiniteTraceClass.vectorMixture (⇑(Cloning.MultimodeCoherentGaussianMixture.numberBasis d))
        (Cloning.ThermalWitness.productGeometric q)) =
    Cloning.InfiniteTraceClass.vectorMixture (⇑(Cloning.MultimodeCoherentGaussianMixture.numberBasis d))
      (Cloning.ThermalWitness.productGeometric fun i => Cloning.Thermal.amplified g (q i))
info: BosonicSeededOptimum.lean:53:0: Cloning.MultimodeCoherent.gainChannel_orbitPayoff_nonneg {d : ℕ} (g : ℝ) (hg : 1 < g) {q : Fin d → ℝ}
  (hq0 : ∀ (i : Fin d), 0 ≤ q i) (hq1 : ∀ (i : Fin d), q i < 1) (a : Fin d → ℂ) :
  Cloning.MultimodeCoherent.orbitPayoff (√g) (Cloning.MultimodeAmplifier.gainChannel g hg)
      (Cloning.MultimodeCoherent.thermalPositive q hq0 hq1) (Cloning.MultimodeCoherent.thermalPositive q hq0 hq1) a =
    ∏ i, Cloning.Thermal.modeFactor g (q i)
info: BosonicSeededOptimum.lean:54:0: Cloning.MultimodeCoherent.gainChannel_normalized_box_nonneg {d : ℕ} (g : ℝ) (hg : 1 < g) {q : Fin d → ℝ}
  (hq0 : ∀ (i : Fin d), 0 ≤ q i) (hq1 : ∀ (i : Fin d), q i < 1) {L : ℝ} (hL : 0 < L) :
  (MeasureTheory.volume.real (Cloning.MultimodeCoherent.phaseSpaceBox d L))⁻¹ *
      ∫ (a : Fin d → ℂ) in Cloning.MultimodeCoherent.phaseSpaceBox d L,
        Cloning.MultimodeCoherent.orbitPayoff (√g) (Cloning.MultimodeAmplifier.gainChannel g hg)
          (Cloning.MultimodeCoherent.thermalPositive q hq0 hq1) (Cloning.MultimodeCoherent.thermalPositive q hq0 hq1)
          a =
    ∏ i, Cloning.Thermal.modeFactor g (q i)
info: BosonicSeededOptimum.lean:55:0: Cloning.MultimodeCoherent.limsup_realFlatBox_thermal_le_modeFactor_nonneg {d : ℕ} (g : ℝ) (hg : 1 < g) {q : Fin d → ℝ}
  (hq0 : ∀ (i : Fin d), 0 ≤ q i) (hq1 : ∀ (i : Fin d), q i < 1) :
  Filter.limsup
      (Cloning.MultimodeCoherent.realFlatBoxOptimalPayoff (√g) (Cloning.MultimodeCoherent.thermalPositive q hq0 hq1)
        (Cloning.MultimodeCoherent.thermalPositive q hq0 hq1))
      Filter.atTop ≤
    ∏ i, Cloning.Thermal.modeFactor g (q i)
info: BosonicSeededOptimum.lean:56:0: Cloning.MultimodeCoherent.realFlatBoxOptimalPayoff_tendsto_modeFactor_nonneg {d : ℕ} (g : ℝ) (hg : 1 < g)
  {q : Fin d → ℝ} (hq0 : ∀ (i : Fin d), 0 ≤ q i) (hq1 : ∀ (i : Fin d), q i < 1) :
  Filter.Tendsto
    (Cloning.MultimodeCoherent.realFlatBoxOptimalPayoff (√g) (Cloning.MultimodeCoherent.thermalPositive q hq0 hq1)
      (Cloning.MultimodeCoherent.thermalPositive q hq0 hq1))
    Filter.atTop (nhds (∏ i, Cloning.Thermal.modeFactor g (q i)))
info: BosonicSeededOptimum.lean:58:0: Cloning.WeylGNS.existsUnique_density_characteristic {d : ℕ} (g : (Fin d → ℂ) → ℂ) (hg0 : g 0 = 1)
  (hgcont : Continuous g) (hgpos : Cloning.MultimodeCoherent.IsWeylCharacteristicPositive g) :
  ∃! σ,
    0 ≤ ↑σ ∧
      Cloning.InfiniteTraceClass.traceCLM σ = 1 ∧
        ∀ (a : Fin d → ℂ), (Cloning.InfiniteTraceClass.tracePairing σ) (Cloning.MultimodeCoherent.displacement a) = g a
info: BosonicSeededOptimum.lean:59:0: Cloning.WeylGNS.covariantChannel_existsUnique_idler {d : ℕ}
  (Φ :
    Cloning.InfiniteTraceClass.QuantumChannel ↥(Cloning.MultimodeCoherent.Fock d) ↥(Cloning.MultimodeCoherent.Fock d))
  (r : ℝ) (hr : 1 < r)
  (hΦ :
    ∀ (a : Fin d → ℂ) (T : Cloning.InfiniteTraceClass.TraceClass ↥(Cloning.MultimodeCoherent.Fock d)),
      Φ.toLinearMap ((Cloning.MultimodeCoherent.displacementTraceMap a) T) =
        (Cloning.MultimodeCoherent.displacementTraceMap (r • a)) (Φ.toLinearMap T)) :
  ∃! σ,
    0 ≤ ↑σ ∧
      Cloning.InfiniteTraceClass.traceCLM σ = 1 ∧
        ∀ (a : Fin d → ℂ),
          (Cloning.InfiniteTraceClass.tracePairing σ) (Cloning.MultimodeCoherent.displacement a) =
            Cloning.MultimodeCoherent.amplifierIdlerFunction (Cloning.MultimodeCoherent.weylMultiplier Φ.heisenberg r) r
              a
info: BosonicSeededOptimum.lean:60:0: Cloning.MultimodeCoherent.quantumChannel_diagonal_existsUnique_idler {d : ℕ}
  (Φ :
    Cloning.InfiniteTraceClass.QuantumChannel ↥(Cloning.MultimodeCoherent.Fock d) ↥(Cloning.MultimodeCoherent.Fock d))
  (G : Fin d → ℝ) (hG : ∀ (i : Fin d), 1 < G i)
  (hΦ :
    ∀ (a : Fin d → ℂ) (T : Cloning.InfiniteTraceClass.TraceClass ↥(Cloning.MultimodeCoherent.Fock d)),
      Φ.toLinearMap ((Cloning.MultimodeCoherent.displacementTraceMap a) T) =
        (Cloning.MultimodeCoherent.displacementTraceMap
            (Cloning.MultimodeCoherent.diagonalScale (Cloning.MultimodeCoherent.diagonalGainAmplitude G) a))
          (Φ.toLinearMap T)) :
  ∃! σ,
    0 ≤ ↑σ ∧
      Cloning.InfiniteTraceClass.traceCLM σ = 1 ∧
        ∀ (a : Fin d → ℂ),
          Cloning.MultimodeCoherent.diagonalWeylMultiplier Φ.heisenberg
              (Cloning.MultimodeCoherent.diagonalGainAmplitude G) a =
            (Cloning.InfiniteTraceClass.tracePairing σ)
              (Cloning.MultimodeCoherent.displacement
                (Cloning.MultimodeCoherent.diagonalScale (Cloning.MultimodeCoherent.diagonalNoiseAmplitude G) (star a)))
info: BosonicSeededOptimum.lean:61:0: Cloning.MultimodeCoherent.quantumChannel_diagonal_idler_representation {d : ℕ}
  (Φ :
    Cloning.InfiniteTraceClass.QuantumChannel ↥(Cloning.MultimodeCoherent.Fock d) ↥(Cloning.MultimodeCoherent.Fock d))
  (G : Fin d → ℝ) (hG : ∀ (i : Fin d), 1 < G i)
  (hΦ :
    ∀ (a : Fin d → ℂ) (T : Cloning.InfiniteTraceClass.TraceClass ↥(Cloning.MultimodeCoherent.Fock d)),
      Φ.toLinearMap ((Cloning.MultimodeCoherent.displacementTraceMap a) T) =
        (Cloning.MultimodeCoherent.displacementTraceMap
            (Cloning.MultimodeCoherent.diagonalScale (Cloning.MultimodeCoherent.diagonalGainAmplitude G) a))
          (Φ.toLinearMap T)) :
  ∃ σ,
    0 ≤ ↑σ ∧
      Cloning.InfiniteTraceClass.traceCLM σ = 1 ∧
        (∀ (a : Fin d → ℂ),
            Φ.heisenberg (Cloning.MultimodeCoherent.displacement a) =
              (Cloning.InfiniteTraceClass.tracePairing σ)
                  (Cloning.MultimodeCoherent.displacement
                    (Cloning.MultimodeCoherent.diagonalScale (Cloning.MultimodeCoherent.diagonalNoiseAmplitude G)
                      (star a))) •
                Cloning.MultimodeCoherent.displacement
                  (Cloning.MultimodeCoherent.diagonalScale (Cloning.MultimodeCoherent.diagonalGainAmplitude G) a)) ∧
          ∀ (T : Cloning.InfiniteTraceClass.TraceClass ↥(Cloning.MultimodeCoherent.Fock d)) (a : Fin d → ℂ),
            (Cloning.InfiniteTraceClass.tracePairing (Φ.toLinearMap T)) (Cloning.MultimodeCoherent.displacement a) =
              (Cloning.InfiniteTraceClass.tracePairing σ)
                  (Cloning.MultimodeCoherent.displacement
                    (Cloning.MultimodeCoherent.diagonalScale (Cloning.MultimodeCoherent.diagonalNoiseAmplitude G)
                      (star a))) *
                (Cloning.InfiniteTraceClass.tracePairing T)
                  (Cloning.MultimodeCoherent.displacement
                    (Cloning.MultimodeCoherent.diagonalScale (Cloning.MultimodeCoherent.diagonalGainAmplitude G) a))
info: BosonicSeededOptimum.lean:62:0: Cloning.WeylSqueezer.squeeze_signal_heisenberg {d : ℕ} (c s : Fin d → ℝ) (hcs : ∀ (i : Fin d), c i ^ 2 - s i ^ 2 = 1)
  (a : Fin d → ℂ) :
  (ContinuousLinearMap.adjoint ↑(Cloning.WeylSqueezer.squeeze c s hcs).toContinuousLinearEquiv).comp
      ((Cloning.MultimodeCoherent.displacement (Fin.append a 0)).comp
        ↑(Cloning.WeylSqueezer.squeeze c s hcs).toContinuousLinearEquiv) =
    Cloning.MultimodeCoherent.displacement (Fin.append (fun i => ↑(c i) * a i) fun i => ↑(s i) * (starRingEnd ℂ) (a i))
info: BosonicSeededOptimum.lean:63:0: Cloning.WeylSqueezer.covariantChannel_exists_dilation {d : ℕ}
  (Φ :
    Cloning.InfiniteTraceClass.QuantumChannel ↥(Cloning.MultimodeCoherent.Fock d) ↥(Cloning.MultimodeCoherent.Fock d))
  (G : Fin d → ℝ) (hG : ∀ (i : Fin d), 1 < G i)
  (hΦ :
    ∀ (a : Fin d → ℂ) (T : Cloning.InfiniteTraceClass.TraceClass ↥(Cloning.MultimodeCoherent.Fock d)),
      Φ.toLinearMap ((Cloning.MultimodeCoherent.displacementTraceMap a) T) =
        (Cloning.MultimodeCoherent.displacementTraceMap
            (Cloning.MultimodeCoherent.diagonalScale (Cloning.MultimodeCoherent.diagonalGainAmplitude G) a))
          (Φ.toLinearMap T)) :
  ∃ σ,
    Φ.toLinearMap =
      (Cloning.WeylSqueezer.channel (Cloning.MultimodeCoherent.diagonalGainAmplitude G)
          (Cloning.MultimodeCoherent.diagonalNoiseAmplitude G) ⋯ σ).toLinearMap
info: BosonicSeededOptimum.lean:64:0: Cloning.CovariantAmplifier.thermalOutput_exists_seeded_idler {d : ℕ}
  (Λ :
    Cloning.InfiniteTraceClass.QuantumChannel ↥(Cloning.MultimodeCoherent.Fock d) ↥(Cloning.MultimodeCoherent.Fock d))
  (γ : ℝ) (hγ : 1 < γ)
  (hΛ :
    ∀ (a : Fin d → ℂ) (A : Cloning.InfiniteTraceClass.TraceClass ↥(Cloning.MultimodeCoherent.Fock d)),
      Λ.toLinearMap ((Cloning.MultimodeCoherent.displacementTraceMap a) A) =
        (Cloning.MultimodeCoherent.displacementTraceMap (√γ • a)) (Λ.toLinearMap A))
  (q : Fin d → ℝ) (hq0 : ∀ (i : Fin d), 0 ≤ q i) (hq1 : ∀ (i : Fin d), q i < 1) :
  ∃ σ,
    0 ≤ ↑σ ∧
      Cloning.InfiniteTraceClass.traceCLM σ = 1 ∧
        Λ.toLinearMap
            (Cloning.InfiniteTraceClass.vectorMixture (⇑(Cloning.MultimodeCoherentGaussianMixture.numberBasis d))
              (Cloning.ThermalWitness.productGeometric q)) =
          (Cloning.MultimodeIdler.channel (fun i => Cloning.Thermal.amplified γ (q i)) ⋯ ⋯).toLinearMap σ
info: BosonicSeededOptimum.lean:65:0: Cloning.CovariantAmplifier.covariant_cpTNI_product_moment_le {d : ℕ}
  (Γ :
    Cloning.InfiniteTraceClass.TraceClass ↥(Cloning.MultimodeCoherent.Fock d) →ₗ[ℂ]
      Cloning.InfiniteTraceClass.TraceClass ↥(Cloning.MultimodeCoherent.Fock d))
  (hCP : Cloning.InfiniteTraceClass.IsCompletelyPositive Γ)
  (htrace :
    ∀ (A : Cloning.InfiniteTraceClass.TraceClass ↥(Cloning.MultimodeCoherent.Fock d)),
      0 ≤ ↑A → (Cloning.InfiniteTraceClass.traceCLM (Γ A)).re ≤ (Cloning.InfiniteTraceClass.traceCLM A).re)
  (γ : ℝ) (hγ : 1 < γ)
  (hΓ :
    ∀ (a : Fin d → ℂ) (A : Cloning.InfiniteTraceClass.TraceClass ↥(Cloning.MultimodeCoherent.Fock d)),
      Γ ((Cloning.MultimodeCoherent.displacementTraceMap a) A) =
        (Cloning.MultimodeCoherent.displacementTraceMap (√γ • a)) (Γ A))
  (q : Fin d → ℝ) (hq0 : ∀ (i : Fin d), 0 ≤ q i) (hq1 : ∀ (i : Fin d), q i < 1) (w : Fin d → ℕ → ℝ)
  (hw0 : ∀ (i : Fin d) (k : ℕ), 0 ≤ w i k) (hw : ∀ (i : Fin d), Antitone (w i)) :
  ((Cloning.InfiniteTraceClass.tracePairing
          (Γ
            (Cloning.InfiniteTraceClass.vectorMixture (⇑(Cloning.MultimodeCoherentGaussianMixture.numberBasis d))
              (Cloning.ThermalWitness.productGeometric q))))
        (Cloning.MultimodeLeastNoise.productObservable w hw0 hw)).re ≤
    (Cloning.InfiniteTraceClass.traceCLM
          (Γ
            (Cloning.InfiniteTraceClass.vectorMixture (⇑(Cloning.MultimodeCoherentGaussianMixture.numberBasis d))
              (Cloning.ThermalWitness.productGeometric q)))).re *
      ((Cloning.InfiniteTraceClass.tracePairing
            (Cloning.InfiniteTraceClass.vectorMixture (⇑(Cloning.MultimodeCoherentGaussianMixture.numberBasis d))
              (Cloning.ThermalWitness.productGeometric fun i => Cloning.Thermal.amplified γ (q i))))
          (Cloning.MultimodeLeastNoise.productObservable w hw0 hw)).re
info: BosonicSeededOptimum.lean:67:0: Cloning.Hybrid.PhaseBody.gaussian_optimalPayoff_tendsto {k s : ℕ} (B : Cloning.Hybrid.PhaseBody k s) (a : Fin k → ℝ)
  (ha : ∀ (i : Fin k), 0 < a i) (g : ℝ) (hg : 1 < g) (q : Fin s → ℝ) (hq0 : ∀ (i : Fin s), 0 ≤ q i)
  (hq1 : ∀ (i : Fin s), q i < 1) :
  Filter.Tendsto
    (B.optimalPayoff (√g) (Cloning.Hybrid.gaussianThermalPositive a ha q hq0 hq1)
      (Cloning.Hybrid.gaussianThermalPositive a ha q hq0 hq1))
    Filter.atTop (nhds (Cloning.Thermal.classicalBase g ^ (↑k / 2) * ∏ i, Cloning.Thermal.modeFactor g (q i)))
info: BosonicSeededOptimum.lean:68:0: Cloning.PCTJointGaussianWhitening.scoreGaussianOptimal_tendsto {k s : ℕ} (p : Cloning.SimpleSpectrum (k + 1))
  (b : OrthonormalBasis (Fin (k + 1)) ℝ (EuclideanSpace ℝ (Fin (k + 1))))
  (hb : b 0 = Cloning.PCTJointGaussianWhitening.sqrtSpectrum p.eigenvalue) (e : Fin s ≃ Cloning.PairIndex (k + 1))
  (g : ℝ) (hg : 1 < g) :
  Filter.Tendsto (Cloning.PCTJointGaussianWhitening.scoreGaussianOptimal p b hb e g) Filter.atTop
    (nhds (Cloning.universalValue g p))
info: BosonicSeededOptimum.lean:70:0: Cloning.PCTJointGaussianWhitening.scoreReferenceMeasure_eq_intrinsic.{u_1} {A : Type u_1} [Fintype A] [LinearOrder A]
  {k : ℕ} (p : A → ℝ) (hp : ∀ (a : A), 0 < p a) (b : OrthonormalBasis (Fin (k + 1)) ℝ (EuclideanSpace ℝ A))
  (hb : b 0 = Cloning.PCTJointGaussianWhitening.sqrtSpectrum p) :
  Cloning.PCTJointGaussianWhitening.scoreReferenceMeasure p hp b hb =
    Cloning.PCTJointGaussianWhitening.scoreVolumeFactor p hp b hb •
      Cloning.PCTJointGaussianWhitening.intrinsicScoreMeasure
info: BosonicSeededOptimum.lean:71:0: Cloning.PCTJointGaussianWhitening.normalized_score_integral_eq_intrinsic.{u_1} {A : Type u_1} [Fintype A]
  [LinearOrder A] {k : ℕ} (p : A → ℝ) (hp : ∀ (a : A), 0 < p a)
  (b : OrthonormalBasis (Fin (k + 1)) ℝ (EuclideanSpace ℝ A))
  (hb : b 0 = Cloning.PCTJointGaussianWhitening.sqrtSpectrum p)
  (S : Set ↥(Cloning.PCTJointGaussianWhitening.scoreHyperplane A))
  (f : ↥(Cloning.PCTJointGaussianWhitening.scoreHyperplane A) → ℝ) :
  ((Cloning.PCTJointGaussianWhitening.scoreReferenceMeasure p hp b hb).real S)⁻¹ *
      ∫ (h : ↥(Cloning.PCTJointGaussianWhitening.scoreHyperplane A)) in S,
        f h ∂Cloning.PCTJointGaussianWhitening.scoreReferenceMeasure p hp b hb =
    (Cloning.PCTJointGaussianWhitening.intrinsicScoreMeasure.real S)⁻¹ *
      ∫ (h : ↥(Cloning.PCTJointGaussianWhitening.scoreHyperplane A)) in S,
        f h ∂Cloning.PCTJointGaussianWhitening.intrinsicScoreMeasure
ℹ [4552/4560] Built QuantumFidelity (3.5s)
info: QuantumFidelity.lean:39:0: Cloning.InfiniteFidelity.fidelity_data_processing.{u_1, u_2} {H : Type u_1} {K : Type u_2} [NormedAddCommGroup H]
  [InnerProductSpace ℂ H] [CompleteSpace H] [NormedAddCommGroup K] [InnerProductSpace ℂ K] [CompleteSpace K]
  (Φ : Cloning.InfiniteTraceClass.QuantumChannel H K) (A B : Cloning.InfiniteTraceClass.TraceClass H) (hA : 0 ≤ ↑A)
  (hB : 0 ≤ ↑B) :
  Cloning.InfiniteFidelity.fidelity (↑A) (↑B) hA hB ⋯ ⋯ ≤
    Cloning.InfiniteFidelity.fidelity ↑(Φ.toLinearMap A) ↑(Φ.toLinearMap B) ⋯ ⋯ ⋯ ⋯
info: QuantumFidelity.lean:40:0: Cloning.InfiniteFidelity.stateFidelity_continuity.{u_1} {H : Type u_1} [NormedAddCommGroup H] [InnerProductSpace ℂ H]
  [CompleteSpace H] (ρ σ ρ' σ' : Cloning.InfiniteTraceClass.DensityState H) :
  |Cloning.InfiniteFidelity.stateFidelity ρ σ - Cloning.InfiniteFidelity.stateFidelity ρ' σ'| ≤
    √(Cloning.InfiniteFidelity.stateTraceDistance ρ ρ') + √(Cloning.InfiniteFidelity.stateTraceDistance σ σ')
info: QuantumFidelity.lean:41:0: Cloning.InfiniteFidelity.fidelity_weighted_joint_concavity.{u_1} {H : Type u_1} [NormedAddCommGroup H]
  [InnerProductSpace ℂ H] [CompleteSpace H] (A B C D : Cloning.InfiniteTraceClass.TraceClass H) (hA : 0 ≤ ↑A)
  (hB : 0 ≤ ↑B) (hC : 0 ≤ ↑C) (hD : 0 ≤ ↑D) (a b : ℝ) (ha : 0 ≤ a) (hb : 0 ≤ b) :
  a * Cloning.InfiniteFidelity.fidelity (↑A) (↑B) hA hB ⋯ ⋯ +
      b * Cloning.InfiniteFidelity.fidelity (↑C) (↑D) hC hD ⋯ ⋯ ≤
    Cloning.InfiniteFidelity.fidelity ↑(↑a • A + ↑b • C) ↑(↑a • B + ↑b • D) ⋯ ⋯ ⋯ ⋯
info: QuantumFidelity.lean:42:0: Cloning.Hybrid.PositiveField.rootFidelity_continuity.{u_1, u_2} {Ω : Type u_1} {H : Type u_2} [MeasurableSpace Ω]
  {μ : MeasureTheory.Measure Ω} [NormedAddCommGroup H] [InnerProductSpace ℂ H] [CompleteSpace H]
  (R S T U : Cloning.Hybrid.PositiveField μ) :
  |R.rootFidelity S - T.rootFidelity U| ≤ √(R.traceDistance T) * √S.mass + √(S.traceDistance U) * √T.mass
info: QuantumFidelity.lean:43:0: Cloning.Hybrid.PositiveField.integral_fidelity_le_fidelity_integral.{u_1, u_2} {Ω : Type u_1} {H : Type u_2}
  [MeasurableSpace Ω] {μ : MeasureTheory.Measure Ω} [NormedAddCommGroup H] [InnerProductSpace ℂ H] [CompleteSpace H]
  [MeasureTheory.SigmaFinite μ] (A B : Ω → Cloning.InfiniteTraceClass.TraceClass H) (hA : MeasureTheory.Integrable A μ)
  (hB : MeasureTheory.Integrable B μ) (hposA : ∀ (x : Ω), 0 ≤ ↑(A x)) (hposB : ∀ (x : Ω), 0 ≤ ↑(B x)) :
  ∫ (x : Ω), Cloning.InfiniteFidelity.fidelity ↑(A x) ↑(B x) ⋯ ⋯ ⋯ ⋯ ∂μ ≤
    Cloning.InfiniteFidelity.fidelity ↑(∫ (x : Ω), A x ∂μ) ↑(∫ (x : Ω), B x ∂μ) ⋯ ⋯ ⋯ ⋯
info: QuantumFidelity.lean:44:0: Cloning.Hybrid.PositiveField.rootFidelity_sq_le_weighted_product.{u_1, u_2} {Ω : Type u_1} {H : Type u_2}
  [MeasurableSpace Ω] {μ : MeasureTheory.Measure Ω} [NormedAddCommGroup H] [InnerProductSpace ℂ H] [CompleteSpace H]
  (R : Cloning.Hybrid.PositiveField μ) (g : Ω → ℝ) (hg : MeasureTheory.Integrable g μ) (hgn : ∀ (x : Ω), 0 ≤ g x)
  (T : Cloning.InfiniteTraceClass.DensityState H) {W : H →L[ℂ] H} (hW : 0 ≤ W) {M : ℝ} (hM : 0 ≤ M)
  (hInv :
    ∀ (ε : ℝ),
      0 < ε →
        Cloning.Hybrid.witnessMoment (Cloning.InfiniteTraceClass.TraceClass.ofOperator T.op ⋯)
            (CFC.rpow (Cloning.InfiniteFidelity.regularizedWeight W ε) (-1)) ≤
          M)
  (χ : Ω → ℝ) (hχ : ∀ (x : Ω), 0 < χ x)
  (hweighted : MeasureTheory.Integrable (fun x => χ x * Cloning.Hybrid.witnessMoment (↑(R.value x)) W) μ)
  (hclassical : MeasureTheory.Integrable (fun x => g x / χ x) μ) :
  R.rootFidelity (Cloning.Hybrid.PositiveField.product g hg hgn T) ^ 2 ≤
    ((∫ (x : Ω), χ x * Cloning.Hybrid.witnessMoment (↑(R.value x)) W ∂μ) * ∫ (x : Ω), g x / χ x ∂μ) * M
info: QuantumFidelity.lean:45:0: Cloning.Hybrid.PositiveField.rootFidelity_sq_le_gaussian_thermal.{u_2} {H : Type u_2} [NormedAddCommGroup H]
  [InnerProductSpace ℂ H] [CompleteSpace H] {k s : ℕ} (R : Cloning.Hybrid.PositiveField MeasureTheory.volume)
  (a : Fin k → ℝ) (ha : ∀ (i : Fin k), 0 < a i) {g : ℝ} (hg : 1 ≤ g) (b : HilbertBasis (Fin s → ℕ) ℂ H)
  (q x : Fin s → ℝ) (hq0 : ∀ (i : Fin s), 0 < q i) (hqx : ∀ (i : Fin s), q i < x i) (hx1 : ∀ (i : Fin s), x i < 1) :
  R.rootFidelity
        (Cloning.Hybrid.PositiveField.product (Cloning.GaussianAffinity.productDensity a) ⋯ ⋯
          (Cloning.InfiniteDiagonalFidelity.productGeometricState b q ⋯ ⋯)) ^
      2 ≤
    Cloning.Hybrid.witnessMoment (R.weightedMarginal (Cloning.GaussianAffinity.productWitness a fun i => a i / g))
          (Cloning.ThermalWitness.productWitnessOperator b q x) *
        Cloning.Thermal.classicalBase g ^ (↑k / 2) *
      ∏ i, Cloning.Thermal.fidelity (q i) (x i)
info: QuantumFidelity.lean:46:0: Cloning.Hybrid.weightedQuantumMap_completelyPositive.{u_1, u_2, u_3} {Ω : Type u_1} {H : Type u_2} {K : Type u_3}
  [MeasurableSpace Ω] {μ : MeasureTheory.Measure Ω} [NormedAddCommGroup H] [InnerProductSpace ℂ H] [CompleteSpace H]
  [NormedAddCommGroup K] [InnerProductSpace ℂ K] [CompleteSpace K]
  (Λ :
    ↥(MeasureTheory.Lp (Cloning.InfiniteTraceClass.TraceClass H) 1 μ) →ₗ[ℂ]
      ↥(MeasureTheory.Lp (Cloning.InfiniteTraceClass.TraceClass K) 1 μ))
  (hΛ : Cloning.Hybrid.L1CompletelyPositive Λ) (g : Ω → ℝ) (hg : MeasureTheory.Integrable g μ)
  (hg0 : ∀ (y : Ω), 0 ≤ g y) (χ : Ω → ℝ) (hχ : MeasureTheory.AEStronglyMeasurable χ μ) (hχ0 : ∀ (y : Ω), 0 ≤ χ y)
  {C : ℝ} (hbound : ∀ (y : Ω), ‖χ y‖ ≤ C) :
  Cloning.InfiniteTraceClass.IsCompletelyPositive (Cloning.Hybrid.weightedQuantumMap Λ g hg χ hχ hbound)
info: QuantumFidelity.lean:47:0: Cloning.Hybrid.weightedQuantumMap_trace_le.{u_1, u_2, u_3} {Ω : Type u_1} {H : Type u_2} {K : Type u_3}
  [MeasurableSpace Ω] {μ : MeasureTheory.Measure Ω} [NormedAddCommGroup H] [InnerProductSpace ℂ H] [CompleteSpace H]
  [NormedAddCommGroup K] [InnerProductSpace ℂ K] [CompleteSpace K]
  (Λ :
    ↥(MeasureTheory.Lp (Cloning.InfiniteTraceClass.TraceClass H) 1 μ) →ₗ[ℂ]
      ↥(MeasureTheory.Lp (Cloning.InfiniteTraceClass.TraceClass K) 1 μ))
  (hΛ : Cloning.Hybrid.L1CompletelyPositive Λ) (hTP : Cloning.Hybrid.L1TracePreserving Λ) (g : Ω → ℝ)
  (hg : MeasureTheory.Integrable g μ) (hg0 : ∀ (y : Ω), 0 ≤ g y) (hprob : ∫ (y : Ω), g y ∂μ = 1) (χ : Ω → ℝ)
  (hχ : MeasureTheory.AEStronglyMeasurable χ μ) {C : ℝ} (hbound : ∀ (y : Ω), ‖χ y‖ ≤ C)
  (A : Cloning.InfiniteTraceClass.TraceClass H) (hA : 0 ≤ ↑A) :
  (Cloning.InfiniteTraceClass.traceCLM ((Cloning.Hybrid.weightedQuantumMap Λ g hg χ hχ hbound) A)).re ≤
    C * (Cloning.InfiniteTraceClass.traceCLM A).re
info: QuantumFidelity.lean:48:0: Cloning.Hybrid.gaussian_shift_weighted_mass_le.{u_1} {H : Type u_1} [NormedAddCommGroup H] [InnerProductSpace ℂ H]
  [CompleteSpace H] {k : ℕ} (R : Cloning.Hybrid.PositiveField MeasureTheory.volume) (a : Fin k → ℝ)
  (ha : ∀ (i : Fin k), 0 < a i) {g : ℝ} (hg : 1 ≤ g) :
  ∫ (h : Fin k → ℝ),
      Cloning.GaussianAffinity.productDensity a h *
        ∫ (v : Fin k → ℝ),
          (Cloning.GaussianAffinity.productWitness a (fun i => a i / g) fun i => v i + √g * h i) * ‖↑(R.value v)‖ ≤
    Cloning.Thermal.classicalBase g ^ (↑k / 2) * R.mass
info: QuantumFidelity.lean:49:0: Cloning.Hybrid.PositiveField.toL1_ofL1.{u_1, u_2} {Ω : Type u_1} {H : Type u_2} [MeasurableSpace Ω]
  {μ : MeasureTheory.Measure Ω} [NormedAddCommGroup H] [InnerProductSpace ℂ H] [CompleteSpace H]
  (A : ↥(MeasureTheory.Lp (Cloning.InfiniteTraceClass.TraceClass H) 1 μ)) (hA : ∀ᵐ (y : Ω) ∂μ, 0 ≤ ↑(↑↑A y)) :
  (Cloning.Hybrid.PositiveField.ofL1 A hA).toL1 = A
info: QuantumFidelity.lean:50:0: Cloning.Hybrid.PositiveL1.continuous_rootFidelity.{u_1, u_2} {Ω : Type u_1} {H : Type u_2} [MeasurableSpace Ω]
  {μ : MeasureTheory.Measure Ω} [NormedAddCommGroup H] [InnerProductSpace ℂ H] [CompleteSpace H] :
  Continuous fun p => p.1.rootFidelity p.2
info: QuantumFidelity.lean:51:0: Cloning.Hybrid.PositiveL1.integral_rootFidelity_le.{u_1, u_2, u_3} {Ω : Type u_1} {H : Type u_2} [MeasurableSpace Ω]
  {μ : MeasureTheory.Measure Ω} [NormedAddCommGroup H] [InnerProductSpace ℂ H] [CompleteSpace H] {Ξ : Type u_3}
  [MeasurableSpace Ξ] {ν : MeasureTheory.Measure Ξ} [MeasureTheory.IsProbabilityMeasure ν]
  (A B : Ξ → Cloning.Hybrid.PositiveL1 H μ) (hA : MeasureTheory.Integrable (fun ξ => ↑(A ξ)) ν)
  (hB : MeasureTheory.Integrable (fun ξ => ↑(B ξ)) ν) (R S : Cloning.Hybrid.PositiveL1 H μ)
  (hR : ↑R = ∫ (ξ : Ξ), ↑(A ξ) ∂ν) (hS : ↑S = ∫ (ξ : Ξ), ↑(B ξ) ∂ν) :
  ∫ (ξ : Ξ), (A ξ).rootFidelity (B ξ) ∂ν ≤ R.rootFidelity S
info: QuantumFidelity.lean:52:0: Cloning.Hybrid.weightedQuantumMap_gaussian_trace_le.{u_1, u_2} {k : ℕ} {H : Type u_1} {K : Type u_2}
  [NormedAddCommGroup H] [InnerProductSpace ℂ H] [CompleteSpace H] [NormedAddCommGroup K] [InnerProductSpace ℂ K]
  [CompleteSpace K]
  (Λ :
    ↥(MeasureTheory.Lp (Cloning.InfiniteTraceClass.TraceClass H) 1 MeasureTheory.volume) →L[ℂ]
      ↥(MeasureTheory.Lp (Cloning.InfiniteTraceClass.TraceClass K) 1 MeasureTheory.volume))
  (hΛ : Cloning.Hybrid.L1CompletelyPositive ↑Λ) (hTP : Cloning.Hybrid.L1TracePreserving ↑Λ) (a : Fin k → ℝ)
  (ha : ∀ (i : Fin k), 0 < a i) {g : ℝ} (hg : 1 ≤ g)
  (hχ :
    MeasureTheory.AEStronglyMeasurable (Cloning.GaussianAffinity.productWitness a fun i => a i / g)
      MeasureTheory.volume)
  {C : ℝ} (hC : 0 ≤ C)
  (hbound : ∀ (y : Fin k → ℝ), ‖Cloning.GaussianAffinity.productWitness a (fun i => a i / g) y‖ ≤ C)
  (b : (Fin k → ℝ) → ℝ)
  (hb : MeasureTheory.Integrable (fun h => Cloning.GaussianAffinity.productDensity a h * b h) MeasureTheory.volume)
  (herror :
    ∀ (h : Fin k → ℝ) (R : ↥(MeasureTheory.Lp (Cloning.InfiniteTraceClass.TraceClass H) 1 MeasureTheory.volume)),
      ‖Λ ((Cloning.Hybrid.classicalTranslation h) R) - (Cloning.Hybrid.classicalTranslation (√g • h)) (Λ R)‖ ≤
        b h * ‖R‖)
  (X : Cloning.InfiniteTraceClass.TraceClass H) (hX : 0 ≤ ↑X) :
  (Cloning.InfiniteTraceClass.traceCLM
        ((Cloning.Hybrid.weightedQuantumMap (↑Λ) (Cloning.GaussianAffinity.productDensity a) ⋯
            (Cloning.GaussianAffinity.productWitness a fun i => a i / g) hχ hbound)
          X)).re ≤
    (Cloning.Thermal.classicalBase g ^ (↑k / 2) +
        C * ∫ (h : Fin k → ℝ), Cloning.GaussianAffinity.productDensity a h * b h) *
      (Cloning.InfiniteTraceClass.traceCLM X).re
info: QuantumFidelity.lean:53:0: Cloning.Hybrid.exists_gaussian_weighted_covariant_residual {k s : ℕ}
  (Λ :
    ℕ →
      ↥(MeasureTheory.Lp (Cloning.InfiniteTraceClass.TraceClass ↥(Cloning.MultimodeCoherent.Fock s)) 1
            MeasureTheory.volume) →L[ℂ]
        ↥(MeasureTheory.Lp (Cloning.InfiniteTraceClass.TraceClass ↥(Cloning.MultimodeCoherent.Fock s)) 1
            MeasureTheory.volume))
  (hΛ : ∀ (n : ℕ), Cloning.Hybrid.L1CompletelyPositive ↑(Λ n))
  (hTP : ∀ (n : ℕ), Cloning.Hybrid.L1TracePreserving ↑(Λ n)) (a : Fin k → ℝ) (ha : ∀ (i : Fin k), 0 < a i) {g : ℝ}
  (hg : 1 ≤ g)
  (hχ :
    MeasureTheory.AEStronglyMeasurable (Cloning.GaussianAffinity.productWitness a fun i => a i / g)
      MeasureTheory.volume)
  {C : ℝ} (hC : 0 ≤ C)
  (hχbound : ∀ (y : Fin k → ℝ), ‖Cloning.GaussianAffinity.productWitness a (fun i => a i / g) y‖ ≤ C)
  (b : ℕ → (Fin k → ℝ) → ℝ) (hb : ∀ (n : ℕ), MeasureTheory.AEStronglyMeasurable (b n) MeasureTheory.volume) {B : ℝ}
  (hbbound : ∀ (n : ℕ) (h : Fin k → ℝ), ‖b n h‖ ≤ B)
  (hlim : ∀ (h : Fin k → ℝ), Filter.Tendsto (fun n => b n h) Filter.atTop (nhds 0))
  (hclassical :
    ∀ (n : ℕ) (h : Fin k → ℝ)
      (R :
        ↥(MeasureTheory.Lp (Cloning.InfiniteTraceClass.TraceClass ↥(Cloning.MultimodeCoherent.Fock s)) 1
            MeasureTheory.volume)),
      ‖(Λ n) ((Cloning.Hybrid.classicalTranslation h) R) - (Cloning.Hybrid.classicalTranslation (√g • h)) ((Λ n) R)‖ ≤
        b n h * ‖R‖)
  (hquantum :
    ∀ (z : Fin s → ℂ)
      (R :
        ↥(MeasureTheory.Lp (Cloning.InfiniteTraceClass.TraceClass ↥(Cloning.MultimodeCoherent.Fock s)) 1
            MeasureTheory.volume)),
      Filter.Tendsto
        (fun n => ‖(Λ n) ((Cloning.Hybrid.quantumL1Action z) R) - (Cloning.Hybrid.quantumL1Action (√g • z)) ((Λ n) R)‖)
        Filter.atTop (nhds 0)) :
  ∃ Γ,
    Cloning.InfiniteTraceClass.IsCompletelyPositive Γ ∧
      (∀ (X : Cloning.InfiniteTraceClass.TraceClass ↥(Cloning.MultimodeCoherent.Fock s)),
          0 ≤ ↑X →
            (Cloning.InfiniteTraceClass.traceCLM (Γ X)).re ≤
              Cloning.Thermal.classicalBase g ^ (↑k / 2) * (Cloning.InfiniteTraceClass.traceCLM X).re) ∧
        (∀ (z : Fin s → ℂ) (X : Cloning.InfiniteTraceClass.TraceClass ↥(Cloning.MultimodeCoherent.Fock s)),
            Γ ((Cloning.MultimodeCoherent.displacementTraceMap z) X) =
              (Cloning.MultimodeCoherent.displacementTraceMap (√g • z)) (Γ X)) ∧
          ∃ φ,
            StrictMono φ ∧
              ∀ (X : Cloning.InfiniteTraceClass.TraceClass ↥(Cloning.MultimodeCoherent.Fock s))
                (O : ↥(Cloning.MultimodeCoherent.Fock s) →L[ℂ] ↥(Cloning.MultimodeCoherent.Fock s)),
                IsCompactOperator ⇑O →
                  Filter.Tendsto
                    (fun n =>
                      (Cloning.InfiniteTraceClass.tracePairing
                          ((Cloning.Hybrid.weightedQuantumMap (↑(Λ (φ n))) (Cloning.GaussianAffinity.productDensity a) ⋯
                              (Cloning.GaussianAffinity.productWitness a fun i => a i / g) hχ hχbound)
                            X))
                        O)
                    Filter.atTop (nhds ((Cloning.InfiniteTraceClass.tracePairing (Γ X)) O))
info: QuantumFidelity.lean:54:0: Cloning.Hybrid.gaussianAmplifierChannel_orbitPayoff {k s : ℕ} (a : Fin k → ℝ) (ha : ∀ (i : Fin k), 0 < a i) (g : ℝ)
  (hg : 1 < g) (q : Fin s → ℝ) (hq0 : ∀ (i : Fin s), 0 ≤ q i) (hq1 : ∀ (i : Fin s), q i < 1)
  (ξ : Cloning.Hybrid.PhaseSpace k s) :
  Cloning.Hybrid.orbitPayoff (√g) (Cloning.Hybrid.gaussianAmplifierChannel g hg)
      (Cloning.Hybrid.gaussianThermalPositive a ha q hq0 hq1) (Cloning.Hybrid.gaussianThermalPositive a ha q hq0 hq1)
      ξ =
    Cloning.Thermal.classicalBase g ^ (↑k / 2) * ∏ i, Cloning.Thermal.modeFactor g (q i)
info: QuantumFidelity.lean:55:0: Cloning.Hybrid.PhaseDensity.gaussianOptimalPayoff_tendsto_modeFactor_nonneg {k s : ℕ}
  (p : Cloning.Hybrid.PhaseDensity k s) (a : Fin k → ℝ) (ha : ∀ (i : Fin k), 0 < a i) (g : ℝ) (hg : 1 < g)
  (q : Fin s → ℝ) (hq0 : ∀ (i : Fin s), 0 ≤ q i) (hq1 : ∀ (i : Fin s), q i < 1) :
  Filter.Tendsto
    (p.gaussianOptimalPayoff (√g) (Cloning.Hybrid.gaussianThermalPositive a ha q hq0 hq1)
      (Cloning.Hybrid.gaussianThermalPositive a ha q hq0 hq1))
    Filter.atTop (nhds (Cloning.Thermal.classicalBase g ^ (↑k / 2) * ∏ i, Cloning.Thermal.modeFactor g (q i)))
info: QuantumFidelity.lean:56:0: Cloning.Hybrid.QuantumToHybrid.fidelity_data_processing.{u_1, u_2, u_3} {Ω : Type u_1} {H : Type u_2} {K : Type u_3}
  [MeasurableSpace Ω] {μ : MeasureTheory.Measure Ω} [NormedAddCommGroup H] [InnerProductSpace ℂ H] [CompleteSpace H]
  [NormedAddCommGroup K] [InnerProductSpace ℂ K] [CompleteSpace K] (T : Cloning.Hybrid.QuantumToHybrid H K μ)
  (A B : Cloning.Hybrid.PositiveTraceClass H) : A.rootFidelity B ≤ (T.mapPositive A).rootFidelity (T.mapPositive B)
info: QuantumFidelity.lean:57:0: Cloning.Hybrid.QuantumToHybrid.prepare.{u_1, u_2} {Ω : Type u_1} {H : Type u_2} [MeasurableSpace Ω]
  {μ : MeasureTheory.Measure Ω} [NormedAddCommGroup H] [InnerProductSpace ℂ H] [CompleteSpace H] (g : Ω → ℝ)
  (hg : MeasureTheory.Integrable g μ) (hg0 : ∀ (y : Ω), 0 ≤ g y) (hprob : ∫ (y : Ω), g y ∂μ = 1) :
  Cloning.Hybrid.QuantumToHybrid H H μ
info: QuantumFidelity.lean:58:0: Cloning.Hybrid.HybridToQuantum.integrate.{u_1, u_2} {Ω : Type u_1} {H : Type u_2} [MeasurableSpace Ω]
  {μ : MeasureTheory.Measure Ω} [NormedAddCommGroup H] [InnerProductSpace ℂ H] [CompleteSpace H] :
  Cloning.Hybrid.HybridToQuantum H H μ
info: QuantumFidelity.lean:59:0: Cloning.Hybrid.HybridToQuantum.norm_le_two.{u_1, u_2, u_3} {Ω : Type u_1} {H : Type u_2} {K : Type u_3}
  [MeasurableSpace Ω] {μ : MeasureTheory.Measure Ω} [NormedAddCommGroup H] [InnerProductSpace ℂ H] [CompleteSpace H]
  [NormedAddCommGroup K] [InnerProductSpace ℂ K] [CompleteSpace K] (S : Cloning.Hybrid.HybridToQuantum H K μ)
  (A : ↥(MeasureTheory.Lp (Cloning.InfiniteTraceClass.TraceClass H) 1 μ)) : ‖S.map A‖ ≤ 2 * ‖A‖
info: QuantumFidelity.lean:60:0: Cloning.Hybrid.HybridToQuantum.fidelity_data_processing.{u_1, u_2, u_3} {Ω : Type u_1} {H : Type u_2} {K : Type u_3}
  [MeasurableSpace Ω] {μ : MeasureTheory.Measure Ω} [NormedAddCommGroup H] [InnerProductSpace ℂ H] [CompleteSpace H]
  [NormedAddCommGroup K] [InnerProductSpace ℂ K] [CompleteSpace K] (S : Cloning.Hybrid.HybridToQuantum H K μ)
  (A B : Cloning.Hybrid.PositiveL1 H μ) : A.rootFidelity B ≤ (S.mapPositive A).rootFidelity (S.mapPositive B)
info: QuantumFidelity.lean:62:0: Cloning.InfiniteFidelity.fidelity_sq_le_of_regularized_inverse_limit.{u_1} {H : Type u_1} [NormedAddCommGroup H]
  [InnerProductSpace ℂ H] [CompleteSpace H] {A B W : H →L[ℂ] H} (hA : 0 ≤ A) (hB : 0 ≤ B) (hW : 0 ≤ W)
  (hTA : Cloning.InfiniteTraceClass.IsTraceClass A) (hTB : Cloning.InfiniteTraceClass.IsTraceClass B) {M : ℝ}
  (hInv :
    Filter.Tendsto
      (fun ε =>
        (Cloning.InfiniteTraceClass.trace (B * CFC.rpow (Cloning.InfiniteFidelity.regularizedWeight W ε) (-1)) ⋯).re)
      (nhdsWithin 0 (Set.Ioi 0)) (nhds M)) :
  Cloning.InfiniteFidelity.fidelity A B hA hB hTA hTB ^ 2 ≤ (Cloning.InfiniteTraceClass.trace (A * W) ⋯).re * M
info: QuantumFidelity.lean:63:0: Cloning.Hybrid.PositiveField.rootFidelity_sq_le_weighted_productPositive_of_inverse_limit.{u_1, u_2} {Ω : Type u_1}
  {H : Type u_2} [MeasurableSpace Ω] {μ : MeasureTheory.Measure Ω} [NormedAddCommGroup H] [InnerProductSpace ℂ H]
  [CompleteSpace H] (R : Cloning.Hybrid.PositiveField μ) (g : Ω → ℝ) (hg : MeasureTheory.Integrable g μ)
  (hgn : ∀ (x : Ω), 0 ≤ g x) (T : Cloning.Hybrid.PositiveTraceClass H) {W : H →L[ℂ] H} (hW : 0 ≤ W) {M : ℝ}
  (hInv : Filter.Tendsto (Cloning.Hybrid.regularizedInverseMoment T W) (nhdsWithin 0 (Set.Ioi 0)) (nhds M)) (χ : Ω → ℝ)
  (hχ : ∀ (x : Ω), 0 < χ x)
  (hweighted : MeasureTheory.Integrable (fun x => χ x * Cloning.Hybrid.witnessMoment (↑(R.value x)) W) μ)
  (hclassical : MeasureTheory.Integrable (fun x => g x / χ x) μ) :
  R.rootFidelity (Cloning.Hybrid.PositiveField.productPositive g hg hgn T) ^ 2 ≤
    ((∫ (x : Ω), χ x * Cloning.Hybrid.witnessMoment (↑(R.value x)) W ∂μ) * ∫ (x : Ω), g x / χ x ∂μ) * M
✔ [4554/4563] Built Cloning.TensorPositiveSpectrumCompression (53s)
ℹ [4555/4563] Built CompactCPLimits (3.9s)
info: CompactCPLimits.lean:28:0: Cloning.InfiniteTraceClass.exists_subsequence_covariant_cp_limit_of_limsup_trace_bound.{u_1, u_2, u_3} {H : Type u_1}
  {K : Type u_2} [NormedAddCommGroup H] [InnerProductSpace ℂ H] [CompleteSpace H] [TopologicalSpace.SeparableSpace H]
  [NormedAddCommGroup K] [InnerProductSpace ℂ K] [CompleteSpace K] [TopologicalSpace.SeparableSpace K] {G : Type u_3}
  (L : ℕ → Cloning.InfiniteTraceClass.TraceClass H →L[ℂ] Cloning.InfiniteTraceClass.TraceClass K) (M c : ℝ)
  (hbound : ∀ (n : ℕ), ‖L n‖ ≤ M) (hcp : ∀ (n : ℕ), Cloning.InfiniteTraceClass.IsCompletelyPositive ↑(L n))
  (htrace :
    ∀ (A : Cloning.InfiniteTraceClass.TraceClass H),
      0 ≤ ↑A →
        Filter.limsup (fun n => (Cloning.InfiniteTraceClass.traceCLM ((L n) A)).re) Filter.atTop ≤
          c * (Cloning.InfiniteTraceClass.traceCLM A).re)
  (U : G → H →L[ℂ] H) (V : G → K →L[ℂ] K)
  (hdefect :
    ∀ (g : G) (A : Cloning.InfiniteTraceClass.TraceClass H),
      Filter.Tendsto
        (fun n =>
          ‖(L n) ((Cloning.InfiniteTraceClass.sandwichCLM (U g) (star (U g))) A) -
              (Cloning.InfiniteTraceClass.sandwichCLM (V g) (star (V g))) ((L n) A)‖)
        Filter.atTop (nhds 0)) :
  ∃ Ψ,
    Cloning.InfiniteTraceClass.IsCompletelyPositive Ψ ∧
      (∀ (A : Cloning.InfiniteTraceClass.TraceClass H),
          0 ≤ ↑A → (Cloning.InfiniteTraceClass.traceCLM (Ψ A)).re ≤ c * (Cloning.InfiniteTraceClass.traceCLM A).re) ∧
        (∀ (g : G) (A : Cloning.InfiniteTraceClass.TraceClass H),
            Ψ ((Cloning.InfiniteTraceClass.sandwichCLM (U g) (star (U g))) A) =
              (Cloning.InfiniteTraceClass.sandwichCLM (V g) (star (V g))) (Ψ A)) ∧
          ∃ φ,
            StrictMono φ ∧
              (∀ (A : Cloning.InfiniteTraceClass.TraceClass H) (x y : K),
                  Filter.Tendsto (fun n => inner ℂ x (↑((L (φ n)) A) y)) Filter.atTop (nhds (inner ℂ x (↑(Ψ A) y)))) ∧
                ∀ (A : Cloning.InfiniteTraceClass.TraceClass H) (O : K →L[ℂ] K),
                  IsCompactOperator ⇑O →
                    Filter.Tendsto (fun n => (Cloning.InfiniteTraceClass.tracePairing ((L (φ n)) A)) O) Filter.atTop
                      (nhds ((Cloning.InfiniteTraceClass.tracePairing (Ψ A)) O))
info: CompactCPLimits.lean:29:0: Cloning.InfiniteTraceClass.QuantumChannel.finiteBasisCutoff_tendstoUniformlyOn.{u_1, u_2} {H : Type u_1}
  [NormedAddCommGroup H] [InnerProductSpace ℂ H] [CompleteSpace H] {ι : Type u_2} [DecidableEq ι]
  (b : HilbertBasis ι ℂ H) (i₀ : ι) {S : Set (Cloning.InfiniteTraceClass.TraceClass H)} (hS : IsCompact S)
  (hpos : ∀ A ∈ S, 0 ≤ ↑A) :
  TendstoUniformlyOn (fun s => ⇑(Cloning.InfiniteTraceClass.QuantumChannel.finiteBasisCutoff b i₀ s).toLinearMap)
    (fun A => A) Filter.atTop S
info: CompactCPLimits.lean:30:0: Cloning.InfiniteTraceClass.QuantumChannel.average.{u_1, u_2, u_3} {H : Type u_1} {K : Type u_2} {Ω : Type u_3}
  [NormedAddCommGroup H] [InnerProductSpace ℂ H] [CompleteSpace H] [NormedAddCommGroup K] [InnerProductSpace ℂ K]
  [CompleteSpace K] [MeasurableSpace Ω] (μ : MeasureTheory.Measure Ω) [MeasureTheory.IsProbabilityMeasure μ]
  (Φ : Ω → Cloning.InfiniteTraceClass.QuantumChannel H K)
  (hmeas :
    ∀ (A : Cloning.InfiniteTraceClass.TraceClass H),
      MeasureTheory.AEStronglyMeasurable (fun x => (Φ x).toLinearMap A) μ) :
  Cloning.InfiniteTraceClass.QuantumChannel H K
info: CompactCPLimits.lean:31:0: Cloning.MultimodeCoherent.gaussianFoelnerChannel_covariance_tendsto_all {d : ℕ} (gain : ℝ)
  (Φ :
    Cloning.InfiniteTraceClass.QuantumChannel ↥(Cloning.MultimodeCoherent.Fock d) ↥(Cloning.MultimodeCoherent.Fock d))
  (b : Fin d → ℂ) (A : Cloning.InfiniteTraceClass.TraceClass ↥(Cloning.MultimodeCoherent.Fock d)) :
  Filter.Tendsto
    (fun n =>
      ‖(Cloning.MultimodeCoherent.gaussianFoelnerChannel gain Φ n).toLinearMap
            ((Cloning.MultimodeCoherent.displacementTraceMap b) A) -
          (Cloning.MultimodeCoherent.displacementTraceMap (gain • b))
            ((Cloning.MultimodeCoherent.gaussianFoelnerChannel gain Φ n).toLinearMap A)‖)
    Filter.atTop (nhds 0)
info: CompactCPLimits.lean:32:0: Cloning.MultimodeCoherent.exists_gaussianFoelner_covariant_limit {d : ℕ} (gain : ℝ)
  (Φ :
    Cloning.InfiniteTraceClass.QuantumChannel ↥(Cloning.MultimodeCoherent.Fock d) ↥(Cloning.MultimodeCoherent.Fock d)) :
  ∃ Ψ,
    Cloning.InfiniteTraceClass.IsCompletelyPositive Ψ ∧
      (∀ (A : Cloning.InfiniteTraceClass.TraceClass ↥(Cloning.MultimodeCoherent.Fock d)),
          0 ≤ ↑A → (Cloning.InfiniteTraceClass.traceCLM (Ψ A)).re ≤ (Cloning.InfiniteTraceClass.traceCLM A).re) ∧
        (∀ (b : Fin d → ℂ) (A : Cloning.InfiniteTraceClass.TraceClass ↥(Cloning.MultimodeCoherent.Fock d)),
            Ψ ((Cloning.MultimodeCoherent.displacementTraceMap b) A) =
              (Cloning.MultimodeCoherent.displacementTraceMap (gain • b)) (Ψ A)) ∧
          ∃ φ,
            StrictMono φ ∧
              (∀ (A : Cloning.InfiniteTraceClass.TraceClass ↥(Cloning.MultimodeCoherent.Fock d))
                  (x y : ↥(Cloning.MultimodeCoherent.Fock d)),
                  Filter.Tendsto
                    (fun n =>
                      inner ℂ x (↑((Cloning.MultimodeCoherent.gaussianFoelnerChannel gain Φ (φ n)).toLinearMap A) y))
                    Filter.atTop (nhds (inner ℂ x (↑(Ψ A) y)))) ∧
                ∀ (A : Cloning.InfiniteTraceClass.TraceClass ↥(Cloning.MultimodeCoherent.Fock d))
                  (O : ↥(Cloning.MultimodeCoherent.Fock d) →L[ℂ] ↥(Cloning.MultimodeCoherent.Fock d)),
                  IsCompactOperator ⇑O →
                    Filter.Tendsto
                      (fun n =>
                        (Cloning.InfiniteTraceClass.tracePairing
                            ((Cloning.MultimodeCoherent.gaussianFoelnerChannel gain Φ (φ n)).toLinearMap A))
                          O)
                      Filter.atTop (nhds ((Cloning.InfiniteTraceClass.tracePairing (Ψ A)) O))
info: CompactCPLimits.lean:33:0: Cloning.MultimodeCoherent.exists_flatBox_thermal_payoff_limit {d : ℕ} (gain : ℝ)
  (Φ :
    ℕ →
      Cloning.InfiniteTraceClass.QuantumChannel ↥(Cloning.MultimodeCoherent.Fock d) ↥(Cloning.MultimodeCoherent.Fock d))
  (A : Cloning.Hybrid.PositiveTraceClass ↥(Cloning.MultimodeCoherent.Fock d)) {q x : Fin d → ℝ}
  (hq0 : ∀ (i : Fin d), 0 < q i) (hqx : ∀ (i : Fin d), q i < x i) (hx1 : ∀ (i : Fin d), x i < 1) :
  ∃ Ψ,
    Cloning.InfiniteTraceClass.IsCompletelyPositive Ψ ∧
      (∀ (C : Cloning.InfiniteTraceClass.TraceClass ↥(Cloning.MultimodeCoherent.Fock d)),
          0 ≤ ↑C → (Cloning.InfiniteTraceClass.traceCLM (Ψ C)).re ≤ (Cloning.InfiniteTraceClass.traceCLM C).re) ∧
        (∀ (b : Fin d → ℂ) (C : Cloning.InfiniteTraceClass.TraceClass ↥(Cloning.MultimodeCoherent.Fock d)),
            Ψ ((Cloning.MultimodeCoherent.displacementTraceMap b) C) =
              (Cloning.MultimodeCoherent.displacementTraceMap (gain • b)) (Ψ C)) ∧
          ∃ φ,
            StrictMono φ ∧
              (∀ (C : Cloning.InfiniteTraceClass.TraceClass ↥(Cloning.MultimodeCoherent.Fock d))
                  (O : ↥(Cloning.MultimodeCoherent.Fock d) →L[ℂ] ↥(Cloning.MultimodeCoherent.Fock d)),
                  IsCompactOperator ⇑O →
                    Filter.Tendsto
                      (fun n =>
                        (Cloning.InfiniteTraceClass.tracePairing
                            (((Cloning.MultimodeCoherent.flatBoxDensity d).foelnerChannel gain (Φ (φ n))
                                  (φ n)).toLinearMap
                              C))
                          O)
                      Filter.atTop (nhds ((Cloning.InfiniteTraceClass.tracePairing (Ψ C)) O))) ∧
                ∀ ε > 0,
                  ∀ᶠ (n : ℕ) in Filter.atTop,
                    Cloning.MultimodeCoherent.flatBoxPayoff gain (Φ (φ n)) A
                          (Cloning.MultimodeCoherent.thermalPositive q ⋯ ⋯) (φ n) ^
                        2 ≤
                      ((Cloning.InfiniteTraceClass.tracePairing (Ψ ↑A))
                              (Cloning.ThermalWitness.productWitnessOperator
                                (Cloning.MultimodeCoherentGaussianMixture.numberBasis d) q x)).re *
                          ∏ i, Cloning.Thermal.fidelity (q i) (x i) +
                        ε
info: CompactCPLimits.lean:34:0: Cloning.MultimodeCoherent.covariant_cpTNI_zero_or_scaled_channel {d : ℕ}
  (Γ :
    Cloning.InfiniteTraceClass.TraceClass ↥(Cloning.MultimodeCoherent.Fock d) →ₗ[ℂ]
      Cloning.InfiniteTraceClass.TraceClass ↥(Cloning.MultimodeCoherent.Fock d))
  (hpos : ∀ (T : Cloning.InfiniteTraceClass.TraceClass ↥(Cloning.MultimodeCoherent.Fock d)), 0 ≤ ↑T → 0 ≤ ↑(Γ T))
  (hCP : Cloning.InfiniteTraceClass.IsCompletelyPositive Γ)
  (htrace :
    ∀ (T : Cloning.InfiniteTraceClass.TraceClass ↥(Cloning.MultimodeCoherent.Fock d)),
      0 ≤ ↑T → (Cloning.InfiniteTraceClass.traceCLM (Γ T)).re ≤ (Cloning.InfiniteTraceClass.traceCLM T).re)
  (r : ℝ)
  (hcov :
    ∀ (a : Fin d → ℂ) (T : Cloning.InfiniteTraceClass.TraceClass ↥(Cloning.MultimodeCoherent.Fock d)),
      Γ ((Cloning.MultimodeCoherent.displacementTraceMap a) T) =
        (Cloning.MultimodeCoherent.displacementTraceMap (r • a)) (Γ T)) :
  Γ = 0 ∨
    ∃ c Φ,
      0 < c ∧
        c ≤ 1 ∧
          Γ = ↑c • Φ.toLinearMap ∧
            ∀ (a : Fin d → ℂ) (T : Cloning.InfiniteTraceClass.TraceClass ↥(Cloning.MultimodeCoherent.Fock d)),
              Φ.toLinearMap ((Cloning.MultimodeCoherent.displacementTraceMap a) T) =
                (Cloning.MultimodeCoherent.displacementTraceMap (r • a)) (Φ.toLinearMap T)
info: CompactCPLimits.lean:35:0: Cloning.MultimodeCoherent.limsup_flatBox_thermal_le_modeFactor {d : ℕ} (γ : ℝ) (hγ : 1 < γ) {q : Fin d → ℝ}
  (hq0 : ∀ (i : Fin d), 0 < q i) (hq1 : ∀ (i : Fin d), q i < 1) :
  Filter.limsup
      (Cloning.MultimodeCoherent.flatBoxOptimalPayoff (√γ) (Cloning.MultimodeCoherent.thermalPositive q ⋯ hq1)
        (Cloning.MultimodeCoherent.thermalPositive q ⋯ hq1))
      Filter.atTop ≤
    ∏ i, Cloning.Thermal.modeFactor γ (q i)
info: CompactCPLimits.lean:37:0: Cloning.MultimodeCoherent.limsup_realFlatBox_thermal_le_modeFactor {d : ℕ} (γ : ℝ) (hγ : 1 < γ) {q : Fin d → ℝ}
  (hq0 : ∀ (i : Fin d), 0 < q i) (hq1 : ∀ (i : Fin d), q i < 1) :
  Filter.limsup
      (Cloning.MultimodeCoherent.realFlatBoxOptimalPayoff (√γ) (Cloning.MultimodeCoherent.thermalPositive q ⋯ hq1)
        (Cloning.MultimodeCoherent.thermalPositive q ⋯ hq1))
      Filter.atTop ≤
    ∏ i, Cloning.Thermal.modeFactor γ (q i)
info: CompactCPLimits.lean:38:0: Cloning.Hybrid.L1BlockPositive_integral.{u_1, u_4, u_5} {Ω : Type u_1} [MeasurableSpace Ω] {μ : MeasureTheory.Measure Ω}
  {H : Type u_4} [NormedAddCommGroup H] [InnerProductSpace ℂ H] [CompleteSpace H] {n : ℕ} {Ξ : Type u_5}
  [MeasurableSpace Ξ] {ν : MeasureTheory.Measure Ξ} [MeasureTheory.IsProbabilityMeasure ν]
  {A : Ξ → Fin n → Fin n → ↥(MeasureTheory.Lp (Cloning.InfiniteTraceClass.TraceClass H) 1 μ)}
  (hA : MeasureTheory.Integrable A ν) (hp : ∀ᵐ (ξ : Ξ) ∂ν, Cloning.Hybrid.L1BlockPositive (A ξ)) :
  Cloning.Hybrid.L1BlockPositive (∫ (ξ : Ξ), A ξ ∂ν)
info: CompactCPLimits.lean:39:0: Cloning.Hybrid.Channel.average.{u_1, u_2, u_3, u_4} {Ω : Type u_1} {Θ : Type u_2} {H : Type u_3} {K : Type u_4}
  [MeasurableSpace Ω] [MeasurableSpace Θ] {μ : MeasureTheory.Measure Ω} (ν : MeasureTheory.Measure Θ)
  [MeasureTheory.IsProbabilityMeasure ν] [NormedAddCommGroup H] [InnerProductSpace ℂ H] [CompleteSpace H]
  [NormedAddCommGroup K] [InnerProductSpace ℂ K] [CompleteSpace K] (Λ : Θ → Cloning.Hybrid.Channel H K μ)
  (hmeas :
    ∀ (A : ↥(MeasureTheory.Lp (Cloning.InfiniteTraceClass.TraceClass H) 1 μ)),
      MeasureTheory.AEStronglyMeasurable (fun t => (Λ t).map A) ν) :
  Cloning.Hybrid.Channel H K μ
info: CompactCPLimits.lean:40:0: Cloning.Hybrid.PhaseDensity.foelnerMap_covariance_tendsto_varying {k s : ℕ} (p : Cloning.Hybrid.PhaseDensity k s)
  (r : ℝ) (Λ : ℕ → Cloning.Hybrid.HybridChannel k s) (b : Cloning.Hybrid.PhaseSpace k s)
  (A : ↥(Cloning.Hybrid.HybridSpace k s)) :
  Filter.Tendsto
    (fun n =>
      ‖(p.foelnerMap r (Λ n) n) ((Cloning.Hybrid.hybridTranslation b) A) -
          (Cloning.Hybrid.hybridTranslation (r • b)) ((p.foelnerMap r (Λ n) n) A)‖)
    Filter.atTop (nhds 0)
info: CompactCPLimits.lean:41:0: Cloning.Hybrid.exists_gaussian_weighted_covariant_residual {k s : ℕ}
  (Λ :
    ℕ →
      ↥(MeasureTheory.Lp (Cloning.InfiniteTraceClass.TraceClass ↥(Cloning.MultimodeCoherent.Fock s)) 1
            MeasureTheory.volume) →L[ℂ]
        ↥(MeasureTheory.Lp (Cloning.InfiniteTraceClass.TraceClass ↥(Cloning.MultimodeCoherent.Fock s)) 1
            MeasureTheory.volume))
  (hΛ : ∀ (n : ℕ), Cloning.Hybrid.L1CompletelyPositive ↑(Λ n))
  (hTP : ∀ (n : ℕ), Cloning.Hybrid.L1TracePreserving ↑(Λ n)) (a : Fin k → ℝ) (ha : ∀ (i : Fin k), 0 < a i) {g : ℝ}
  (hg : 1 ≤ g)
  (hχ :
    MeasureTheory.AEStronglyMeasurable (Cloning.GaussianAffinity.productWitness a fun i => a i / g)
      MeasureTheory.volume)
  {C : ℝ} (hC : 0 ≤ C)
  (hχbound : ∀ (y : Fin k → ℝ), ‖Cloning.GaussianAffinity.productWitness a (fun i => a i / g) y‖ ≤ C)
  (b : ℕ → (Fin k → ℝ) → ℝ) (hb : ∀ (n : ℕ), MeasureTheory.AEStronglyMeasurable (b n) MeasureTheory.volume) {B : ℝ}
  (hbbound : ∀ (n : ℕ) (h : Fin k → ℝ), ‖b n h‖ ≤ B)
  (hlim : ∀ (h : Fin k → ℝ), Filter.Tendsto (fun n => b n h) Filter.atTop (nhds 0))
  (hclassical :
    ∀ (n : ℕ) (h : Fin k → ℝ)
      (R :
        ↥(MeasureTheory.Lp (Cloning.InfiniteTraceClass.TraceClass ↥(Cloning.MultimodeCoherent.Fock s)) 1
            MeasureTheory.volume)),
      ‖(Λ n) ((Cloning.Hybrid.classicalTranslation h) R) - (Cloning.Hybrid.classicalTranslation (√g • h)) ((Λ n) R)‖ ≤
        b n h * ‖R‖)
  (hquantum :
    ∀ (z : Fin s → ℂ)
      (R :
        ↥(MeasureTheory.Lp (Cloning.InfiniteTraceClass.TraceClass ↥(Cloning.MultimodeCoherent.Fock s)) 1
            MeasureTheory.volume)),
      Filter.Tendsto
        (fun n => ‖(Λ n) ((Cloning.Hybrid.quantumL1Action z) R) - (Cloning.Hybrid.quantumL1Action (√g • z)) ((Λ n) R)‖)
        Filter.atTop (nhds 0)) :
  ∃ Γ,
    Cloning.InfiniteTraceClass.IsCompletelyPositive Γ ∧
      (∀ (X : Cloning.InfiniteTraceClass.TraceClass ↥(Cloning.MultimodeCoherent.Fock s)),
          0 ≤ ↑X →
            (Cloning.InfiniteTraceClass.traceCLM (Γ X)).re ≤
              Cloning.Thermal.classicalBase g ^ (↑k / 2) * (Cloning.InfiniteTraceClass.traceCLM X).re) ∧
        (∀ (z : Fin s → ℂ) (X : Cloning.InfiniteTraceClass.TraceClass ↥(Cloning.MultimodeCoherent.Fock s)),
            Γ ((Cloning.MultimodeCoherent.displacementTraceMap z) X) =
              (Cloning.MultimodeCoherent.displacementTraceMap (√g • z)) (Γ X)) ∧
          ∃ φ,
            StrictMono φ ∧
              ∀ (X : Cloning.InfiniteTraceClass.TraceClass ↥(Cloning.MultimodeCoherent.Fock s))
                (O : ↥(Cloning.MultimodeCoherent.Fock s) →L[ℂ] ↥(Cloning.MultimodeCoherent.Fock s)),
                IsCompactOperator ⇑O →
                  Filter.Tendsto
                    (fun n =>
                      (Cloning.InfiniteTraceClass.tracePairing
                          ((Cloning.Hybrid.weightedQuantumMap (↑(Λ (φ n))) (Cloning.GaussianAffinity.productDensity a) ⋯
                              (Cloning.GaussianAffinity.productWitness a fun i => a i / g) hχ hχbound)
                            X))
                        O)
                    Filter.atTop (nhds ((Cloning.InfiniteTraceClass.tracePairing (Γ X)) O))
info: CompactCPLimits.lean:42:0: Cloning.Hybrid.eventually_gaussianThermal_output_rootFidelity_le {k s : ℕ}
  (Λ :
    ℕ →
      ↥(MeasureTheory.Lp (Cloning.InfiniteTraceClass.TraceClass ↥(Cloning.MultimodeCoherent.Fock s)) 1
            MeasureTheory.volume) →L[ℂ]
        ↥(MeasureTheory.Lp (Cloning.InfiniteTraceClass.TraceClass ↥(Cloning.MultimodeCoherent.Fock s)) 1
            MeasureTheory.volume))
  (hΛ : ∀ (n : ℕ), Cloning.Hybrid.L1CompletelyPositive ↑(Λ n))
  (hTP : ∀ (n : ℕ), Cloning.Hybrid.L1TracePreserving ↑(Λ n)) (a : Fin k → ℝ) (ha : ∀ (i : Fin k), 0 < a i) (g : ℝ)
  (hg : 1 < g) (q : Fin s → ℝ) (hq0 : ∀ (i : Fin s), 0 < q i) (hq1 : ∀ (i : Fin s), q i < 1) (b : ℕ → (Fin k → ℝ) → ℝ)
  (hb : ∀ (n : ℕ), MeasureTheory.AEStronglyMeasurable (b n) MeasureTheory.volume) {B : ℝ}
  (hbbound : ∀ (n : ℕ) (h : Fin k → ℝ), ‖b n h‖ ≤ B)
  (hlim : ∀ (h : Fin k → ℝ), Filter.Tendsto (fun n => b n h) Filter.atTop (nhds 0))
  (hclassical :
    ∀ (n : ℕ) (h : Fin k → ℝ)
      (R :
        ↥(MeasureTheory.Lp (Cloning.InfiniteTraceClass.TraceClass ↥(Cloning.MultimodeCoherent.Fock s)) 1
            MeasureTheory.volume)),
      ‖(Λ n) ((Cloning.Hybrid.classicalTranslation h) R) - (Cloning.Hybrid.classicalTranslation (√g • h)) ((Λ n) R)‖ ≤
        b n h * ‖R‖)
  (hquantum :
    ∀ (z : Fin s → ℂ)
      (R :
        ↥(MeasureTheory.Lp (Cloning.InfiniteTraceClass.TraceClass ↥(Cloning.MultimodeCoherent.Fock s)) 1
            MeasureTheory.volume)),
      Filter.Tendsto
        (fun n => ‖(Λ n) ((Cloning.Hybrid.quantumL1Action z) R) - (Cloning.Hybrid.quantumL1Action (√g • z)) ((Λ n) R)‖)
        Filter.atTop (nhds 0))
  (R : ℕ → Cloning.Hybrid.PositiveField MeasureTheory.volume)
  (hR : ∀ (n : ℕ), (R n).toL1 = (Λ n) (Cloning.Hybrid.gaussianThermalField a ha q ⋯ hq1).toL1) (ε : ℝ) :
  ε > 0 →
    ∀ᶠ (n : ℕ) in Filter.atTop,
      (R n).rootFidelity (Cloning.Hybrid.gaussianThermalField a ha q ⋯ hq1) ≤
        Cloning.Thermal.classicalBase g ^ (↑k / 2) *
            ∏ i, Cloning.Thermal.fidelity (q i) (Cloning.Thermal.amplified g (q i)) +
          ε
info: CompactCPLimits.lean:43:0: Cloning.MultimodeCoherent.limsup_realFlatBox_thermal_le_modeFactor_nonneg {d : ℕ} (g : ℝ) (hg : 1 < g) {q : Fin d → ℝ}
  (hq0 : ∀ (i : Fin d), 0 ≤ q i) (hq1 : ∀ (i : Fin d), q i < 1) :
  Filter.limsup
      (Cloning.MultimodeCoherent.realFlatBoxOptimalPayoff (√g) (Cloning.MultimodeCoherent.thermalPositive q hq0 hq1)
        (Cloning.MultimodeCoherent.thermalPositive q hq0 hq1))
      Filter.atTop ≤
    ∏ i, Cloning.Thermal.modeFactor g (q i)
info: CompactCPLimits.lean:44:0: Cloning.Hybrid.limsup_realFlatBox_gaussian_le_modeFactor_nonneg {k s : ℕ} (a : Fin k → ℝ) (ha : ∀ (i : Fin k), 0 < a i)
  (g : ℝ) (hg : 1 < g) (q : Fin s → ℝ) (hq0 : ∀ (i : Fin s), 0 ≤ q i) (hq1 : ∀ (i : Fin s), q i < 1) :
  Filter.limsup
      (Cloning.Hybrid.realFlatBoxOptimalPayoff (√g) (Cloning.Hybrid.gaussianThermalPositive a ha q hq0 hq1)
        (Cloning.Hybrid.gaussianThermalPositive a ha q hq0 hq1))
      Filter.atTop ≤
    Cloning.Thermal.classicalBase g ^ (↑k / 2) * ∏ i, Cloning.Thermal.modeFactor g (q i)
info: CompactCPLimits.lean:46:0: Cloning.PCTJointGaussianWhitening.scoreGaussianOptimal_limsup_le {k s : ℕ} (p : Cloning.SimpleSpectrum (k + 1))
  (b : OrthonormalBasis (Fin (k + 1)) ℝ (EuclideanSpace ℝ (Fin (k + 1))))
  (hb : b 0 = Cloning.PCTJointGaussianWhitening.sqrtSpectrum p.eigenvalue) (e : Fin s ≃ Cloning.PairIndex (k + 1))
  (g : ℝ) (hg : 1 < g) :
  Filter.limsup (Cloning.PCTJointGaussianWhitening.scoreGaussianOptimal p b hb e g) Filter.atTop ≤
    Cloning.universalValue g p
ℹ [4556/4563] Built LANTransfer (4.9s)
info: LANTransfer.lean:41:0: Cloning.InfiniteLANTransfer.fidelity_transfer.{u_1, u_2, u_3, u_4} {A : Type u_1} {B : Type u_2} {G : Type u_3}
  {H : Type u_4} [NormedAddCommGroup A] [InnerProductSpace ℂ A] [CompleteSpace A] [NormedAddCommGroup B]
  [InnerProductSpace ℂ B] [CompleteSpace B] [NormedAddCommGroup G] [InnerProductSpace ℂ G] [CompleteSpace G]
  [NormedAddCommGroup H] [InnerProductSpace ℂ H] [CompleteSpace H] (S : Cloning.InfiniteTraceClass.QuantumChannel G A)
  (M : Cloning.InfiniteTraceClass.QuantumChannel A B) (T : Cloning.InfiniteTraceClass.QuantumChannel B H)
  (ρ : Cloning.InfiniteTraceClass.DensityState A) (σ : Cloning.InfiniteTraceClass.DensityState B)
  (Φ : Cloning.InfiniteTraceClass.DensityState G) (Ψ : Cloning.InfiniteTraceClass.DensityState H) {δ η : ℝ}
  (hδ : Cloning.InfiniteFidelity.stateTraceDistance (Cloning.InfiniteLANTransfer.mapState S Φ) ρ ≤ δ)
  (hη : Cloning.InfiniteFidelity.stateTraceDistance (Cloning.InfiniteLANTransfer.mapState T σ) Ψ ≤ η) :
  Cloning.InfiniteFidelity.stateFidelity (Cloning.InfiniteLANTransfer.mapState M ρ) σ ≤
    Cloning.InfiniteFidelity.stateFidelity
          (Cloning.InfiniteLANTransfer.mapState T
            (Cloning.InfiniteLANTransfer.mapState M (Cloning.InfiniteLANTransfer.mapState S Φ)))
          Ψ +
        √δ +
      √η
info: LANTransfer.lean:42:0: Cloning.InfiniteLANTransfer.minimax_le_bayesValue.{u_1, u_2, u_3, u_4, u_5, u_6, u_7} {A : Type u_1} {B : Type u_2}
  {G : Type u_3} {H : Type u_4} [NormedAddCommGroup A] [InnerProductSpace ℂ A] [CompleteSpace A] [NormedAddCommGroup B]
  [InnerProductSpace ℂ B] [CompleteSpace B] [NormedAddCommGroup G] [InnerProductSpace ℂ G] [CompleteSpace G]
  [NormedAddCommGroup H] [InnerProductSpace ℂ H] [CompleteSpace H] {I : Type u_5} {P : Type u_6} {Θ : Type u_7}
  [Nonempty I] [MeasurableSpace Θ] (prior : MeasureTheory.Measure Θ) [MeasureTheory.IsProbabilityMeasure prior]
  (S : Cloning.InfiniteTraceClass.QuantumChannel G A) (M : I → Cloning.InfiniteTraceClass.QuantumChannel A B)
  (T : Cloning.InfiniteTraceClass.QuantumChannel B H) (ρ : P → Cloning.InfiniteTraceClass.DensityState A)
  (σ : P → Cloning.InfiniteTraceClass.DensityState B) (Φ : Θ → Cloning.InfiniteTraceClass.DensityState G)
  (Ψ : Θ → Cloning.InfiniteTraceClass.DensityState H) (localChart : Θ → P) (δ η : ℝ)
  (hδ :
    ∀ (θ : Θ),
      Cloning.InfiniteFidelity.stateTraceDistance (Cloning.InfiniteLANTransfer.mapState S (Φ θ)) (ρ (localChart θ)) ≤ δ)
  (hη :
    ∀ (θ : Θ),
      Cloning.InfiniteFidelity.stateTraceDistance (Cloning.InfiniteLANTransfer.mapState T (σ (localChart θ))) (Ψ θ) ≤ η)
  (hintegrable :
    ∀ (N : Cloning.InfiniteTraceClass.QuantumChannel G H),
      MeasureTheory.Integrable
        (fun θ => Cloning.InfiniteFidelity.stateFidelity (Cloning.InfiniteLANTransfer.mapState N (Φ θ)) (Ψ θ)) prior) :
  (Cloning.LAN.minimaxValue fun i p =>
      Cloning.InfiniteFidelity.stateFidelity (Cloning.InfiniteLANTransfer.mapState (M i) (ρ p)) (σ p)) ≤
    (Cloning.LAN.bayesValue prior fun N θ =>
        Cloning.InfiniteFidelity.stateFidelity (Cloning.InfiniteLANTransfer.mapState N (Φ θ)) (Ψ θ)) +
      (√δ + √η)
info: LANTransfer.lean:43:0: Cloning.GeneralCoherent.exists_twoWay_coherent_product_channels (s : ℕ) :
  ∃ forward reverse,
    ∀ (K : Set (Fin s → ℂ)),
      IsCompact K →
        ∀ (ε : ℝ),
          0 < ε →
            ∀ᶠ (L : ℕ) in Filter.atTop,
              ∀ z ∈ K,
                ‖(forward L).toLinearMap
                          (Cloning.InfiniteTraceClass.vectorProjector (Cloning.MultimodeCoherent.coherentVector z)) -
                        Cloning.InfiniteTraceClass.vectorProjector (Cloning.GeneralCoherent.productTensor z L)‖ <
                    ε ∧
                  ‖(reverse L).toLinearMap
                          (Cloning.InfiniteTraceClass.vectorProjector (Cloning.GeneralCoherent.productTensor z L)) -
                        Cloning.InfiniteTraceClass.vectorProjector (Cloning.MultimodeCoherent.coherentVector z)‖ <
                    ε
info: LANTransfer.lean:44:0: Cloning.Hybrid.PositiveField.integral_fidelity_le_fidelity_integral.{u_1, u_2} {Ω : Type u_1} {H : Type u_2}
  [MeasurableSpace Ω] {μ : MeasureTheory.Measure Ω} [NormedAddCommGroup H] [InnerProductSpace ℂ H] [CompleteSpace H]
  [MeasureTheory.SigmaFinite μ] (A B : Ω → Cloning.InfiniteTraceClass.TraceClass H) (hA : MeasureTheory.Integrable A μ)
  (hB : MeasureTheory.Integrable B μ) (hposA : ∀ (x : Ω), 0 ≤ ↑(A x)) (hposB : ∀ (x : Ω), 0 ≤ ↑(B x)) :
  ∫ (x : Ω), Cloning.InfiniteFidelity.fidelity ↑(A x) ↑(B x) ⋯ ⋯ ⋯ ⋯ ∂μ ≤
    Cloning.InfiniteFidelity.fidelity ↑(∫ (x : Ω), A x ∂μ) ↑(∫ (x : Ω), B x ∂μ) ⋯ ⋯ ⋯ ⋯
info: LANTransfer.lean:45:0: Cloning.MultimodeCoherent.limsup_flatBox_thermal_le_modeFactor {d : ℕ} (γ : ℝ) (hγ : 1 < γ) {q : Fin d → ℝ}
  (hq0 : ∀ (i : Fin d), 0 < q i) (hq1 : ∀ (i : Fin d), q i < 1) :
  Filter.limsup
      (Cloning.MultimodeCoherent.flatBoxOptimalPayoff (√γ) (Cloning.MultimodeCoherent.thermalPositive q ⋯ hq1)
        (Cloning.MultimodeCoherent.thermalPositive q ⋯ hq1))
      Filter.atTop ≤
    ∏ i, Cloning.Thermal.modeFactor γ (q i)
info: LANTransfer.lean:47:0: Cloning.MultimodeCoherent.limsup_realFlatBox_thermal_le_modeFactor {d : ℕ} (γ : ℝ) (hγ : 1 < γ) {q : Fin d → ℝ}
  (hq0 : ∀ (i : Fin d), 0 < q i) (hq1 : ∀ (i : Fin d), q i < 1) :
  Filter.limsup
      (Cloning.MultimodeCoherent.realFlatBoxOptimalPayoff (√γ) (Cloning.MultimodeCoherent.thermalPositive q ⋯ hq1)
        (Cloning.MultimodeCoherent.thermalPositive q ⋯ hq1))
      Filter.atTop ≤
    ∏ i, Cloning.Thermal.modeFactor γ (q i)
info: LANTransfer.lean:48:0: Cloning.Hybrid.PositiveL1.integral_rootFidelity_le.{u_1, u_2, u_3} {Ω : Type u_1} {H : Type u_2} [MeasurableSpace Ω]
  {μ : MeasureTheory.Measure Ω} [NormedAddCommGroup H] [InnerProductSpace ℂ H] [CompleteSpace H] {Ξ : Type u_3}
  [MeasurableSpace Ξ] {ν : MeasureTheory.Measure Ξ} [MeasureTheory.IsProbabilityMeasure ν]
  (A B : Ξ → Cloning.Hybrid.PositiveL1 H μ) (hA : MeasureTheory.Integrable (fun ξ => ↑(A ξ)) ν)
  (hB : MeasureTheory.Integrable (fun ξ => ↑(B ξ)) ν) (R S : Cloning.Hybrid.PositiveL1 H μ)
  (hR : ↑R = ∫ (ξ : Ξ), ↑(A ξ) ∂ν) (hS : ↑S = ∫ (ξ : Ξ), ↑(B ξ) ∂ν) :
  ∫ (ξ : Ξ), (A ξ).rootFidelity (B ξ) ∂ν ≤ R.rootFidelity S
info: LANTransfer.lean:49:0: Cloning.MultimodeCoherent.realFlatBoxOptimalPayoff_tendsto_modeFactor_nonneg {d : ℕ} (g : ℝ) (hg : 1 < g)
  {q : Fin d → ℝ} (hq0 : ∀ (i : Fin d), 0 ≤ q i) (hq1 : ∀ (i : Fin d), q i < 1) :
  Filter.Tendsto
    (Cloning.MultimodeCoherent.realFlatBoxOptimalPayoff (√g) (Cloning.MultimodeCoherent.thermalPositive q hq0 hq1)
      (Cloning.MultimodeCoherent.thermalPositive q hq0 hq1))
    Filter.atTop (nhds (∏ i, Cloning.Thermal.modeFactor g (q i)))
info: LANTransfer.lean:50:0: Cloning.Hybrid.PhaseDensity.gaussianOptimalPayoff_tendsto_modeFactor_nonneg {k s : ℕ}
  (p : Cloning.Hybrid.PhaseDensity k s) (a : Fin k → ℝ) (ha : ∀ (i : Fin k), 0 < a i) (g : ℝ) (hg : 1 < g)
  (q : Fin s → ℝ) (hq0 : ∀ (i : Fin s), 0 ≤ q i) (hq1 : ∀ (i : Fin s), q i < 1) :
  Filter.Tendsto
    (p.gaussianOptimalPayoff (√g) (Cloning.Hybrid.gaussianThermalPositive a ha q hq0 hq1)
      (Cloning.Hybrid.gaussianThermalPositive a ha q hq0 hq1))
    Filter.atTop (nhds (Cloning.Thermal.classicalBase g ^ (↑k / 2) * ∏ i, Cloning.Thermal.modeFactor g (q i)))
info: LANTransfer.lean:51:0: Cloning.Hybrid.realFlatBoxOptimalPayoff_tendsto_modeFactor_nonneg {k s : ℕ} (a : Fin k → ℝ)
  (ha : ∀ (i : Fin k), 0 < a i) (g : ℝ) (hg : 1 < g) (q : Fin s → ℝ) (hq0 : ∀ (i : Fin s), 0 ≤ q i)
  (hq1 : ∀ (i : Fin s), q i < 1) :
  Filter.Tendsto
    (Cloning.Hybrid.realFlatBoxOptimalPayoff (√g) (Cloning.Hybrid.gaussianThermalPositive a ha q hq0 hq1)
      (Cloning.Hybrid.gaussianThermalPositive a ha q hq0 hq1))
    Filter.atTop (nhds (Cloning.Thermal.classicalBase g ^ (↑k / 2) * ∏ i, Cloning.Thermal.modeFactor g (q i)))
info: LANTransfer.lean:52:0: Cloning.MixedLANTransfer.fidelity_transfer.{u_1, u_2, u_3, u_4, u_5} {Ω : Type u_1} {A : Type u_2} {B : Type u_3}
  {G : Type u_4} {H : Type u_5} [MeasurableSpace Ω] {μ : MeasureTheory.Measure Ω} [NormedAddCommGroup A]
  [InnerProductSpace ℂ A] [CompleteSpace A] [NormedAddCommGroup B] [InnerProductSpace ℂ B] [CompleteSpace B]
  [NormedAddCommGroup G] [InnerProductSpace ℂ G] [CompleteSpace G] [NormedAddCommGroup H] [InnerProductSpace ℂ H]
  [CompleteSpace H] (S : Cloning.Hybrid.HybridToQuantum G A μ) (M : Cloning.InfiniteTraceClass.QuantumChannel A B)
  (T : Cloning.Hybrid.QuantumToHybrid B H μ) (ρ : Cloning.Hybrid.PositiveTraceClass A)
  (σ : Cloning.Hybrid.PositiveTraceClass B) (Φ : Cloning.Hybrid.PositiveL1 G μ) (Ψ : Cloning.Hybrid.PositiveL1 H μ)
  (hσ : ‖↑σ‖ = 1) (hΦ : ‖↑Φ‖ = 1) {δ η : ℝ} (hδ : ‖S.map ↑Φ - ↑ρ‖ ≤ δ) (hη : ‖T.map ↑σ - ↑Ψ‖ ≤ η) :
  (Cloning.Hybrid.PositiveTraceClass.map M.toPositiveTracePreservingMap ρ).rootFidelity σ ≤
    (Cloning.Hybrid.PositiveL1.map (Cloning.MixedLANTransfer.transferred S M T) Φ).rootFidelity Ψ + √δ + √η
info: LANTransfer.lean:53:0: Cloning.MixedLANTransfer.minimax_le_bayesValue_ae.{u_1, u_2, u_3, u_4, u_5, u_6, u_7, u_8} {Ω : Type u_1} {A : Type u_2}
  {B : Type u_3} {G : Type u_4} {H : Type u_5} [MeasurableSpace Ω] {μ : MeasureTheory.Measure Ω} [NormedAddCommGroup A]
  [InnerProductSpace ℂ A] [CompleteSpace A] [NormedAddCommGroup B] [InnerProductSpace ℂ B] [CompleteSpace B]
  [NormedAddCommGroup G] [InnerProductSpace ℂ G] [CompleteSpace G] [NormedAddCommGroup H] [InnerProductSpace ℂ H]
  [CompleteSpace H] {I : Type u_6} {P : Type u_7} {Θ : Type u_8} [Nonempty I] [MeasurableSpace Θ]
  (prior : MeasureTheory.Measure Θ) [MeasureTheory.IsProbabilityMeasure prior]
  (S : Cloning.Hybrid.HybridToQuantum G A μ) (M : I → Cloning.InfiniteTraceClass.QuantumChannel A B)
  (T : Cloning.Hybrid.QuantumToHybrid B H μ) (ρ : P → Cloning.InfiniteTraceClass.DensityState A)
  (σ : P → Cloning.InfiniteTraceClass.DensityState B) (Φ : Θ → Cloning.Hybrid.PositiveL1 G μ)
  (Ψ : Θ → Cloning.Hybrid.PositiveL1 H μ) (hΦ : ∀ (θ : Θ), ‖↑(Φ θ)‖ = 1) (hΨ : ∀ (θ : Θ), ‖↑(Ψ θ)‖ = 1)
  (localChart : Θ → P) (δ η : ℝ)
  (hδ : ∀ᵐ (θ : Θ) ∂prior, ‖S.map ↑(Φ θ) - ↑(Cloning.MixedLANTransfer.statePositive (ρ (localChart θ)))‖ ≤ δ)
  (hη : ∀ᵐ (θ : Θ) ∂prior, ‖T.map ↑(Cloning.MixedLANTransfer.statePositive (σ (localChart θ))) - ↑(Ψ θ)‖ ≤ η)
  (hintegrable :
    ∀ (N : Cloning.Hybrid.Channel G H μ),
      MeasureTheory.Integrable (fun θ => (Cloning.Hybrid.PositiveL1.map N (Φ θ)).rootFidelity (Ψ θ)) prior) :
  (Cloning.LAN.minimaxValue fun i p => Cloning.InfiniteFidelity.stateFidelity ((M i).mapState (ρ p)) (σ p)) ≤
    (Cloning.LAN.bayesValue prior fun N θ => (Cloning.Hybrid.PositiveL1.map N (Φ θ)).rootFidelity (Ψ θ)) + (√δ + √η)
info: LANTransfer.lean:54:0: Cloning.MixedLANTransfer.limsup_minimax_le_modeFactor_of_mixed_approximation.{u_3, u_4, u_5, u_6} {k s : ℕ}
  {Q : ℕ → Type u_3} {R : ℕ → Type u_4} [(n : ℕ) → NormedAddCommGroup (Q n)] [(n : ℕ) → InnerProductSpace ℂ (Q n)]
  [∀ (n : ℕ), CompleteSpace (Q n)] [(n : ℕ) → NormedAddCommGroup (R n)] [(n : ℕ) → InnerProductSpace ℂ (R n)]
  [∀ (n : ℕ), CompleteSpace (R n)] {I : ℕ → Type u_5} [∀ (n : ℕ), Nonempty (I n)] {P : Type u_6} [Nonempty P]
  (p : Cloning.Hybrid.PhaseDensity k s) (a : Fin k → ℝ) (ha : ∀ (i : Fin k), 0 < a i) (g : ℝ) (hg : 1 < g)
  (q : Fin s → ℝ) (hq0 : ∀ (i : Fin s), 0 ≤ q i) (hq1 : ∀ (i : Fin s), q i < 1)
  (S : (n : ℕ) → Cloning.Hybrid.HybridToQuantum (↥(Cloning.MultimodeCoherent.Fock s)) (Q n) MeasureTheory.volume)
  (M : (n : ℕ) → I n → Cloning.InfiniteTraceClass.QuantumChannel (Q n) (R n))
  (T : (n : ℕ) → Cloning.Hybrid.QuantumToHybrid (R n) (↥(Cloning.MultimodeCoherent.Fock s)) MeasureTheory.volume)
  (ρ : (n : ℕ) → P → Cloning.InfiniteTraceClass.DensityState (Q n))
  (σ : (n : ℕ) → P → Cloning.InfiniteTraceClass.DensityState (R n)) (localChart : ℕ → Cloning.Hybrid.PhaseSpace k s → P)
  (δ η : ℕ → ℕ → ℝ)
  (hδ :
    ∀ (L : ℕ),
      ∀ᶠ (n : ℕ) in Filter.atTop,
        ∀ᵐ (ξ : Cloning.Hybrid.PhaseSpace k s) ∂p.expandingPrior L,
          ‖(S n).map ↑(Cloning.Hybrid.translatedPositive ξ (Cloning.Hybrid.gaussianThermalPositive a ha q hq0 hq1)) -
                ↑(Cloning.MixedLANTransfer.statePositive (ρ n (localChart n ξ)))‖ ≤
            δ L n)
  (hη :
    ∀ (L : ℕ),
      ∀ᶠ (n : ℕ) in Filter.atTop,
        ∀ᵐ (ξ : Cloning.Hybrid.PhaseSpace k s) ∂p.expandingPrior L,
          ‖(T n).map ↑(Cloning.MixedLANTransfer.statePositive (σ n (localChart n ξ))) -
                ↑(Cloning.Hybrid.translatedPositive (√g • ξ) (Cloning.Hybrid.gaussianThermalPositive a ha q hq0 hq1))‖ ≤
            η L n)
  (hδlim : ∀ (L : ℕ), Filter.Tendsto (δ L) Filter.atTop (nhds 0))
  (hηlim : ∀ (L : ℕ), Filter.Tendsto (η L) Filter.atTop (nhds 0)) :
  Filter.limsup
      (fun n =>
        Cloning.LAN.minimaxValue fun i u => Cloning.InfiniteFidelity.stateFidelity ((M n i).mapState (ρ n u)) (σ n u))
      Filter.atTop ≤
    Cloning.Thermal.classicalBase g ^ (↑k / 2) * ∏ i, Cloning.Thermal.modeFactor g (q i)
info: LANTransfer.lean:56:0: Cloning.MixedLANTransfer.fidelity_sandwich_of_twoWay_mixed.{u_1, u_2, u_3} {Ω : Type u_1} {H : Type u_2} {K : Type u_3}
  [MeasurableSpace Ω] {μ : MeasureTheory.Measure Ω} [NormedAddCommGroup H] [InnerProductSpace ℂ H] [CompleteSpace H]
  [NormedAddCommGroup K] [InnerProductSpace ℂ K] [CompleteSpace K] (T : Cloning.Hybrid.QuantumToHybrid H K μ)
  (S : Cloning.Hybrid.HybridToQuantum K H μ) (ρ σ : Cloning.Hybrid.PositiveTraceClass H)
  (A B : Cloning.Hybrid.PositiveL1 K μ) (hρ : ‖↑ρ‖ = 1) (hσ : ‖↑σ‖ = 1) (hA : ‖↑A‖ = 1) (hB : ‖↑B‖ = 1) :
  A.rootFidelity B - (√‖S.map ↑A - ↑ρ‖ + √‖S.map ↑B - ↑σ‖) ≤ ρ.rootFidelity σ ∧
    ρ.rootFidelity σ ≤ A.rootFidelity B + (√‖T.map ↑ρ - ↑A‖ + √‖T.map ↑σ - ↑B‖)
info: LANTransfer.lean:57:0: Cloning.MixedLANTransfer.fidelity_tendsto_of_twoWay_mixed_approximation.{u_1, u_3, u_4} {Ω : Type u_1} {K : Type u_3}
  [MeasurableSpace Ω] {μ : MeasureTheory.Measure Ω} [NormedAddCommGroup K] [InnerProductSpace ℂ K] [CompleteSpace K]
  {Q : ℕ → Type u_4} [(n : ℕ) → NormedAddCommGroup (Q n)] [(n : ℕ) → InnerProductSpace ℂ (Q n)]
  [∀ (n : ℕ), CompleteSpace (Q n)] (T : (n : ℕ) → Cloning.Hybrid.QuantumToHybrid (Q n) K μ)
  (S : (n : ℕ) → Cloning.Hybrid.HybridToQuantum K (Q n) μ) (ρ σ : (n : ℕ) → Cloning.Hybrid.PositiveTraceClass (Q n))
  (A B : Cloning.Hybrid.PositiveL1 K μ) (hρ : ∀ (n : ℕ), ‖↑(ρ n)‖ = 1) (hσ : ∀ (n : ℕ), ‖↑(σ n)‖ = 1) (hA : ‖↑A‖ = 1)
  (hB : ‖↑B‖ = 1) (hTA : Filter.Tendsto (fun n => ‖(T n).map ↑(ρ n) - ↑A‖) Filter.atTop (nhds 0))
  (hTB : Filter.Tendsto (fun n => ‖(T n).map ↑(σ n) - ↑B‖) Filter.atTop (nhds 0))
  (hSA : Filter.Tendsto (fun n => ‖(S n).map ↑A - ↑(ρ n)‖) Filter.atTop (nhds 0))
  (hSB : Filter.Tendsto (fun n => ‖(S n).map ↑B - ↑(σ n)‖) Filter.atTop (nhds 0)) :
  Filter.Tendsto (fun n => (ρ n).rootFidelity (σ n)) Filter.atTop (nhds (A.rootFidelity B))
info: LANTransfer.lean:58:0: Cloning.MixedLANTransfer.forward_mixture_tendsto.{u_1, u_2, u_3, u_4} {Z : Type u_1} [MeasurableSpace Z]
  {ν : MeasureTheory.Measure Z} [MeasureTheory.IsFiniteMeasure ν] {Ω : Type u_2} {K : Type u_3} [MeasurableSpace Ω]
  {μ : MeasureTheory.Measure Ω} [NormedAddCommGroup K] [InnerProductSpace ℂ K] [CompleteSpace K] {Q : ℕ → Type u_4}
  [(n : ℕ) → NormedAddCommGroup (Q n)] [(n : ℕ) → InnerProductSpace ℂ (Q n)] [∀ (n : ℕ), CompleteSpace (Q n)]
  (T : (n : ℕ) → Cloning.Hybrid.QuantumToHybrid (Q n) K μ) (ρ : (n : ℕ) → Z → Cloning.Hybrid.PositiveTraceClass (Q n))
  (B : Z → Cloning.Hybrid.PositiveL1 K μ) (hρ : ∀ (n : ℕ) (z : Z), ‖↑(ρ n z)‖ = 1) (hB : ∀ (z : Z), ‖↑(B z)‖ = 1)
  (hiρ : ∀ (n : ℕ), MeasureTheory.Integrable (fun z => ↑(ρ n z)) ν) (hiB : MeasureTheory.Integrable (fun z => ↑(B z)) ν)
  (hpoint : ∀ᵐ (z : Z) ∂ν, Filter.Tendsto (fun n => ‖(T n).map ↑(ρ n z) - ↑(B z)‖) Filter.atTop (nhds 0)) :
  Filter.Tendsto (fun n => ‖(T n).map (∫ (z : Z), ↑(ρ n z) ∂ν) - ∫ (z : Z), ↑(B z) ∂ν‖) Filter.atTop (nhds 0)
info: LANTransfer.lean:59:0: Cloning.MixedLANTransfer.reverse_mixture_tendsto.{u_1, u_2, u_3, u_4} {Z : Type u_1} [MeasurableSpace Z]
  {ν : MeasureTheory.Measure Z} [MeasureTheory.IsFiniteMeasure ν] {Ω : Type u_2} {K : Type u_3} [MeasurableSpace Ω]
  {μ : MeasureTheory.Measure Ω} [NormedAddCommGroup K] [InnerProductSpace ℂ K] [CompleteSpace K] {Q : ℕ → Type u_4}
  [(n : ℕ) → NormedAddCommGroup (Q n)] [(n : ℕ) → InnerProductSpace ℂ (Q n)] [∀ (n : ℕ), CompleteSpace (Q n)]
  (S : (n : ℕ) → Cloning.Hybrid.HybridToQuantum K (Q n) μ) (ρ : (n : ℕ) → Z → Cloning.Hybrid.PositiveTraceClass (Q n))
  (B : Z → Cloning.Hybrid.PositiveL1 K μ) (hρ : ∀ (n : ℕ) (z : Z), ‖↑(ρ n z)‖ = 1) (hB : ∀ (z : Z), ‖↑(B z)‖ = 1)
  (hiρ : ∀ (n : ℕ), MeasureTheory.Integrable (fun z => ↑(ρ n z)) ν) (hiB : MeasureTheory.Integrable (fun z => ↑(B z)) ν)
  (hpoint : ∀ᵐ (z : Z) ∂ν, Filter.Tendsto (fun n => ‖(S n).map ↑(B z) - ↑(ρ n z)‖) Filter.atTop (nhds 0)) :
  Filter.Tendsto (fun n => ‖(S n).map (∫ (z : Z), ↑(B z) ∂ν) - ∫ (z : Z), ↑(ρ n z) ∂ν‖) Filter.atTop (nhds 0)
info: LANTransfer.lean:60:0: Cloning.MixedLANTransfer.fidelity_tendsto_of_mixed_mixture.{u_1, u_2, u_3, u_4} {Z : Type u_1} [MeasurableSpace Z]
  {ν : MeasureTheory.Measure Z} [MeasureTheory.IsFiniteMeasure ν] {Ω : Type u_2} {K : Type u_3} [MeasurableSpace Ω]
  {μ : MeasureTheory.Measure Ω} [NormedAddCommGroup K] [InnerProductSpace ℂ K] [CompleteSpace K] {Q : ℕ → Type u_4}
  [(n : ℕ) → NormedAddCommGroup (Q n)] [(n : ℕ) → InnerProductSpace ℂ (Q n)] [∀ (n : ℕ), CompleteSpace (Q n)]
  (T : (n : ℕ) → Cloning.Hybrid.QuantumToHybrid (Q n) K μ) (S : (n : ℕ) → Cloning.Hybrid.HybridToQuantum K (Q n) μ)
  (ρ σ : (n : ℕ) → Cloning.Hybrid.PositiveTraceClass (Q n)) (A B : Cloning.Hybrid.PositiveL1 K μ)
  (R : (n : ℕ) → Z → Cloning.Hybrid.PositiveTraceClass (Q n)) (G : Z → Cloning.Hybrid.PositiveL1 K μ)
  (hρ : ∀ (n : ℕ), ‖↑(ρ n)‖ = 1) (hσ : ∀ (n : ℕ), ‖↑(σ n)‖ = 1) (hA : ‖↑A‖ = 1) (hB : ‖↑B‖ = 1)
  (hR : ∀ (n : ℕ) (z : Z), ‖↑(R n z)‖ = 1) (hG : ∀ (z : Z), ‖↑(G z)‖ = 1)
  (hiR : ∀ (n : ℕ), MeasureTheory.Integrable (fun z => ↑(R n z)) ν) (hiG : MeasureTheory.Integrable (fun z => ↑(G z)) ν)
  (hmixture : ↑B = ∫ (z : Z), ↑(G z) ∂ν)
  (hphysical : Filter.Tendsto (fun n => ‖↑(σ n) - ∫ (z : Z), ↑(R n z) ∂ν‖) Filter.atTop (nhds 0))
  (hTA : Filter.Tendsto (fun n => ‖(T n).map ↑(ρ n) - ↑A‖) Filter.atTop (nhds 0))
  (hSA : Filter.Tendsto (fun n => ‖(S n).map ↑A - ↑(ρ n)‖) Filter.atTop (nhds 0))
  (hTG : ∀ᵐ (z : Z) ∂ν, Filter.Tendsto (fun n => ‖(T n).map ↑(R n z) - ↑(G z)‖) Filter.atTop (nhds 0))
  (hSG : ∀ᵐ (z : Z) ∂ν, Filter.Tendsto (fun n => ‖(S n).map ↑(G z) - ↑(R n z)‖) Filter.atTop (nhds 0)) :
  Filter.Tendsto (fun n => (ρ n).rootFidelity (σ n)) Filter.atTop (nhds (A.rootFidelity B))
info: LANTransfer.lean:61:0: Cloning.Hybrid.QuantumToHybrid.finiteKrausInstrument.{u_1, u_2, u_3, u_4} {Ω : Type u_1} {H : Type u_2} {K : Type u_3}
  {ι : Type u_4} [MeasurableSpace Ω] {μ : MeasureTheory.Measure Ω} [NormedAddCommGroup H] [InnerProductSpace ℂ H]
  [CompleteSpace H] [NormedAddCommGroup K] [InnerProductSpace ℂ K] [CompleteSpace K] [Fintype ι] (g : ι → Ω → ℝ)
  (hg : ∀ (r : ι), MeasureTheory.Integrable (g r) μ) (hg0 : ∀ (r : ι) (y : Ω), 0 ≤ g r y)
  (hprob : ∀ (r : ι), ∫ (y : Ω), g r y ∂μ = 1) (B : ι → H →L[ℂ] K)
  (hB : Cloning.InfiniteTraceClass.RectangularKrausComplete B) : Cloning.Hybrid.QuantumToHybrid H K μ
info: LANTransfer.lean:62:0: Cloning.Hybrid.HybridToQuantum.finiteSelector.{u_1, u_2, u_3, u_4} {Ω : Type u_1} {H : Type u_2} {K : Type u_3}
  {ι : Type u_4} [MeasurableSpace Ω] {μ : MeasureTheory.Measure Ω} [NormedAddCommGroup H] [InnerProductSpace ℂ H]
  [CompleteSpace H] [NormedAddCommGroup K] [InnerProductSpace ℂ K] [CompleteSpace K] [Fintype ι] (χ : ι → Ω → ℝ)
  (hχ : ∀ (r : ι), MeasureTheory.AEStronglyMeasurable (χ r) μ) (hχ0 : ∀ (r : ι) (y : Ω), 0 ≤ χ r y)
  (hχsum : ∀ (y : Ω), ∑ r, χ r y = 1) (Φ : ι → Cloning.InfiniteTraceClass.QuantumChannel H K) :
  Cloning.Hybrid.HybridToQuantum H K μ
info: LANTransfer.lean:63:0: Cloning.PCTPhysicalFidelity.CompactWindowLAN.moving_parameters {k d : ℕ} {p : Cloning.SimpleSpectrum (k + 1)}
  {b : Fin (k + 1) → EuclideanSpace ℝ (Fin (k + 1))} {e : Fin d ≃ Cloning.PairIndex (k + 1)}
  (lan : Cloning.PCTPhysicalFidelity.CompactWindowLAN p b e) (θ : ℕ → Cloning.PCTPhysicalFidelity.Parameters k)
  (θ₀ : Cloning.PCTPhysicalFidelity.Parameters k) (hθ : Filter.Tendsto θ Filter.atTop (nhds θ₀))
  (K : Set (Cloning.PCTPhysicalFidelity.Parameters k)) (hK : IsCompact K) (hzero : ∀ θ ∈ K, ∑ i, θ.1 i = 0)
  (hmem : ∀ᶠ (L : ℕ) in Filter.atTop, θ L ∈ K) :
  Filter.Tendsto
      (fun L =>
        ‖(lan.forward L).map (Cloning.PCTPhysicalFidelity.chartTensor p (θ L) L) -
            ↑(Cloning.PCTPhysicalFidelity.model p b e θ₀)‖)
      Filter.atTop (nhds 0) ∧
    Filter.Tendsto
      (fun L =>
        ‖(lan.reverse L).map ↑(Cloning.PCTPhysicalFidelity.model p b e θ₀) -
            Cloning.PCTPhysicalFidelity.chartTensor p (θ L) L‖)
      Filter.atTop (nhds 0)
info: LANTransfer.lean:64:0: Cloning.Hybrid.Channel.coordinateEquiv.{u_1, u_2, u_3, u_4} {Ω : Type u_1} {Ξ : Type u_2} {H : Type u_3} {K : Type u_4}
  [MeasurableSpace Ω] [MeasurableSpace Ξ] {μ : MeasureTheory.Measure Ω} {ν : MeasureTheory.Measure Ξ}
  [NormedAddCommGroup H] [InnerProductSpace ℂ H] [CompleteSpace H] [NormedAddCommGroup K] [InnerProductSpace ℂ K]
  [CompleteSpace K] (e : Ω ≃ᵐ Ξ) (he : MeasureTheory.MeasurePreserving (⇑e) μ ν) :
  Cloning.Hybrid.Channel H K μ ≃ Cloning.Hybrid.Channel H K ν
info: LANTransfer.lean:65:0: Cloning.Hybrid.Channel.transportCoordinates_rootFidelity.{u_1, u_2, u_3, u_4} {Ω : Type u_1} {Ξ : Type u_2}
  {H : Type u_3} {K : Type u_4} [MeasurableSpace Ω] [MeasurableSpace Ξ] {μ : MeasureTheory.Measure Ω}
  {ν : MeasureTheory.Measure Ξ} [NormedAddCommGroup H] [InnerProductSpace ℂ H] [CompleteSpace H] [NormedAddCommGroup K]
  [InnerProductSpace ℂ K] [CompleteSpace K] (e : Ω ≃ᵐ Ξ) (he : MeasureTheory.MeasurePreserving (⇑e) μ ν)
  (Λ : Cloning.Hybrid.Channel H K μ) (A : Cloning.Hybrid.PositiveL1 H ν) (B : Cloning.Hybrid.PositiveL1 K ν) :
  (Cloning.Hybrid.PositiveL1.map (Cloning.Hybrid.Channel.transportCoordinates e he Λ) A).rootFidelity B =
    (Cloning.Hybrid.PositiveL1.map Λ (Cloning.Hybrid.coordinatePullPositive e he A)).rootFidelity
      (Cloning.Hybrid.coordinatePullPositive e he B)
info: LANTransfer.lean:67:0: Cloning.PCTJointGaussianWhitening.whiteningEquiv.{u_1} {A : Type u_1} [Fintype A] [LinearOrder A] {k : ℕ} (p : A → ℝ)
  (hp : ∀ (a : A), 0 < p a) (b : OrthonormalBasis (Fin (k + 1)) ℝ (EuclideanSpace ℝ A))
  (hb : b 0 = Cloning.PCTJointGaussianWhitening.sqrtSpectrum p) :
  ↥(Cloning.PCTJointGaussianWhitening.scoreHyperplane A) ≃ₗ[ℝ] Fin k → ℝ
info: LANTransfer.lean:68:0: Cloning.PCTJointGaussianWhitening.whitening_measurePreserving.{u_1} {A : Type u_1} [Fintype A] [LinearOrder A] {k : ℕ}
  (p : A → ℝ) (hp : ∀ (a : A), 0 < p a) (b : OrthonormalBasis (Fin (k + 1)) ℝ (EuclideanSpace ℝ A))
  (hb : b 0 = Cloning.PCTJointGaussianWhitening.sqrtSpectrum p) :
  MeasureTheory.MeasurePreserving (⇑(Cloning.PCTJointGaussianWhitening.whiteningMeasurableEquiv p hp b hb))
    (Cloning.PCTJointGaussianWhitening.scoreReferenceMeasure p hp b hb) MeasureTheory.volume
info: LANTransfer.lean:69:0: Cloning.PCTJointGaussianWhitening.scoreChannelEquiv.{u_1, u_2, u_3} {A : Type u_1} [Fintype A] [LinearOrder A] {k : ℕ}
  {H : Type u_2} {K : Type u_3} [NormedAddCommGroup H] [InnerProductSpace ℂ H] [CompleteSpace H] [NormedAddCommGroup K]
  [InnerProductSpace ℂ K] [CompleteSpace K] (p : A → ℝ) (hp : ∀ (a : A), 0 < p a)
  (b : OrthonormalBasis (Fin (k + 1)) ℝ (EuclideanSpace ℝ A))
  (hb : b 0 = Cloning.PCTJointGaussianWhitening.sqrtSpectrum p) :
  Cloning.Hybrid.Channel H K (Cloning.PCTJointGaussianWhitening.scoreReferenceMeasure p hp b hb) ≃
    Cloning.Hybrid.Channel H K MeasureTheory.volume
info: LANTransfer.lean:70:0: Cloning.PCTJointGaussianWhitening.classicalTangentLaw_eq_unwhiten_map.{u_1} {A : Type u_1} [Fintype A] [LinearOrder A]
  {k s : ℕ} (u : OrthonormalBasis (Fin (s + 1)) ℂ ↥(Cloning.PCT.Register (A × A))) (p : A → ℝ) (hp : ∀ (a : A), 0 < p a)
  (hu : u 0 = Cloning.PCTReducedGaussian.coefficientVector (Cloning.PCTReducedGaussian.schmidtCoefficients p))
  (b : OrthonormalBasis (Fin (k + 1)) ℝ (EuclideanSpace ℝ A))
  (hb : b 0 = Cloning.PCTJointGaussianWhitening.sqrtSpectrum p) {v : ℝ} (hv : 0 < v) :
  Cloning.PCTJointGaussianLaw.classicalTangentLaw (⇑u) p v =
    MeasureTheory.Measure.map (Cloning.PCTJointGaussianWhitening.unwhiten p ⇑b)
      (Cloning.PCTJointGaussianReal.realProductMeasure fun x => 1 / (4 * v))
info: LANTransfer.lean:71:0: Cloning.TensorLAN.physicalCompactWindowLAN {k s : ℕ} (p : Cloning.SimpleSpectrum (k + 1))
  (b : OrthonormalBasis (Fin (k + 1)) ℝ (EuclideanSpace ℝ (Fin (k + 1))))
  (hb : b 0 = Cloning.PCTJointGaussianWhitening.sqrtSpectrum p.eigenvalue) (e : Fin s ≃ Cloning.PairIndex (k + 1)) :
  Cloning.PCTPhysicalFidelity.CompactWindowLAN p (⇑b) e
ℹ [4557/4563] Built ConditionalCloningTheorems (5.0s)
info: ConditionalCloningTheorems.lean:59:0: Cloning.known_spectrum_optimum_of_bounds.{u_1, u_2} {d : ℕ} {g : ℝ} (p : Cloning.SimpleSpectrum d) {I : ℕ → Type u_1}
  {Orbit : Type u_2} [Nonempty Orbit] (payoff : (n : ℕ) → I n → Orbit → ℝ) (candidate : (n : ℕ) → I n) (a b : ℕ → ℝ)
  (error : ℕ → ℕ → ℝ) (hzero : ∀ (n : ℕ) (i : I n) (u : Orbit), 0 ≤ payoff n i u)
  (hone : ∀ (n : ℕ) (i : I n) (u : Orbit), payoff n i u ≤ 1)
  (hcandidate : ∀ (n : ℕ) (u : Orbit), a n ≤ payoff n (candidate n) u)
  (ha : Filter.Tendsto a Filter.atTop (nhds (Cloning.orbitalValue g p)))
  (hupper : ∀ (L : ℕ), ∀ᶠ (n : ℕ) in Filter.atTop, Cloning.LAN.minimaxValue (payoff n) ≤ b L + error L n)
  (herror : ∀ (L : ℕ), Filter.Tendsto (error L) Filter.atTop (nhds 0))
  (hb : Filter.Tendsto b Filter.atTop (nhds (Cloning.orbitalValue g p))) :
  Filter.Tendsto (fun n => Cloning.LAN.minimaxValue (payoff n)) Filter.atTop (nhds (Cloning.orbitalValue g p))
info: ConditionalCloningTheorems.lean:60:0: Cloning.unknown_spectrum_optimum_of_bounds.{u_1, u_2} {d : ℕ} {g : ℝ} (hg : 1 < g) {I : ℕ → Type u_1} {P : Type u_2}
  [Nonempty P] (spectrum : P → Cloning.SimpleSpectrum d) (payoff : (n : ℕ) → I n → P → ℝ) (candidate : (n : ℕ) → I n)
  (δ b : ℕ → ℝ) (error : ℕ → ℕ → ℝ) (hzero : ∀ (n : ℕ) (i : I n) (p : P), 0 ≤ payoff n i p)
  (hone : ∀ (n : ℕ) (i : I n) (p : P), payoff n i p ≤ 1)
  (hcandidate : ∀ (n : ℕ) (p : P), |payoff n (candidate n) p - Cloning.universalValue g (spectrum p)| ≤ δ n)
  (hδ : Filter.Tendsto δ Filter.atTop (nhds 0))
  (hupper : ∀ (L : ℕ), ∀ᶠ (n : ℕ) in Filter.atTop, Cloning.LAN.minimaxValue (payoff n) ≤ b L + error L n)
  (herror : ∀ (L : ℕ), Filter.Tendsto (error L) Filter.atTop (nhds 0))
  (hb : Filter.Tendsto b Filter.atTop (nhds (⨅ p, Cloning.universalValue g (spectrum p)))) :
  Filter.Tendsto (fun n => Cloning.LAN.minimaxValue (payoff n)) Filter.atTop
    (nhds (⨅ p, Cloning.universalValue g (spectrum p)))
info: ConditionalCloningTheorems.lean:61:0: Cloning.pctValue_lt_universalValue {d : ℕ} (hd : 2 ≤ d) {g : ℝ} (hg : 1 < g) (p : Cloning.SimpleSpectrum d) :
  Cloning.pctValue g p < Cloning.universalValue g p
info: ConditionalCloningTheorems.lean:62:0: Cloning.PCT.exists_pct_product_mixture.{u_2, u_3, u_4} {A : Type u_2} {B : Type u_3} [Fintype A] [Fintype B]
  [DecidableEq A] [DecidableEq B] {s : ℕ} (hs : 1 ≤ s) (hcard : Fintype.card (A × B) = s + 1)
  (ψ : ↥(Cloning.PCT.Register (A × B))) (hψ : ‖ψ‖ = 1) {Ω : Type u_4} [MeasurableSpace Ω] (μ : MeasureTheory.Measure Ω)
  [MeasureTheory.IsProbabilityMeasure μ] (W : Ω → ↥(Cloning.PCT.Register B) →ₗᵢ[ℂ] ↥(Cloning.PCT.Register B))
  (m : ℕ → ℕ) (hm : ∀ (n : ℕ), n ≤ m n) {γ : ℝ} (hγ : 1 < γ)
  (h : Filter.Tendsto (fun n => ↑(m n) / ↑n) Filter.atTop (nhds γ)) :
  ∃ u,
    u 0 = ψ ∧
      Filter.Tendsto
        (fun n =>
          ‖Cloning.PCT.randomizedPurificationOutput hcard ψ hψ μ W
                (Cloning.GeneralSymmetricOccupation.inputSlots n (m n) ⋯) -
              ∫ (z : Fin s → ℂ),
                Cloning.PCT.matrixTensorPower
                  (Cloning.PCT.reducedDensityMatrix (Cloning.PCT.frameParticle (⇑u) z (m n)))
                  (m n) ∂Cloning.MultimodeCoherentGaussianMixture.gaussianProductMeasure fun x => γ - 1‖)
        Filter.atTop (nhds 0)
info: ConditionalCloningTheorems.lean:63:0: Cloning.MultimodeCoherent.limsup_flatBox_thermal_le_modeFactor {d : ℕ} (γ : ℝ) (hγ : 1 < γ) {q : Fin d → ℝ}
  (hq0 : ∀ (i : Fin d), 0 < q i) (hq1 : ∀ (i : Fin d), q i < 1) :
  Filter.limsup
      (Cloning.MultimodeCoherent.flatBoxOptimalPayoff (√γ) (Cloning.MultimodeCoherent.thermalPositive q ⋯ hq1)
        (Cloning.MultimodeCoherent.thermalPositive q ⋯ hq1))
      Filter.atTop ≤
    ∏ i, Cloning.Thermal.modeFactor γ (q i)
info: ConditionalCloningTheorems.lean:65:0: Cloning.MultimodeCoherent.limsup_realFlatBox_thermal_le_modeFactor {d : ℕ} (γ : ℝ) (hγ : 1 < γ) {q : Fin d → ℝ}
  (hq0 : ∀ (i : Fin d), 0 < q i) (hq1 : ∀ (i : Fin d), q i < 1) :
  Filter.limsup
      (Cloning.MultimodeCoherent.realFlatBoxOptimalPayoff (√γ) (Cloning.MultimodeCoherent.thermalPositive q ⋯ hq1)
        (Cloning.MultimodeCoherent.thermalPositive q ⋯ hq1))
      Filter.atTop ≤
    ∏ i, Cloning.Thermal.modeFactor γ (q i)
info: ConditionalCloningTheorems.lean:66:0: Cloning.MultimodeCoherent.realFlatBoxOptimalPayoff_tendsto_modeFactor_nonneg {d : ℕ} (g : ℝ) (hg : 1 < g)
  {q : Fin d → ℝ} (hq0 : ∀ (i : Fin d), 0 ≤ q i) (hq1 : ∀ (i : Fin d), q i < 1) :
  Filter.Tendsto
    (Cloning.MultimodeCoherent.realFlatBoxOptimalPayoff (√g) (Cloning.MultimodeCoherent.thermalPositive q hq0 hq1)
      (Cloning.MultimodeCoherent.thermalPositive q hq0 hq1))
    Filter.atTop (nhds (∏ i, Cloning.Thermal.modeFactor g (q i)))
info: ConditionalCloningTheorems.lean:67:0: Cloning.Hybrid.PhaseDensity.gaussianOptimalPayoff_tendsto_modeFactor_nonneg {k s : ℕ}
  (p : Cloning.Hybrid.PhaseDensity k s) (a : Fin k → ℝ) (ha : ∀ (i : Fin k), 0 < a i) (g : ℝ) (hg : 1 < g)
  (q : Fin s → ℝ) (hq0 : ∀ (i : Fin s), 0 ≤ q i) (hq1 : ∀ (i : Fin s), q i < 1) :
  Filter.Tendsto
    (p.gaussianOptimalPayoff (√g) (Cloning.Hybrid.gaussianThermalPositive a ha q hq0 hq1)
      (Cloning.Hybrid.gaussianThermalPositive a ha q hq0 hq1))
    Filter.atTop (nhds (Cloning.Thermal.classicalBase g ^ (↑k / 2) * ∏ i, Cloning.Thermal.modeFactor g (q i)))
info: ConditionalCloningTheorems.lean:68:0: Cloning.Hybrid.realFlatBoxOptimalPayoff_tendsto_modeFactor_nonneg {k s : ℕ} (a : Fin k → ℝ)
  (ha : ∀ (i : Fin k), 0 < a i) (g : ℝ) (hg : 1 < g) (q : Fin s → ℝ) (hq0 : ∀ (i : Fin s), 0 ≤ q i)
  (hq1 : ∀ (i : Fin s), q i < 1) :
  Filter.Tendsto
    (Cloning.Hybrid.realFlatBoxOptimalPayoff (√g) (Cloning.Hybrid.gaussianThermalPositive a ha q hq0 hq1)
      (Cloning.Hybrid.gaussianThermalPositive a ha q hq0 hq1))
    Filter.atTop (nhds (Cloning.Thermal.classicalBase g ^ (↑k / 2) * ∏ i, Cloning.Thermal.modeFactor g (q i)))
info: ConditionalCloningTheorems.lean:69:0: Cloning.PCTPurificationChannel.haarPurificationChannel_tensorPower.{u_1} {A : Type u_1} [Fintype A] [DecidableEq A]
  [Nonempty A] (n : ℕ) (ρ : Matrix A A ℂ) (hρ : ρ.PosSemidef) :
  (Cloning.PCTPurificationChannel.haarPurificationChannel n).toFun (Cloning.PCTPurificationChannel.tensorPower n ρ) =
    ∫ (U : ↥(unitary (Matrix A A ℂ))),
      Cloning.PCTPurificationChannel.entangledMoment n
        (Cloning.PCTPurificationChannel.purificationCoefficients ρ U) ∂Cloning.PCTPurificationChannel.unitaryHaar
info: ConditionalCloningTheorems.lean:70:0: Cloning.PCTPurificationChannel.physical_pct_gaussian_product_mixture.{u_1} {A : Type u_1} [Fintype A] [DecidableEq A]
  [Nonempty A] {s : ℕ} (hs : 1 ≤ s) (hcard : Fintype.card (A × A) = s + 1) (ρ : Cloning.MatrixFidelity.State A)
  (r : ℕ → ℕ) {γ : ℝ} (hγ : 1 < γ) (h : Filter.Tendsto (fun n => ↑(n + r n) / ↑n) Filter.atTop (nhds γ)) :
  ∃ u,
    u 0 = Cloning.PCTPurificationChannel.canonicalPurification ρ.matrix ∧
      Filter.Tendsto
        (fun n =>
          ‖(Cloning.PCTPurificationChannel.physicalCloneTraceCLM n (r n) s)
                ((Cloning.PCTPurificationChannel.haarPurificationChannel n).toFun
                  (Cloning.PCTPurificationChannel.tensorPower n ρ.matrix)) -
              ∫ (z : Fin s → ℂ),
                Cloning.PCT.matrixTensorPower
                  (Cloning.PCT.reducedDensityMatrix (Cloning.PCT.frameParticle (⇑u) z (n + r n)))
                  (n + r n) ∂Cloning.MultimodeCoherentGaussianMixture.gaussianProductMeasure fun x => γ - 1‖)
        Filter.atTop (nhds 0)
info: ConditionalCloningTheorems.lean:71:0: Cloning.PCTGlobal.channel_matrix_apply.{u_1} {A : Type u_1} [Fintype A] [DecidableEq A] [Nonempty A] {s : ℕ}
  (hcard : Fintype.card (A × A) = s + 1) (n r : ℕ) (X : Matrix (Fin n → A) (Fin n → A) ℂ) :
  (Cloning.PCTGlobal.channel hcard n r).toLinearMap (Cloning.PCTPurificationChannel.registerLiftCLM X) =
    (Cloning.PCTPurificationChannel.physicalCloneTraceCLM n r s)
      ((Cloning.PCTPurificationChannel.haarPurificationChannel n).toFun X)
info: ConditionalCloningTheorems.lean:72:0: Cloning.PCTGlobal.channel_gaussian_product_mixture.{u_1} {A : Type u_1} [Fintype A] [DecidableEq A] [Nonempty A] {s : ℕ}
  (hs : 1 ≤ s) (hcard : Fintype.card (A × A) = s + 1) (ρ : Cloning.MatrixFidelity.State A) (r : ℕ → ℕ) {γ : ℝ}
  (hγ : 1 < γ) (h : Filter.Tendsto (fun n => ↑(n + r n) / ↑n) Filter.atTop (nhds γ)) :
  ∃ u,
    u 0 = Cloning.PCTPurificationChannel.canonicalPurification ρ.matrix ∧
      Filter.Tendsto
        (fun n =>
          ‖(Cloning.PCTGlobal.channel hcard n (r n)).toLinearMap
                (Cloning.PCTPurificationChannel.registerLiftCLM
                  (Cloning.PCTPurificationChannel.tensorPower n ρ.matrix)) -
              ∫ (z : Fin s → ℂ),
                Cloning.PCT.matrixTensorPower
                  (Cloning.PCT.reducedDensityMatrix (Cloning.PCT.frameParticle (⇑u) z (n + r n)))
                  (n + r n) ∂Cloning.MultimodeCoherentGaussianMixture.gaussianProductMeasure fun x => γ - 1‖)
        Filter.atTop (nhds 0)
info: ConditionalCloningTheorems.lean:73:0: Cloning.PCTGaussianCovariance.jointCoordinate_characteristic.{u_1} {A : Type u_1} [Fintype A] [LinearOrder A] {s : ℕ}
  (u : OrthonormalBasis (Fin (s + 1)) ℂ ↥(Cloning.PCT.Register (A × A))) (p : A → ℝ) (hp : ∀ (a : A), 0 ≤ p a)
  (hu : u 0 = Cloning.PCTReducedGaussian.coefficientVector (Cloning.PCTReducedGaussian.schmidtCoefficients p))
  (hgap : ∀ (i j : A), i < j → 0 < p i - p j) {v : ℝ} (hv : 0 < v) (t : A → ℝ)
  (ξ : Cloning.PCTGaussianCovariance.OrbitalPair A → ℂ) :
  (∫ (z : Fin s → ℂ),
      Complex.exp
        (Complex.I *
            ↑(∑ a,
                t a *
                  Cloning.PCTGaussianCovariance.classicalCoordinate p
                    (Cloning.PCTGaussianCovariance.frameTangentMatrix (⇑u) z) a) +
          ∑ ij,
            (ξ ij *
                star
                  (Cloning.PCTGaussianCovariance.orbitalCoordinate p
                    (Cloning.PCTGaussianCovariance.frameTangentMatrix (⇑u) z) (↑ij).1 (↑ij).2) -
              star (ξ ij) *
                Cloning.PCTGaussianCovariance.orbitalCoordinate p
                  (Cloning.PCTGaussianCovariance.frameTangentMatrix (⇑u) z) (↑ij).1
                  (↑ij).2)) ∂Cloning.MultimodeCoherentGaussianMixture.gaussianProductMeasure fun x => v) =
    Complex.exp
      (-↑(v * (∑ a, p a * t a ^ 2 - (∑ a, p a * t a) ^ 2) +
            ∑ ij, v * (p (↑ij).1 + p (↑ij).2) / (p (↑ij).1 - p (↑ij).2) * ‖ξ ij‖ ^ 2))
info: ConditionalCloningTheorems.lean:74:0: Cloning.PCTPhysicalState.physical_pct_fidelity_of_simple_density {k d s : ℕ}
  (ρ : Cloning.MatrixFidelity.State (Fin (k + 1))) (hpos : ρ.matrix.PosDef) (hsimple : Function.Injective ⋯.eigenvalues)
  (b : OrthonormalBasis (Fin (k + 1)) ℝ (EuclideanSpace ℝ (Fin (k + 1))))
  (hb :
    b 0 =
      Cloning.PCTJointGaussianWhitening.sqrtSpectrum
        (Cloning.PCTPhysicalState.densitySpectrum ρ hpos hsimple).eigenvalue)
  (e : Fin d ≃ Cloning.PairIndex (k + 1))
  (lan : Cloning.PCTPhysicalFidelity.CompactWindowLAN (Cloning.PCTPhysicalState.densitySpectrum ρ hpos hsimple) (⇑b) e)
  (hs : 1 ≤ s) (hcard : Fintype.card (Fin (k + 1) × Fin (k + 1)) = s + 1) (r : ℕ → ℕ) (γ : ℝ) (hγ : 1 < γ)
  (hr : Filter.Tendsto (fun n => ↑(n + r n) / ↑n) Filter.atTop (nhds γ)) :
  Filter.Tendsto
    (fun n =>
      (Cloning.PCTPhysicalState.outputState hcard ρ n (r n)).rootFidelity
        (Cloning.PCTPhysicalState.tensorState ρ (n + r n)))
    Filter.atTop (nhds (Cloning.pctValue γ (Cloning.PCTPhysicalState.densitySpectrum ρ hpos hsimple)))
info: ConditionalCloningTheorems.lean:75:0: Cloning.TensorCloning.knownSpectrumValue_tendsto {k : ℕ} (p : Cloning.SimpleSpectrum (k + 1)) (m : ℕ → ℕ) (g : ℝ)
  (hg : 1 < g) (hratio : Filter.Tendsto (fun n => ↑(m n) / ↑n) Filter.atTop (nhds g)) :
  Filter.Tendsto (fun n => Cloning.TensorCloning.knownSpectrumValue n (m n) p) Filter.atTop
    (nhds (Cloning.orbitalValue g p))
info: ConditionalCloningTheorems.lean:76:0: Cloning.TensorCloning.unknownSpectrumValue_tendsto {d : ℕ} (hd : 1 ≤ d) (K : Set (Cloning.SimpleSpectrum (d + 1)))
  (hK : IsCompact K) (hKne : K.Nonempty) (hregular : closure (interior K) = K) (m : ℕ → ℕ) (γ : ℝ) (hγ : 1 < γ)
  (hgain : Filter.Tendsto (fun n => ↑(m n) / ↑n) Filter.atTop (nhds γ)) :
  Filter.Tendsto (fun n => Cloning.TensorCloning.unknownSpectrumValue n (m n) K) Filter.atTop
    (nhds (⨅ p, Cloning.universalValue γ ↑p))
info: ConditionalCloningTheorems.lean:77:0: Cloning.TensorCloning.unknownSpectrumValue_tendsto_affine {d : ℕ} (hd : 1 ≤ d)
  (K : Set (Cloning.SimpleSpectrum (d + 1))) (hK : IsCompact K) (hKne : K.Nonempty)
  (hregular : closure (interior (Cloning.SimpleSpectrum.toAffine '' K)) = Cloning.SimpleSpectrum.toAffine '' K)
  (m : ℕ → ℕ) (γ : ℝ) (hγ : 1 < γ) (hgain : Filter.Tendsto (fun n => ↑(m n) / ↑n) Filter.atTop (nhds γ)) :
  Filter.Tendsto (fun n => Cloning.TensorCloning.unknownSpectrumValue n (m n) K) Filter.atTop
    (nhds (⨅ p, Cloning.universalValue γ ↑p))
info: ConditionalCloningTheorems.lean:78:0: Cloning.PCTPhysicalState.physical_pct_fidelity {k : ℕ} (hk : 1 ≤ k) (ρ : Cloning.MatrixFidelity.State (Fin (k + 1)))
  (hpos : ρ.matrix.PosDef) (hsimple : Function.Injective ⋯.eigenvalues) (r : ℕ → ℕ) (γ : ℝ) (hγ : 1 < γ)
  (hr : Filter.Tendsto (fun n => ↑(n + r n) / ↑n) Filter.atTop (nhds γ)) :
  Filter.Tendsto
    (fun n =>
      (Cloning.PCTPhysicalState.physicalPCTOutput ρ n (r n)).rootFidelity
        (Cloning.PCTPhysicalState.tensorState ρ (n + r n)))
    Filter.atTop (nhds (Cloning.pctValue γ (Cloning.PCTPhysicalState.densitySpectrum ρ hpos hsimple)))
info: ConditionalCloningTheorems.lean:80:0: Cloning.TensorCloning.eventually_uniform_knownSpectrumChannel_payoff {d : ℕ} (K : Set (Cloning.SimpleSpectrum (d + 1)))
  (hK : IsCompact K) (m : ℕ → ℕ) (γ : ℝ) (hγ : 1 < γ)
  (hgain : Filter.Tendsto (fun n => ↑(m n) / ↑n) Filter.atTop (nhds γ)) (ε : ℝ) (hε : 0 < ε) :
  ∀ᶠ (n : ℕ) in Filter.atTop,
    ∀ p ∈ K,
      ∀ (U : ↥(unitary (Matrix (Fin (d + 1)) (Fin (d + 1)) ℂ))),
        |Cloning.TensorCloning.spectrumPayoff n (m n)
                (Cloning.TensorCloning.knownSpectrumChannel n (m n) (d + 1) p.eigenvalue ⋯ ⋯) p U -
              Cloning.orbitalValue γ p| <
          ε
info: ConditionalCloningTheorems.lean:81:0: Cloning.TensorCloning.eventually_uniform_universalChannel_payoff {d : ℕ} (hd : 1 ≤ d)
  (K : Set (Cloning.SimpleSpectrum (d + 1))) (hK : IsCompact K) (m : ℕ → ℕ) (γ : ℝ) (hγ : 1 < γ)
  (hgain : Filter.Tendsto (fun n => ↑(m n) / ↑n) Filter.atTop (nhds γ)) (ε : ℝ) (hε : 0 < ε) :
  ∀ᶠ (n : ℕ) in Filter.atTop,
    ∀ p ∈ K,
      ∀ (U : ↥(unitary (Matrix (Fin (d + 1)) (Fin (d + 1)) ℂ))),
        |Cloning.TensorCloning.spectrumPayoff n (m n) (Cloning.TensorCloning.universalChannel n (m n) d) p U -
              Cloning.universalValue γ p| <
          ε
info: ConditionalCloningTheorems.lean:82:0: Cloning.PhysicalFlatGrassmann.minimaxValue_tendsto (r k : ℕ) (hr : 0 < r) (m : ℕ → ℕ) (γ : ℝ) (hγ : 1 < γ)
  (hratio : Filter.Tendsto (fun n => ↑(m n) / ↑n) Filter.atTop (nhds γ)) :
  Filter.Tendsto (fun n => Cloning.PhysicalFlatGrassmann.minimaxValue r k hr n (m n)) Filter.atTop
    (nhds (γ ^ (-(↑(r * k) / 2))))
info: ConditionalCloningTheorems.lean:84:0: Cloning.PhysicalFlatPCT.fidelity_limsup_le (d k : ℕ) (P : Cloning.PhysicalFlatGrassmann.Projector (d + 1) k) (t : ℕ → ℕ)
  (γ : ℝ) (hγ : 1 < γ) (hgain : Filter.Tendsto (fun n => ↑(n + t n) / ↑n) Filter.atTop (nhds γ)) :
  Filter.limsup (fun n => Cloning.PhysicalFlatPCT.fidelity d k P n (t n)) Filter.atTop ≤
    γ ^ (-(↑((d + 1) * k) / 2)) * (√(2 * γ - 1) / γ) ^ ((↑(d + 1) - 1) / 2)
info: ConditionalCloningTheorems.lean:85:0: Cloning.PhysicalFlatPCT.fidelity_limsup_lt_optimal (d k : ℕ) (hd : 0 < d)
  (P : Cloning.PhysicalFlatGrassmann.Projector (d + 1) k) (t : ℕ → ℕ) (γ : ℝ) (hγ : 1 < γ)
  (hgain : Filter.Tendsto (fun n => ↑(n + t n) / ↑n) Filter.atTop (nhds γ)) :
  Filter.limsup (fun n => Cloning.PhysicalFlatPCT.fidelity d k P n (t n)) Filter.atTop < γ ^ (-(↑((d + 1) * k) / 2))
info: ConditionalCloningTheorems.lean:86:0: Cloning.PhysicalFlatPCT.fidelity_uniform_upper (d k : ℕ) (t : ℕ → ℕ) (γ : ℝ) (hγ : 1 < γ)
  (hgain : Filter.Tendsto (fun n => ↑(n + t n) / ↑n) Filter.atTop (nhds γ)) (ε : ℝ) (hε : 0 < ε) :
  ∀ᶠ (n : ℕ) in Filter.atTop,
    ∀ (P : Cloning.PhysicalFlatGrassmann.Projector (d + 1) k),
      Cloning.PhysicalFlatPCT.fidelity d k P n (t n) <
        γ ^ (-(↑((d + 1) * k) / 2)) * (√(2 * γ - 1) / γ) ^ ((↑(d + 1) - 1) / 2) + ε
info: ConditionalCloningTheorems.lean:87:0: Cloning.pctValue_closedForm {d : ℕ} {g : ℝ} (hg : 1 < g) (p : Cloning.SimpleSpectrum d) :
  Cloning.pctValue g p =
    (√(2 * g - 1) / g) ^ ((↑d - 1) / 2) *
      ∏ ij, (√(g + (g - 1) * p.ratio ij) + √(p.ratio ij * (g - 1 + g * p.ratio ij))) / (g * (1 + p.ratio ij))
info: ConditionalCloningTheorems.lean:88:0: Cloning.PCTPrescribed.fullChannel_fidelity_tendsto {d : ℕ} (hd : 1 ≤ d) (ρ : Cloning.MatrixFidelity.State (Fin (d + 1)))
  (hpos : ρ.matrix.PosDef) (hsimple : Function.Injective ⋯.eigenvalues) (m : ℕ → ℕ) (γ : ℝ) (hγ : 1 < γ)
  (hgain : Filter.Tendsto (fun n => ↑(m n) / ↑n) Filter.atTop (nhds γ)) :
  Filter.Tendsto (fun n => Cloning.TensorCloning.statePayoff n (m n) (Cloning.PCTPrescribed.fullChannel d n (m n)) ρ)
    Filter.atTop (nhds (Cloning.pctValue γ (Cloning.PCTPhysicalState.densitySpectrum ρ hpos hsimple)))
info: ConditionalCloningTheorems.lean:89:0: Cloning.PCTPrescribed.rankFidelity_limsup_lt_optimal (d k : ℕ) (hd : 0 < d)
  (P : Cloning.PhysicalFlatGrassmann.Projector (d + 1) k) (m : ℕ → ℕ) (γ : ℝ) (hγ : 1 < γ)
  (hgain : Filter.Tendsto (fun n => ↑(m n) / ↑n) Filter.atTop (nhds γ)) :
  Filter.limsup (fun n => Cloning.PCTPrescribed.rankFidelity d k P n (m n)) Filter.atTop < γ ^ (-(↑((d + 1) * k) / 2))
info: ConditionalCloningTheorems.lean:90:0: Cloning.PCTPrescribed.rankFidelity_uniform_upper (d k : ℕ) (m : ℕ → ℕ) (γ : ℝ) (hγ : 1 < γ)
  (hgain : Filter.Tendsto (fun n => ↑(m n) / ↑n) Filter.atTop (nhds γ)) (ε : ℝ) (hε : 0 < ε) :
  ∀ᶠ (n : ℕ) in Filter.atTop,
    ∀ (P : Cloning.PhysicalFlatGrassmann.Projector (d + 1) k),
      Cloning.PCTPrescribed.rankFidelity d k P n (m n) <
        γ ^ (-(↑((d + 1) * k) / 2)) * (√(2 * γ - 1) / γ) ^ ((↑(d + 1) - 1) / 2) + ε
info: ConditionalCloningTheorems.lean:92:0: Cloning.ValueExpansion.orbital_squared_remainder {d : ℕ} (p : Cloning.SimpleSpectrum d) :
  (fun x =>
      Cloning.orbitalValue (1 + x) p ^ 2 -
        (1 - Cloning.ValueExpansion.knownCoefficient p * x ^ 2)) =O[nhdsWithin 0 (Set.Ioi 0)]
    fun x => x ^ 3
info: ConditionalCloningTheorems.lean:93:0: Cloning.ValueExpansion.universal_squared_remainder {d : ℕ} (p : Cloning.SimpleSpectrum d) :
  (fun x =>
      Cloning.universalValue (1 + x) p ^ 2 -
        (1 - Cloning.ValueExpansion.universalCoefficient p * x ^ 2)) =O[nhdsWithin 0 (Set.Ioi 0)]
    fun x => x ^ 3
info: ConditionalCloningTheorems.lean:94:0: Cloning.ValueExpansion.pct_squared_remainder {d : ℕ} (p : Cloning.SimpleSpectrum d) :
  (fun x => Cloning.pctValue (1 + x) p ^ 2 - (1 - Cloning.ValueExpansion.pctCoefficient p * x ^ 2)) =O[nhds 0] fun x =>
    x ^ 3
info: ConditionalCloningTheorems.lean:95:0: Cloning.ValueExpansion.universalCoefficient_lt_pctCoefficient {d : ℕ} (hd : 2 ≤ d) (p : Cloning.SimpleSpectrum d) :
  Cloning.ValueExpansion.universalCoefficient p < Cloning.ValueExpansion.pctCoefficient p
info: ConditionalCloningTheorems.lean:96:0: Cloning.ValueExpansion.universal_target_brackets {d : ℕ} (hd : 2 ≤ d) (p : Cloning.SimpleSpectrum d) {eta : ℝ}
  (heta : 0 < eta) (heta1 : eta < 1) :
  ∀ᶠ (ε : ℝ) in nhdsWithin 0 (Set.Ioi 0),
    1 - ε < Cloning.universalValue (1 + (1 - eta) * √(ε / Cloning.ValueExpansion.universalCoefficient p)) p ^ 2 ∧
      Cloning.universalValue (1 + (1 + eta) * √(ε / Cloning.ValueExpansion.universalCoefficient p)) p ^ 2 < 1 - ε
info: ConditionalCloningTheorems.lean:97:0: Cloning.ValueExpansion.pct_target_brackets {d : ℕ} (hd : 2 ≤ d) (p : Cloning.SimpleSpectrum d) {eta : ℝ}
  (heta : 0 < eta) (heta1 : eta < 1) :
  ∀ᶠ (ε : ℝ) in nhdsWithin 0 (Set.Ioi 0),
    1 - ε < Cloning.pctValue (1 + (1 - eta) * √(ε / Cloning.ValueExpansion.pctCoefficient p)) p ^ 2 ∧
      Cloning.pctValue (1 + (1 + eta) * √(ε / Cloning.ValueExpansion.pctCoefficient p)) p ^ 2 < 1 - ε
info: ConditionalCloningTheorems.lean:99:0: Cloning.ValueComparison.universalValue_iInf (d : ℕ) (hd : 1 ≤ d) {g : ℝ} (hg : 1 < g) :
  ⨅ p, Cloning.universalValue g p = Cloning.classicalValue g d * g ^ (-(↑d * (↑d - 1)) / 4)
info: ConditionalCloningTheorems.lean:100:0: Cloning.ValueComparison.majorization_does_not_order_universal :
  Cloning.ValueComparison.SpectrumMajorizedBy Cloning.ValueComparison.majorizedSpectrum
      Cloning.ValueComparison.concentratedSpectrum ∧
    Cloning.universalValue 10 Cloning.ValueComparison.majorizedSpectrum <
      Cloning.universalValue 10 Cloning.ValueComparison.concentratedSpectrum
info: ConditionalCloningTheorems.lean:101:0: Cloning.ValueComparison.allStateUpperBound_largeGain_tendsto (d : ℕ) :
  Filter.Tendsto (fun g => Cloning.ValueComparison.allStateUpperBound d g / g ^ (-(↑d ^ 2 - 1) / 4)) Filter.atTop
    (nhds (2 ^ ((↑d - 1) / 2)))
info: ConditionalCloningTheorems.lean:102:0: Cloning.PhysicalAllStateMinimax.all_density_minimax_bounds (d : ℕ) (m : ℕ → ℕ) (γ : ℝ) (hγ : 1 < γ)
  (hgain : Filter.Tendsto (fun n => ↑(m n) / ↑n) Filter.atTop (nhds γ)) :
  γ ^ (-(↑(d + 1) ^ 2 - 1) / 2) ≤
      Filter.liminf (fun n => Cloning.PhysicalAllStateMinimax.value d n (m n)) Filter.atTop ∧
    Filter.limsup (fun n => Cloning.PhysicalAllStateMinimax.value d n (m n)) Filter.atTop ≤
      Cloning.classicalValue γ (d + 1) * γ ^ (-(↑(d + 1) * (↑(d + 1) - 1)) / 4)
info: ConditionalCloningTheorems.lean:103:0: Cloning.SpectralGap.gapSet_minimax_tendsto {d : ℕ} (hd : 1 ≤ d) {κ : ℝ} (hκ : 0 < κ)
  (hupper : κ < Cloning.SpectralGap.threshold d) (m : ℕ → ℕ) (γ : ℝ) (hγ : 1 < γ)
  (hgain : Filter.Tendsto (fun n => ↑(m n) / ↑n) Filter.atTop (nhds γ)) :
  Filter.Tendsto (fun n => Cloning.TensorCloning.unknownSpectrumValue n (m n) (Cloning.SpectralGap.gapSet d κ))
    Filter.atTop (nhds (⨅ p, Cloning.universalValue γ ↑p))
info: ConditionalCloningTheorems.lean:104:0: Cloning.SpectralGap.gapSet_threshold_not_regular {d : ℕ} (hd : 1 ≤ d) :
  closure
      (interior (Cloning.SimpleSpectrum.toAffine '' Cloning.SpectralGap.gapSet d (Cloning.SpectralGap.threshold d))) ≠
    Cloning.SimpleSpectrum.toAffine '' Cloning.SpectralGap.gapSet d (Cloning.SpectralGap.threshold d)
info: ConditionalCloningTheorems.lean:105:0: Cloning.ValueExpansion.known_physical_target_brackets {k : ℕ} (hk : 1 ≤ k) (p : Cloning.SimpleSpectrum (k + 1))
  (m : ℝ → ℕ → ℕ) (hgain : ∀ (δ : ℝ), 0 < δ → Filter.Tendsto (fun n => ↑(m δ n) / ↑n) Filter.atTop (nhds (1 + δ)))
  {η : ℝ} (hη : 0 < η) (hη1 : η < 1) :
  ∀ᶠ (ε : ℝ) in nhdsWithin 0 (Set.Ioi 0),
    ∀ᶠ (n : ℕ) in Filter.atTop,
      1 - ε <
          Cloning.TensorCloning.knownSpectrumValue n (m ((1 - η) * √(ε / Cloning.ValueExpansion.knownCoefficient p)) n)
              p ^
            2 ∧
        Cloning.TensorCloning.knownSpectrumValue n (m ((1 + η) * √(ε / Cloning.ValueExpansion.knownCoefficient p)) n)
              p ^
            2 <
          1 - ε
info: ConditionalCloningTheorems.lean:106:0: Cloning.ValueExpansion.pct_physical_target_brackets {k : ℕ} (hk : 1 ≤ k)
  (ρ : Cloning.MatrixFidelity.State (Fin (k + 1))) (hpos : ρ.matrix.PosDef) (hsimple : Function.Injective ⋯.eigenvalues)
  (r : ℝ → ℕ → ℕ) (hgain : ∀ (δ : ℝ), 0 < δ → Filter.Tendsto (fun n => ↑(n + r δ n) / ↑n) Filter.atTop (nhds (1 + δ)))
  {η : ℝ} (hη : 0 < η) (hη1 : η < 1) :
  have p := Cloning.PCTPhysicalState.densitySpectrum ρ hpos hsimple;
  ∀ᶠ (ε : ℝ) in nhdsWithin 0 (Set.Ioi 0),
    ∀ᶠ (n : ℕ) in Filter.atTop,
      1 - ε <
          (Cloning.PCTPhysicalState.physicalPCTOutput ρ n
                  (r ((1 - η) * √(ε / Cloning.ValueExpansion.pctCoefficient p)) n)).rootFidelity
              (Cloning.PCTPhysicalState.tensorState ρ
                (n + r ((1 - η) * √(ε / Cloning.ValueExpansion.pctCoefficient p)) n)) ^
            2 ∧
        (Cloning.PCTPhysicalState.physicalPCTOutput ρ n
                  (r ((1 + η) * √(ε / Cloning.ValueExpansion.pctCoefficient p)) n)).rootFidelity
              (Cloning.PCTPhysicalState.tensorState ρ
                (n + r ((1 + η) * √(ε / Cloning.ValueExpansion.pctCoefficient p)) n)) ^
            2 <
          1 - ε
info: ConditionalCloningTheorems.lean:107:0: Cloning.ValueExpansion.knownCoefficient_tendsto_atTop_of_smallest.{u_1} {ι : Type u_1} {l : Filter ι} {d : ℕ}
  (hd : 2 ≤ d) (p : ι → Cloning.SimpleSpectrum d)
  (hsmall : Filter.Tendsto (fun n => (p n).eigenvalue ⟨d - 1, ⋯⟩) l (nhds 0)) :
  Filter.Tendsto (fun n => Cloning.ValueExpansion.knownCoefficient (p n)) l Filter.atTop
info: ConditionalCloningTheorems.lean:109:0: Cloning.QubitDegeneracy.concrete_noncommuting_limits (m : ℕ → ℕ) {g : ℝ} (hg : 1 < g)
  (hgain : Filter.Tendsto (fun n => ↑(m n) / ↑n) Filter.atTop (nhds g)) :
  Filter.Tendsto
      (fun j =>
        Filter.limsup
          (fun n => Cloning.TensorCloning.knownSpectrumValue n (m n) (Cloning.QubitDegeneracy.approachingSpectrum j))
          Filter.atTop)
      Filter.atTop (nhds (Cloning.Thermal.classicalBase g)) ∧
    Filter.Tendsto
        (fun n =>
          Filter.limsup
            (fun j => Cloning.TensorCloning.knownSpectrumValue n (m n) (Cloning.QubitDegeneracy.approachingSpectrum j))
            Filter.atTop)
        Filter.atTop (nhds 1) ∧
      Cloning.Thermal.classicalBase g < 1
info: ConditionalCloningTheorems.lean:110:0: Cloning.ValueExpansion.universal_physical_target_brackets {k : ℕ} (hk : 1 ≤ k) (p : Cloning.SimpleSpectrum (k + 1))
  (m : ℝ → ℕ → ℕ) (hgain : ∀ (δ : ℝ), 0 < δ → Filter.Tendsto (fun n => ↑(m δ n) / ↑n) Filter.atTop (nhds (1 + δ)))
  {η : ℝ} (hη : 0 < η) (hη1 : η < 1) :
  ∀ᶠ (ε : ℝ) in nhdsWithin 0 (Set.Ioi 0),
    ∀ᶠ (n : ℕ) in Filter.atTop,
      ∀ (U : ↥(unitary (Matrix (Fin (k + 1)) (Fin (k + 1)) ℂ))),
        have L := m ((1 - η) * √(ε / Cloning.ValueExpansion.universalCoefficient p)) n;
        have H := m ((1 + η) * √(ε / Cloning.ValueExpansion.universalCoefficient p)) n;
        1 - ε <
            Cloning.TensorCloning.spectrumPayoff n L (Cloning.TensorCloning.prescribedUniversalChannel n L k) p U ^ 2 ∧
          Cloning.TensorCloning.spectrumPayoff n H (Cloning.TensorCloning.prescribedUniversalChannel n H k) p U ^ 2 <
            1 - ε
⚠ [4558/4563] Built Cloning.TensorPositiveSpectrumCompressionMatrix (12s)
warning: Cloning/TensorPositiveSpectrumCompressionMatrix.lean:40:0: automatically included section variable(s) unused in theorem `Cloning.TensorLie.basis_matrixOf_eq_toMatrix`:
  [CompleteSpace H]
consider restructuring your `variable` declarations so that the variables are not in scope or explicitly omit them:
  omit [CompleteSpace H] in theorem ...

Note: This linter can be disabled with `set_option linter.unusedSectionVars false`
✔ [4559/4563] Built Cloning.TensorPositiveSpectrumCompressionFidelity (4.5s)
ℹ [4560/4563] Built ProjectorBounds (4.5s)
info: ProjectorBounds.lean:27:0: Cloning.MatrixFidelity.finite_kraus_projector_converse.{u_2, u_3, u_5, u_6} {κ : Type u_2} {α : Type u_3} [Fintype κ]
  [Fintype α] {ι : Type u_5} [Fintype ι] [DecidableEq ι] {d : ι → Type u_6} [(i : ι) → Fintype (d i)]
  [(i : ι) → DecidableEq (d i)] [DecidableEq α] (K : κ → Matrix (Sigma d) α ℂ) (X B : Matrix α α ℂ)
  (P : (i : ι) → Matrix (d i) (d i) ℂ) (z q D s : ι → ℝ) (hK : ∑ k, (K k).conjTranspose * K k = 1) (hXB : X ≤ B)
  (hP : ∀ (i : ι), (P i).PosSemidef) (hPP : ∀ (i : ι), P i * P i = P i) (hz : ∀ (i : ι), 0 ≤ z i)
  (hq : ∀ (i : ι), 0 ≤ q i) (hD : ∀ (i : ι), 0 < D i) (hs : ∀ (i : ι), 0 < s i)
  (hdim : ∀ (i : ι), D i = ↑(Fintype.card (d i))) (htrace : ∀ (i : ι), (P i).trace.re = s i)
  (hinvariant : Cloning.Channels.krausMap K B = Matrix.blockDiagonal' fun i => (z i / D i) • 1) :
  Cloning.MatrixFidelity.fidelity (Cloning.Channels.krausMap K X) (Matrix.blockDiagonal' fun i => (q i / s i) • P i) ≤
    √(B.trace.re * ∑ i, q i / (D i / s i))
info: ProjectorBounds.lean:28:0: Cloning.YoungDimensionRatio.projector_sector_factor_tendsto (r k : ℕ) (hr : 0 < r) (rowIn rowOut : ℕ → Fin r → ℝ)
  (N M δ ε : ℕ → ℝ) (γ : ℝ) (hNpos : ∀ (n : ℕ), 0 < N n) (hMpos : ∀ (n : ℕ), 0 < M n)
  (hN : Filter.Tendsto N Filter.atTop Filter.atTop) (hγ : 0 < γ)
  (hratio : Filter.Tendsto (fun n => M n / N n) Filter.atTop (nhds γ)) (hδ : Filter.Tendsto δ Filter.atTop (nhds 0))
  (hε : Filter.Tendsto ε Filter.atTop (nhds 0)) (hcloseIn : ∀ (n : ℕ) (i : Fin r), |rowIn n i / N n - 1 / ↑r| ≤ δ n)
  (hcloseOut : ∀ (n : ℕ) (i : Fin r), |rowOut n i / M n - 1 / ↑r| ≤ ε n)
  (hout : ∀ (n : ℕ) (i : Fin r), 0 ≤ rowOut n i) :
  Filter.Tendsto
    (fun n =>
      √(Cloning.YoungDimensionRatio.dimensionRatio r k (rowIn n) /
          Cloning.YoungDimensionRatio.dimensionRatio r k (rowOut n)))
    Filter.atTop (nhds (γ ^ (-↑(r * k) / 2)))
info: ProjectorBounds.lean:29:0: Cloning.YoungGeneral.dimension_moments_tendsto_one (r k : ℕ) (hr : 0 < r)
  (P : (N : ℕ) → PMF (Cloning.YoungGeneral.Shape r N))
  (hformula :
    ∀ (N : ℕ) (μ : Cloning.YoungGeneral.Shape r N),
      ((P N) μ).toReal = Cloning.YoungGeneral.youngWeight N (Cloning.YoungGeneral.flatSpectrum r) fun i => ↑(μ i)) :
  Filter.Tendsto (fun N => ∑ μ, ((P N) μ).toReal * Cloning.YoungGeneral.normalizedDimension r k N μ) Filter.atTop
      (nhds 1) ∧
    Filter.Tendsto (fun N => ∑ μ, ((P N) μ).toReal * Cloning.YoungGeneral.inverseNormalizedDimension r k N μ)
      Filter.atTop (nhds 1)
info: ProjectorBounds.lean:30:0: Cloning.YoungGeneral.totalTableauMass_eq_one {d : ℕ} (N : ℕ) (p : Fin d → ℝ) (hs : ∑ i, p i = 1) :
  Cloning.YoungGeneral.totalTableauMass d N p = 1
info: ProjectorBounds.lean:31:0: Cloning.YoungGeneral.flatTableauPMF (r N : ℕ) (hr : 0 < r) : PMF (Cloning.YoungGeneral.Shape r N)
info: ProjectorBounds.lean:32:0: Cloning.YoungGeneral.flatTableauPMF_dimension_moments (r k : ℕ) (hr : 0 < r) :
  Filter.Tendsto
      (fun N =>
        ∑ μ, ((Cloning.YoungGeneral.flatTableauPMF r N hr) μ).toReal * Cloning.YoungGeneral.normalizedDimension r k N μ)
      Filter.atTop (nhds 1) ∧
    Filter.Tendsto
      (fun N =>
        ∑ μ,
          ((Cloning.YoungGeneral.flatTableauPMF r N hr) μ).toReal *
            Cloning.YoungGeneral.inverseNormalizedDimension r k N μ)
      Filter.atTop (nhds 1)
info: ProjectorBounds.lean:34:0: Cloning.PhysicalFlatConverse.minimaxValue_tendsto (r k : ℕ) (hr : 0 < r) (m : ℕ → ℕ) (γ : ℝ) (hγ : 1 < γ)
  (hratio : Filter.Tendsto (fun n => ↑(m n) / ↑n) Filter.atTop (nhds γ)) :
  Filter.Tendsto (fun n => Cloning.PhysicalFlatConverse.minimaxValue r k hr n (m n)) Filter.atTop
    (nhds (γ ^ (-(↑(r * k) / 2))))
info: ProjectorBounds.lean:35:0: Cloning.PhysicalFlatGrassmann.minimaxValue_tendsto (r k : ℕ) (hr : 0 < r) (m : ℕ → ℕ) (γ : ℝ) (hγ : 1 < γ)
  (hratio : Filter.Tendsto (fun n => ↑(m n) / ↑n) Filter.atTop (nhds γ)) :
  Filter.Tendsto (fun n => Cloning.PhysicalFlatGrassmann.minimaxValue r k hr n (m n)) Filter.atTop
    (nhds (γ ^ (-(↑(r * k) / 2))))
info: ProjectorBounds.lean:36:0: Cloning.TensorCloning.eventually_rankFlat_minimaxValue_lower (r k : ℕ) (hr : 0 < r) (m : ℕ → ℕ)
  (hm : Filter.Tendsto m Filter.atTop Filter.atTop) (γ : ℝ) (hγ : 1 < γ)
  (hratio : Filter.Tendsto (fun N => ↑(m N) / ↑N) Filter.atTop (nhds γ)) (ε : ℝ) (hε : 0 < ε) :
  ∀ᶠ (N : ℕ) in Filter.atTop, γ ^ (-(↑(r * k) / 2)) - ε < Cloning.PhysicalFlatConverse.minimaxValue r k hr N (m N)
info: ProjectorBounds.lean:38:0: Cloning.PhysicalFlatGrassmann.rankFlatChannel_uniform (r k : ℕ) (hr : 0 < r) (m : ℕ → ℕ) (γ : ℝ) (hγ : 1 < γ)
  (hratio : Filter.Tendsto (fun n => ↑(m n) / ↑n) Filter.atTop (nhds γ)) (ε : ℝ) (hε : 0 < ε) :
  ∀ᶠ (n : ℕ) in Filter.atTop,
    ∀ (P : Cloning.PhysicalFlatGrassmann.Projector r k),
      |Cloning.PhysicalFlatGrassmann.payoff r k hr n (m n) (Cloning.TensorCloning.rankFlatChannel r k hr n (m n)) P -
            γ ^ (-(↑(r * k) / 2))| <
        ε
info: ProjectorBounds.lean:40:0: Cloning.TensorLie.tensorFlatYoungPMF_dimension_moments_isBigO (r k : ℕ) (hr : 0 < r) :
  ((fun N =>
        ∑ mu,
            ((Cloning.TensorLie.tensorFlatYoungPMF N r hr) mu).toReal *
              Cloning.YoungGeneral.normalizedDimension r k N mu -
          1) =O[Filter.atTop]
      fun N => 1 / ↑N) ∧
    (fun N =>
        ∑ mu,
            ((Cloning.TensorLie.tensorFlatYoungPMF N r hr) mu).toReal *
              Cloning.YoungGeneral.inverseNormalizedDimension r k N mu -
          1) =O[Filter.atTop]
      fun N => 1 / ↑N
info: ProjectorBounds.lean:41:0: Cloning.PhysicalFlatConverse.eventually_minimaxValue_rate (r k : ℕ) (hr : 0 < r) :
  ∀ᶠ (n : ℕ) in Filter.atTop,
    ∀ (m : ℕ),
      n ≤ m →
        Cloning.PhysicalFlatConverse.minimaxValue r k hr n m ≤
          (↑m / ↑n) ^ (-(↑(r * k) / 2)) * (1 + Cloning.PhysicalFlatConverse.flatConverseRateConstant r k / ↑n)
info: ProjectorBounds.lean:42:0: Cloning.PhysicalFlatConverse.eventually_minimaxValue_bounded_rounding_rate (r k : ℕ) (hr : 0 < r) (m : ℕ → ℕ) (γ : ℝ)
  (hγ : 1 < γ) (hround : ∃ B, ∀ᶠ (n : ℕ) in Filter.atTop, |↑(m n) - γ * ↑n| ≤ B) :
  ∃ C,
    0 ≤ C ∧
      ∀ᶠ (n : ℕ) in Filter.atTop,
        Cloning.PhysicalFlatConverse.minimaxValue r k hr n (m n) ≤ γ ^ (-(↑(r * k) / 2)) + C / ↑n
info: ProjectorBounds.lean:43:0: Cloning.PhysicalFlatConverse.minimaxValue_upper_excess_isBigO (r k : ℕ) (hr : 0 < r) (m : ℕ → ℕ) (γ : ℝ) (hγ : 1 < γ)
  (hround : (fun n => ↑(m n) - γ * ↑n) =O[Filter.atTop] fun x => 1) :
  (fun n => max (Cloning.PhysicalFlatConverse.minimaxValue r k hr n (m n) - γ ^ (-(↑(r * k) / 2))) 0) =O[Filter.atTop]
    fun n => 1 / ↑n
info: ProjectorBounds.lean:45:0: Cloning.TensorCloning.rankFlatChannel_tensorProjector (k n m : ℕ) (hnm : n ≤ m)
  (ψ : ↥(Cloning.PCT.Register (Fin (1 + k)))) (hψ : ‖ψ‖ = 1) :
  (Cloning.TensorCloning.rankFlatChannel 1 k ⋯ n m).toLinearMap
      (Cloning.InfiniteTraceClass.vectorProjector (Cloning.PCT.tensorVector fun x => ψ)) =
    Cloning.PCT.pureWernerOutput ⋯ ψ hψ (Cloning.GeneralSymmetricOccupation.inputSlots n m hnm)
info: ProjectorBounds.lean:46:0: Cloning.TensorCloning.rankFlatChannel_eq_rankOnePCT_tensorProjector (k n t : ℕ)
  (ψ : ↥(Cloning.PCT.Register (Fin (1 + k)))) (hψ : ‖ψ‖ = 1) :
  (Cloning.TensorCloning.rankFlatChannel 1 k ⋯ n (n + t)).toLinearMap
      (Cloning.InfiniteTraceClass.vectorProjector (Cloning.PCT.tensorVector fun x => ψ)) =
    (Cloning.PhysicalFlatPCT.channel 0 k n t).toLinearMap
      (Cloning.InfiniteTraceClass.vectorProjector (Cloning.PCT.tensorVector fun x => ψ))
info: ProjectorBounds.lean:48:0: Cloning.TensorLie.sectorGibbsDensity_padSpectrum {r : ℕ} (mu : Fin r → ℕ) (hmu : Antitone mu) (k : ℕ) (p : Fin r → ℝ)
  (hp : ∀ (a : Fin r), 0 ≤ p a) :
  Cloning.TensorLie.sectorGibbsDensity
      (Cloning.TensorLie.partitionHighestTensor (Cloning.TensorLie.padPartition mu k) ⋯)
      (Cloning.TensorLie.padPartition mu k) ⋯ ⋯ (Cloning.TensorLie.padSpectrum p k) =
    (Cloning.InfiniteTraceClass.conjugationLinearMap
        (Cloning.TensorLie.rankSectorEmbedding mu hmu k).toContinuousLinearMap)
      (Cloning.TensorLie.sectorGibbsDensity (Cloning.TensorLie.partitionHighestTensor mu hmu) mu ⋯ ⋯ p)
info: ProjectorBounds.lean:49:0: Cloning.TensorLie.physicalCartanMatrixChannel_rank_supported_compression {r : ℕ} (mu nu : Fin r → ℕ) (hmu : Antitone mu)
  (hnu : Antitone nu) (k : ℕ)
  (X : Matrix (Cloning.TensorLie.PartitionIndex mu hmu) (Cloning.TensorLie.PartitionIndex mu hmu) ℂ) :
  have Ja := Cloning.TensorLie.rankSectorEmbeddingMatrix mu hmu k;
  have Jc := Cloning.TensorLie.rankSumSectorEmbeddingMatrix mu nu hmu hnu k;
  Jc * Jc.conjTranspose *
        (Cloning.TensorLie.physicalCartanMatrixChannel (Cloning.TensorLie.padPartition mu k)
              (Cloning.TensorLie.padPartition nu k) ⋯ ⋯).toFun
          (Ja * X * Ja.conjTranspose) *
      (Jc * Jc.conjTranspose) =
    Cloning.TensorLie.rankCartanRatio mu nu hmu hnu k •
      (Jc * (Cloning.TensorLie.physicalCartanMatrixChannel mu nu hmu hnu).toFun X * Jc.conjTranspose)
info: ProjectorBounds.lean:50:0: Cloning.TensorLie.nonnegativeCartanGibbsFidelity_padSpectrum {r : ℕ} (mu nu : Fin r → ℕ) (hmu : Antitone mu)
  (hnu : Antitone nu) (k : ℕ) (p : Fin r → ℝ) (hp : ∀ (a : Fin r), 0 ≤ p a) :
  Cloning.TensorLie.nonnegativeCartanGibbsFidelity (Cloning.TensorLie.padPartition mu k)
      (Cloning.TensorLie.padPartition nu k) ⋯ ⋯ (Cloning.TensorLie.padSpectrum p k) ⋯ =
    √((Cloning.YoungDimensionRatio.dimensionRatio r k fun a => ↑(mu a)) /
          Cloning.YoungDimensionRatio.dimensionRatio r k fun a => ↑(mu a + nu a)) *
      Cloning.TensorLie.nonnegativeCartanGibbsFidelity mu nu hmu hnu p hp
✔ [4561/4563] Built Cloning (4.6s)
✔ [4562/4563] Built All (3.4s)
Build completed successfully (4563 jobs).
