⚠ [1685/2001] Replayed Cloning.Thermal
warning: Cloning/Thermal.lean:423:4: try 'simp' instead of 'simpa'

Note: This linter can be disabled with `set_option linter.unnecessarySimpa false`
⚠ [3038/3141] Replayed Cloning.OccupationCompression
warning: Cloning/OccupationCompression.lean:73:25: Used `tac1 <;> tac2` where `(tac1; tac2)` would suffice

Note: This linter can be disabled with `set_option linter.unnecessarySeqFocus false`
⚠ [3100/3141] Replayed Cloning.PCTPurificationChannelHaar
warning: Cloning/PCTPurificationChannelHaar.lean:107:20: This simp argument is unused:
  Matrix.one_kronecker_one

Hint: Omit it from the simp argument list.
  simp [leftTensor,̵ ̵M̵a̵t̵r̵i̵x̵.̵o̵n̵e̵_̵k̵r̵o̵n̵e̵c̵k̵e̵r̵_̵o̵n̵e̵]

Note: This linter can be disabled with `set_option linter.unusedSimpArgs false`
warning: Cloning/PCTPurificationChannelHaar.lean:133:36: This simp argument is unused:
  Matrix.mul_smul

Hint: Omit it from the simp argument list.
  simp [̵M̵a̵t̵r̵i̵x̵.̵m̵u̵l̵_̵s̵m̵u̵l̵,̵ ̵M̵a̵t̵r̵i̵x̵.̵s̵m̵u̵l̵_̵m̵u̵l̵]̵[̲M̲a̲t̲r̲i̲x̲.̲s̲m̲u̲l̲_̲m̲u̲l̲]̲

Note: This linter can be disabled with `set_option linter.unusedSimpArgs false`
warning: Cloning/PCTPurificationChannelHaar.lean:133:53: This simp argument is unused:
  Matrix.smul_mul

Hint: Omit it from the simp argument list.
  simp [Matrix.mul_smul,̵ ̵M̵a̵t̵r̵i̵x̵.̵s̵m̵u̵l̵_̵m̵u̵l̵]

Note: This linter can be disabled with `set_option linter.unusedSimpArgs false`
⚠ [3110/3509] Replayed Cloning.WeylIdlerUniqueness
warning: Cloning/WeylIdlerUniqueness.lean:174:26: This simp argument is unused:
  star_inv

Hint: Omit it from the simp argument list.
  simp only [star_smul, star_i̵n̵v̵,̵ ̵s̵ta̵r_̵t̵r̵ivial, star_star, smul_smul,
  ̵  ̵ ̵ ̵ ̵ ̵mul_inv_cancel₀ hs, one_smul]

Note: This linter can be disabled with `set_option linter.unusedSimpArgs false`
⚠ [3111/3509] Replayed Cloning.WeylThermalFourier
warning: Cloning/WeylThermalFourier.lean:23:23: This simp argument is unused:
  norm_div

Hint: Omit it from the simp argument list.
  simp [weylCharacter,̵ ̵n̵o̵r̵m̵_̵d̵i̵v̵]

Note: This linter can be disabled with `set_option linter.unusedSimpArgs false`
⚠ [3112/3509] Replayed Cloning.WeylGaussianThermal
warning: Cloning/WeylGaussianThermal.lean:44:4: Used `tac1 <;> tac2` where `(tac1; tac2)` would suffice

Note: This linter can be disabled with `set_option linter.unnecessarySeqFocus false`
warning: Cloning/WeylGaussianThermal.lean:120:6: 'ring' tactic does nothing

Note: This linter can be disabled with `set_option linter.unusedTactic false`
warning: Cloning/WeylGaussianThermal.lean:120:6: this tactic is never executed

Note: This linter can be disabled with `set_option linter.unreachableTactic false`
warning: Cloning/WeylGaussianThermal.lean:168:4: Used `tac1 <;> tac2` where `(tac1; tac2)` would suffice

Note: This linter can be disabled with `set_option linter.unnecessarySeqFocus false`
warning: Cloning/WeylGaussianThermal.lean:174:4: Used `tac1 <;> tac2` where `(tac1; tac2)` would suffice

Note: This linter can be disabled with `set_option linter.unnecessarySeqFocus false`
⚠ [3113/3509] Replayed Cloning.WeylThermalFourierWitness
warning: Cloning/WeylThermalFourierWitness.lean:102:4: Used `tac1 <;> tac2` where `(tac1; tac2)` would suffice

Note: This linter can be disabled with `set_option linter.unnecessarySeqFocus false`
warning: Cloning/WeylThermalFourierWitness.lean:106:4: Used `tac1 <;> tac2` where `(tac1; tac2)` would suffice

Note: This linter can be disabled with `set_option linter.unnecessarySeqFocus false`
⚠ [3114/3509] Replayed Cloning.WeylThermalCharacteristic
warning: Cloning/WeylThermalCharacteristic.lean:85:4: Used `tac1 <;> tac2` where `(tac1; tac2)` would suffice

Note: This linter can be disabled with `set_option linter.unnecessarySeqFocus false`
warning: Cloning/WeylThermalCharacteristic.lean:96:4: Used `tac1 <;> tac2` where `(tac1; tac2)` would suffice

Note: This linter can be disabled with `set_option linter.unnecessarySeqFocus false`
⚠ [3116/3509] Replayed Cloning.WeylGaussianTwistedConvolution
warning: Cloning/WeylGaussianTwistedConvolution.lean:36:27: This simp argument is unused:
  Complex.ofReal_mul

Hint: Omit it from the simp argument list.
  simp only [norm_sq_cast', map_add, map_neg, Complex.real_smul, map_mul, Complex.conj_ofReal,
  ̲  ̲ ̲ ̲ ̲ ̲C̵o̵m̵p̵l̵e̵x̵.̵o̵f̵R̵e̵a̵l̵_̵m̵u̵l̵,̵ ̵Complex.ofReal_ofNat, u, v]

Note: This linter can be disabled with `set_option linter.unusedSimpArgs false`
warning: Cloning/WeylGaussianTwistedConvolution.lean:45:19: This simp argument is unused:
  norm_sq_cast'

Hint: Omit it from the simp argument list.
  simp only [u, v, n̵o̵r̵m̵_̵s̵q̵_̵c̵a̵s̵t̵'̵,̵ ̵Complex.ofReal_mul, Complex.ofReal_add, Complex.ofReal_neg, Complex.ofReal_div,
  ̲  ̲ ̲ ̲Complex.ofReal_pow, Complex.ofReal_sub, Complex.ofReal_one, Complex.ofReal_ofNat]

Note: This linter can be disabled with `set_option linter.unusedSimpArgs false`
⚠ [3118/3509] Replayed Cloning.WeylQuantumPositiveBlocks
warning: Cloning/WeylQuantumPositiveBlocks.lean:91:35: This simp argument is unused:
  ContinuousLinearMap.add_apply

Hint: Omit it from the simp argument list.
  simp only [map_add, map_sub, hI, C̵o̵n̵t̵i̵n̵u̵o̵u̵s̵L̵i̵n̵e̵a̵r̵M̵a̵p̵.̵a̵d̵d̵_̵a̵p̵p̵l̵y̵,̵ContinuousLinearMap.sub_apply, ContinuousLinearMap.smul_apply,
  ̲  ̲ ̲ ̲map_smul]

Note: This linter can be disabled with `set_option linter.unusedSimpArgs false`
warning: Cloning/WeylQuantumPositiveBlocks.lean:92:4: This simp argument is unused:
  ContinuousLinearMap.sub_apply

Hint: Omit it from the simp argument list.
  simp only [map_add, map_sub, hI, ContinuousLinearMap.add_apply, C̵o̵n̵t̵i̵n̵u̵o̵u̵s̵L̵i̵n̵e̵a̵r̵M̵a̵p̵.̵s̵u̵b̵_̵a̵p̵p̵l̵y̵,̵ ̵ContinuousLinearMap.smul_apply,
  ̲  ̲ ̲ ̲map_smul]

Note: This linter can be disabled with `set_option linter.unusedSimpArgs false`
warning: Cloning/WeylQuantumPositiveBlocks.lean:106:8: automatically included section variable(s) unused in theorem `Cloning.InfiniteTraceClass.blockInjection_apply`:
  [CompleteSpace H]
consider restructuring your `variable` declarations so that the variables are not in scope or explicitly omit them:
  omit [CompleteSpace H] in theorem ...

Note: This linter can be disabled with `set_option linter.unusedSectionVars false`
⚠ [3120/3509] Replayed Cloning.WeylQuantumPositiveBounds
warning: Cloning/WeylQuantumPositiveBounds.lean:30:38: This simp argument is unused:
  Complex.mul_re

Hint: Omit it from the simp argument list.
  simp only [map_one, one_mul, mul_one, Complex.add_im, Complex.one_im,
  ̵  ̵ ̵ ̵Complex.star_def,
  ̲  ̲ ̲ ̲Complex.conj_I, Complex.mul_r̵e̵,̵ ̵C̵o̵m̵p̵l̵e̵x̵.̵m̵u̵l̵_̵im,
  ̵  ̵ ̵ ̵Complex.neg_re, Complex.neg_im, Complex.I_re,
  ̲  ̲ ̲ ̲Complex.I_im] at h1 hI

Note: This linter can be disabled with `set_option linter.unusedSimpArgs false`
⚠ [3126/3509] Replayed Cloning.PCTPurificationChannelAction
warning: Cloning/PCTPurificationChannelAction.lean:73:12: This simp argument is unused:
  Matrix.diagonal_apply_ne _ h

Hint: Omit it from the simp argument list.
  simp [̵M̵a̵t̵r̵i̵x̵.̵d̵i̵a̵g̵o̵n̵a̵l̵_̵a̵p̵p̵l̵y̵_̵n̵e̵ ̵_̵ ̵h̵,̵ ̵M̵a̵t̵r̵i̵x̵.̵o̵n̵e̵_̵a̵p̵p̵l̵y̵,̵[̲M̲a̲t̲r̲i̲x̲.̲o̲n̲e̲_̲a̲p̲p̲l̲y̲,̲ h]

Note: This linter can be disabled with `set_option linter.unusedSimpArgs false`
warning: Cloning/PCTPurificationChannelAction.lean:73:42: This simp argument is unused:
  Matrix.one_apply

Hint: Omit it from the simp argument list.
  simp [Matrix.diagonal_apply_ne _ h, M̵a̵t̵r̵i̵x̵.̵o̵n̵e̵_̵a̵p̵p̵l̵y̵,̵ ̵h]

Note: This linter can be disabled with `set_option linter.unusedSimpArgs false`
⚠ [3154/3509] Replayed Cloning.PCTReducedGaussian
warning: Cloning/PCTReducedGaussian.lean:85:62: This simp argument is unused:
  Complex.star_def

Hint: Omit it from the simp argument list.
  simp [Complex.mul_re, Complex.mul_im,̵ ̵C̵o̵m̵p̵l̵e̵x̵.̵s̵t̵a̵r̵_̵d̵e̵f̵]

Note: This linter can be disabled with `set_option linter.unusedSimpArgs false`
warning: Cloning/PCTReducedGaussian.lean:110:46: This simp argument is unused:
  Finset.mul_sum

Hint: Omit it from the simp argument list.
  simp only [Matrix.trace, Matrix.diag, partialTraceDifferential_diagonal, Complex.ofReal_mul,
  ̲  ̲ ̲ ̲C̵o̵m̵p̵l̵e̵x̵.̵o̵f̵R̵e̵a̵l̵_̵o̵f̵N̵a̵t̵,̵ ̵F̵i̵n̵s̵e̵t̵.̵m̵u̵l̵_̵s̵u̵m̵]̵C̲o̲m̲p̲l̲e̲x̲.̲o̲f̲R̲e̲a̲l̲_̲o̲f̲N̲a̲t̲]̲

Note: This linter can be disabled with `set_option linter.unusedSimpArgs false`
⚠ [3176/3509] Replayed Cloning.HybridStates
warning: Cloning/HybridStates.lean:84:79: Used `tac1 <;> tac2` where `(tac1; tac2)` would suffice

Note: This linter can be disabled with `set_option linter.unnecessarySeqFocus false`
⚠ [3181/3509] Replayed Cloning.HybridFidelity
warning: Cloning/HybridFidelity.lean:36:23: unused variable `x`

Note: This linter can be disabled with `set_option linter.unusedVariables false`
⚠ [3200/3509] Replayed Cloning.GaussianWitness
warning: Cloning/GaussianWitness.lean:32:38: unused variable `ha`

Note: This linter can be disabled with `set_option linter.unusedVariables false`
warning: Cloning/GaussianWitness.lean:100:4: Used `tac1 <;> tac2` where `(tac1; tac2)` would suffice

Note: This linter can be disabled with `set_option linter.unnecessarySeqFocus false`
warning: Cloning/GaussianWitness.lean:136:6: 'ring' tactic does nothing

Note: This linter can be disabled with `set_option linter.unusedTactic false`
warning: Cloning/GaussianWitness.lean:136:6: this tactic is never executed

Note: This linter can be disabled with `set_option linter.unreachableTactic false`
warning: Cloning/GaussianWitness.lean:128:4: Used `tac1 <;> tac2` where `(tac1; tac2)` would suffice

Note: This linter can be disabled with `set_option linter.unnecessarySeqFocus false`
warning: Cloning/GaussianWitness.lean:164:6: 'ring' tactic does nothing

Note: This linter can be disabled with `set_option linter.unusedTactic false`
warning: Cloning/GaussianWitness.lean:164:6: this tactic is never executed

Note: This linter can be disabled with `set_option linter.unreachableTactic false`
warning: Cloning/GaussianWitness.lean:161:4: Used `tac1 <;> tac2` where `(tac1; tac2)` would suffice

Note: This linter can be disabled with `set_option linter.unnecessarySeqFocus false`
⚠ [3244/3509] Replayed Cloning.HybridL1Fidelity
warning: Cloning/HybridL1Fidelity.lean:132:79: Used `tac1 <;> tac2` where `(tac1; tac2)` would suffice

Note: This linter can be disabled with `set_option linter.unnecessarySeqFocus false`
⚠ [3788/3871] Replayed Cloning.PCTGaussianCovariance
warning: Cloning/PCTGaussianCovariance.lean:18:0: automatically included section variable(s) unused in theorem `Cloning.PCTGaussianCovariance.frameTangent_norm_sq`:
  [Fintype C]
  [DecidableEq C]
consider restructuring your `variable` declarations so that the variables are not in scope or explicitly omit them:
  omit [Fintype C] [DecidableEq C] in theorem ...

Note: This linter can be disabled with `set_option linter.unusedSectionVars false`
warning: Cloning/PCTGaussianCovariance.lean:23:13: This simp argument is unused:
  Finset.mem_univ

Hint: Omit it from the simp argument list.
  simp only [F̵i̵n̵s̵e̵t̵.̵m̵e̵m̵_̵u̵n̵i̵v̵,̵ ̵forall_const, Finset.sum_const_zero, Finset.sum_attach] at h

Note: This linter can be disabled with `set_option linter.unusedSimpArgs false`
warning: Cloning/PCTGaussianCovariance.lean:23:30: This simp argument is unused:
  forall_const

Hint: Omit it from the simp argument list.
  simp only [Finset.mem_univ, f̵o̵r̵a̵l̵l̵_̵c̵o̵n̵s̵t̵,̵ ̵Finset.sum_const_zero, Finset.sum_attach] at h

Note: This linter can be disabled with `set_option linter.unusedSimpArgs false`
warning: Cloning/PCTGaussianCovariance.lean:23:44: This simp argument is unused:
  Finset.sum_const_zero

Hint: Omit it from the simp argument list.
  simp only [Finset.mem_univ, forall_const, Finset.sum_c̵o̵n̵s̵t̵_̵z̵e̵r̵o̵,̵ ̵F̵i̵n̵s̵e̵t̵.̵s̵u̵m̵_̵attach] at h

Note: This linter can be disabled with `set_option linter.unusedSimpArgs false`
warning: Cloning/PCTGaussianCovariance.lean:23:67: This simp argument is unused:
  Finset.sum_attach

Hint: Omit it from the simp argument list.
  simp only [Finset.mem_univ, forall_const, Finset.sum_const_zero,̵ ̵F̵i̵n̵s̵e̵t̵.̵s̵u̵m̵_̵a̵t̵t̵a̵c̵h̵] at h

Note: This linter can be disabled with `set_option linter.unusedSimpArgs false`
warning: Cloning/PCTGaussianCovariance.lean:26:29: This simp argument is unused:
  Complex.ofReal_pow

Hint: Omit it from the simp argument list.
  simp only [Complex.re_sum, Complex.ofReal_p̵o̵w̵,̵ ̵C̵o̵m̵p̵l̵e̵x̵.̵o̵f̵R̵e̵a̵l̵_̵re] at h'

Note: This linter can be disabled with `set_option linter.unusedSimpArgs false`
warning: Cloning/PCTGaussianCovariance.lean:26:49: This simp argument is unused:
  Complex.ofReal_re

Hint: Omit it from the simp argument list.
  simp only [Complex.re_sum, Complex.ofReal_pow,̵ ̵C̵o̵m̵p̵l̵e̵x̵.̵o̵f̵R̵e̵a̵l̵_̵r̵e̵] at h'

Note: This linter can be disabled with `set_option linter.unusedSimpArgs false`
warning: Cloning/PCTGaussianCovariance.lean:30:0: automatically included section variable(s) unused in theorem `Cloning.PCTGaussianCovariance.tangent_phase_eq_character`:
  [Fintype C]
  [DecidableEq C]
consider restructuring your `variable` declarations so that the variables are not in scope or explicitly omit them:
  omit [Fintype C] [DecidableEq C] in theorem ...

Note: This linter can be disabled with `set_option linter.unusedSectionVars false`
⚠ [3789/3871] Replayed Cloning.PCTGaussianCovarianceClassical
warning: Cloning/PCTGaussianCovarianceClassical.lean:14:0: automatically included section variable(s) unused in theorem `Cloning.PCTGaussianCovariance.coefficientVector_inner`:
  [DecidableEq A]
consider restructuring your `variable` declarations so that the variables are not in scope or explicitly omit them:
  omit [DecidableEq A] in theorem ...

Note: This linter can be disabled with `set_option linter.unusedSectionVars false`
warning: Cloning/PCTGaussianCovarianceClassical.lean:39:35: This simp argument is unused:
  zero_mul

Hint: Omit it from the simp argument list.
  simp only [apply_ite, star_zero, z̵e̵r̵o̵_̵mul,̵ ̵m̵u̵l̵_zero, Finset.sum_ite_eq',
  ̵  ̵ ̵ ̵Finset.mem_univ, if_true]

Note: This linter can be disabled with `set_option linter.unusedSimpArgs false`
warning: Cloning/PCTGaussianCovarianceClassical.lean:39:55: This simp argument is unused:
  Finset.sum_ite_eq'

Hint: Omit it from the simp argument list.
  simp only [apply_ite, star_zero, zero_mul, mul_zero, F̵i̵n̵s̵e̵t̵.̵s̵u̵m̵_̵i̵t̵e̵_̵e̵q̵'̵,̵Finset.mem_univ, if_true]

Note: This linter can be disabled with `set_option linter.unusedSimpArgs false`
warning: Cloning/PCTGaussianCovarianceClassical.lean:40:4: This simp argument is unused:
  Finset.mem_univ

Hint: Omit it from the simp argument list.
  simp only [apply_ite, star_zero, zero_mul, mul_zero, Finset.sum_ite_eq', F̵i̵n̵s̵e̵t̵.̵m̵e̵m̵_̵u̵n̵i̵v̵,̵ ̵if_true]

Note: This linter can be disabled with `set_option linter.unusedSimpArgs false`
warning: Cloning/PCTGaussianCovarianceClassical.lean:40:21: This simp argument is unused:
  if_true

Hint: Omit it from the simp argument list.
  simp only [apply_ite, star_zero, zero_mul, mul_zero, Finset.sum_ite_eq',
  ̵  ̵ ̵ ̵Finset.mem_univ,̵ ̵i̵f̵_̵t̵r̵u̵e̵]

Note: This linter can be disabled with `set_option linter.unusedSimpArgs false`
warning: Cloning/PCTGaussianCovarianceClassical.lean:50:13: This simp argument is unused:
  Finset.sum_ite_eq'

Hint: Omit it from the simp argument list.
  simp only [classicalTest, Matrix.diagonal_apply, apply_ite, norm_zero,
  ̲  ̲ ̲ ̲zero_pow (by omega : 2 ≠ 0), ite_pow, F̵i̵n̵s̵e̵t̵.̵s̵u̵m̵_̵i̵t̵e̵_̵e̵q̵'̵,̵ ̵Finset.mem_univ, if_true]

Note: This linter can be disabled with `set_option linter.unusedSimpArgs false`
warning: Cloning/PCTGaussianCovarianceClassical.lean:50:33: This simp argument is unused:
  Finset.mem_univ

Hint: Omit it from the simp argument list.
  simp only [classicalTest, Matrix.diagonal_apply, apply_ite, norm_zero,
  ̲  ̲ ̲ ̲zero_pow (by omega : 2 ≠ 0), ite_pow, Finset.sum_ite_eq', F̵i̵n̵s̵e̵t̵.̵m̵e̵m̵_̵u̵n̵i̵v̵,̵ ̵if_true]

Note: This linter can be disabled with `set_option linter.unusedSimpArgs false`
warning: Cloning/PCTGaussianCovarianceClassical.lean:50:50: This simp argument is unused:
  if_true

Hint: Omit it from the simp argument list.
  simp only [classicalTest, Matrix.diagonal_apply, apply_ite, norm_zero,
  ̲  ̲ ̲ ̲zero_pow (by omega : 2 ≠ 0), ite_pow, Finset.sum_ite_eq', F̵i̵n̵s̵e̵t̵.̵m̵e̵m̵_̵u̵n̵i̵v̵,̵ ̵i̵f̵_̵t̵r̵u̵e̵]̵F̲i̲n̲s̲e̲t̲.̲m̲e̲m̲_̲u̲n̲i̲v̲]̲

Note: This linter can be disabled with `set_option linter.unusedSimpArgs false`
⚠ [3790/3871] Replayed Cloning.PCTGaussianOutput
warning: Cloning/PCTGaussianOutput.lean:59:13: This simp argument is unused:
  ContinuousLinearMap.flip_apply

Hint: Omit it from the simp argument list.
  simp only [̵C̵o̵n̵t̵i̵n̵u̵o̵u̵s̵L̵i̵n̵e̵a̵r̵M̵a̵p̵.̵f̵l̵i̵p̵_̵a̵p̵p̵l̵y̵,̵ ̵t̵r̵a̵c̵e̵P̵a̵i̵r̵i̵n̵g̵C̵L̵M̵_̵a̵p̵p̵l̵y̵,̵[̲t̲r̲a̲c̲e̲P̲a̲i̲r̲i̲n̲g̲C̲L̲M̲_̲a̲p̲p̲l̲y̲,̲ displacement_characteristic, integral_mul_const]

Note: This linter can be disabled with `set_option linter.unusedSimpArgs false`
warning: Cloning/PCTGaussianOutput.lean:59:45: This simp argument is unused:
  tracePairingCLM_apply

Hint: Omit it from the simp argument list.
  simp only [ContinuousLinearMap.flip_apply, t̵r̵a̵c̵e̵P̵a̵i̵r̵i̵n̵g̵C̵L̵M̵_̵a̵p̵p̵l̵y̵,̵
  ̵ ̵ ̵ ̵ ̵displacement_characteristic, integral_mul_const]

Note: This linter can be disabled with `set_option linter.unusedSimpArgs false`
warning: Cloning/PCTGaussianOutput.lean:107:2: Used `tac1 <;> tac2` where `(tac1; tac2)` would suffice

Note: This linter can be disabled with `set_option linter.unnecessarySeqFocus false`
⚠ [3791/3871] Replayed Cloning.PCTGaussianCovarianceOrbital
warning: Cloning/PCTGaussianCovarianceOrbital.lean:40:15: This simp argument is unused:
  registerBasis_apply

Hint: Omit it from the simp argument list.
  simp only [̵r̵e̵g̵i̵s̵t̵e̵r̵B̵a̵s̵i̵s̵_̵a̵p̵p̵l̵y̵,̵ ̵r̵e̵g̵i̵s̵t̵e̵r̵_̵i̵n̵n̵e̵r̵_̵s̵i̵n̵g̵l̵e̵,̵[̲r̲e̲g̲i̲s̲t̲e̲r̲_̲i̲n̲n̲e̲r̲_̲s̲i̲n̲g̲l̲e̲,̲ coefficientVector_apply]

Note: This linter can be disabled with `set_option linter.unusedSimpArgs false`
warning: Cloning/PCTGaussianCovarianceOrbital.lean:44:51: This simp argument is unused:
  star_star

Hint: Omit it from the simp argument list.
  simp only [orbitalTest, inner_add_left, inner_add_right, inner_smul_left,
  ̵  ̵ ̵ ̵inner_smul_right, hi,
  ̲  ̲ ̲ ̲registerBasis_apply, register_inner_single, coefficientVector_apply,
  ̵  ̵ ̵ ̵orbitalCoordinate,
  ̲  ̲ ̲ ̲map_div₀, map_mul, map_neg, star_s̵t̵ar̵,̵
  ̵ ̵ ̵ ̵ ̵s̵t̵a̵r̵_̵a̵dd, star_mul, star_div₀, star_neg, Complex.star_def,
  ̲  ̲ ̲ ̲Complex.conj_ofReal, Complex.conj_conj]

Note: This linter can be disabled with `set_option linter.unusedSimpArgs false`
warning: Cloning/PCTGaussianCovarianceOrbital.lean:45:35: This simp argument is unused:
  star_neg

Hint: Omit it from the simp argument list.
  simp only [orbitalTest, inner_add_left, inner_add_right, inner_smul_left, inner_smul_right, hi,
  ̲  ̲ ̲ ̲registerBasis_apply, register_inner_single, coefficientVector_apply, orbitalCoordinate,
  ̲  ̲ ̲ ̲map_div₀, map_mul, map_neg, star_star, star_add, star_mul, star_div₀, s̵t̵a̵r̵_̵n̵e̵g̵,̵ ̵Complex.star_def,
  ̲  ̲ ̲ ̲Complex.conj_ofReal, Complex.conj_conj]

Note: This linter can be disabled with `set_option linter.unusedSimpArgs false`
warning: Cloning/PCTGaussianCovarianceOrbital.lean:54:27: This simp argument is unused:
  Matrix.diagonal_apply

Hint: Omit it from the simp argument list.
  simp [registerBasis_apply, register_inner_single, coefficientVector_apply, schmidtCoefficients,
  ̲  ̲ ̲ ̲ ̲ ̲M̵a̵t̵r̵i̵x̵.̵d̵i̵a̵g̵o̵n̵a̵l̵_̵a̵p̵p̵l̵y̵,̵ ̵hab]

Note: This linter can be disabled with `set_option linter.unusedSimpArgs false`
warning: Cloning/PCTGaussianCovarianceOrbital.lean:58:0: automatically included section variable(s) unused in theorem `Cloning.PCTGaussianCovariance.orbitalTest_norm_sq`:
  [Fintype A]
  [DecidableEq A]
consider restructuring your `variable` declarations so that the variables are not in scope or explicitly omit them:
  omit [Fintype A] [DecidableEq A] in theorem ...

Note: This linter can be disabled with `set_option linter.unusedSectionVars false`
warning: Cloning/PCTGaussianCovarianceOrbital.lean:99:6: 'ring' tactic does nothing

Note: This linter can be disabled with `set_option linter.unusedTactic false`
warning: Cloning/PCTGaussianCovarianceOrbital.lean:99:6: this tactic is never executed

Note: This linter can be disabled with `set_option linter.unreachableTactic false`
⚠ [3792/3871] Replayed Cloning.PCTGaussianCovarianceJoint
warning: Cloning/PCTGaussianCovarianceJoint.lean:17:0: automatically included section variable(s) unused in theorem `Cloning.PCTGaussianCovariance.orbitalTest_pairwise`:
  [Fintype A]
consider restructuring your `variable` declarations so that the variables are not in scope or explicitly omit them:
  omit [Fintype A] in theorem ...

Note: This linter can be disabled with `set_option linter.unusedSectionVars false`
warning: Cloning/PCTGaussianCovarianceJoint.lean:49:0: automatically included section variable(s) unused in theorem `Cloning.PCTGaussianCovariance.norm_sum_sq_of_pairwise`:
  [Fintype A]
  [LinearOrder A]
consider restructuring your `variable` declarations so that the variables are not in scope or explicitly omit them:
  omit [Fintype A] [LinearOrder A] in theorem ...

Note: This linter can be disabled with `set_option linter.unusedSectionVars false`
info: Cloning/PCTGaussianCovarianceJoint.lean:137:2: Try this:
  [apply] ring_nf
  
  The `ring` tactic failed to close the goal. Use `ring_nf` to obtain a normal form.
    
  Note that `ring` works primarily in *commutative* rings. If you have a noncommutative ring, abelian group or module, consider using `noncomm_ring`, `abel` or `module` instead.
⚠ [3799/3871] Replayed Cloning.PCTTangentNormalization
warning: Cloning/PCTTangentNormalization.lean:14:8: automatically included section variable(s) unused in theorem `Cloning.PCTReducedGaussian.coefficientVector_add`:
  [DecidableEq A]
consider restructuring your `variable` declarations so that the variables are not in scope or explicitly omit them:
  omit [DecidableEq A] in theorem ...

Note: This linter can be disabled with `set_option linter.unusedSectionVars false`
warning: Cloning/PCTTangentNormalization.lean:19:8: automatically included section variable(s) unused in theorem `Cloning.PCTReducedGaussian.coefficientVector_real_smul`:
  [DecidableEq A]
consider restructuring your `variable` declarations so that the variables are not in scope or explicitly omit them:
  omit [DecidableEq A] in theorem ...

Note: This linter can be disabled with `set_option linter.unusedSectionVars false`
warning: Cloning/PCTTangentNormalization.lean:76:68: This simp argument is unused:
  smul_eq_mul

Hint: Omit it from the simp argument list.
  simp only [Matrix.sub_apply, Matrix.add_apply, Matrix.smul_apply, s̵m̵u̵l̵_̵e̵q̵_̵m̵u̵l̵,̵
  ̵ ̵ ̵ ̵ ̵Complex.real_smul,
  ̲  ̲ ̲ ̲Complex.ofReal_inv, Complex.ofReal_div, Complex.ofReal_pow,
  ̵  ̵ ̵ ̵Complex.ofReal_add,
  ̲  ̲ ̲ ̲Complex.ofReal_mul, Complex.ofReal_one]

Note: This linter can be disabled with `set_option linter.unusedSimpArgs false`
warning: Cloning/PCTTangentNormalization.lean:82:2: Used `tac1 <;> tac2` where `(tac1; tac2)` would suffice

Note: This linter can be disabled with `set_option linter.unnecessarySeqFocus false`
⚠ [3802/3871] Replayed Cloning.TensorCyclicFiltration
info: Cloning/TensorCyclicFiltration.lean:118:76: Try this:
  [apply] ring_nf
  
  The `ring` tactic failed to close the goal. Use `ring_nf` to obtain a normal form.
    
  Note that `ring` works primarily in *commutative* rings. If you have a noncommutative ring, abelian group or module, consider using `noncomm_ring`, `abel` or `module` instead.
info: Cloning/TensorCyclicFiltration.lean:126:12: Try this:
  [apply] ring_nf
  
  The `ring` tactic failed to close the goal. Use `ring_nf` to obtain a normal form.
    
  Note that `ring` works primarily in *commutative* rings. If you have a noncommutative ring, abelian group or module, consider using `noncomm_ring`, `abel` or `module` instead.
info: Cloning/TensorCyclicFiltration.lean:134:12: Try this:
  [apply] ring_nf
  
  The `ring` tactic failed to close the goal. Use `ring_nf` to obtain a normal form.
    
  Note that `ring` works primarily in *commutative* rings. If you have a noncommutative ring, abelian group or module, consider using `noncomm_ring`, `abel` or `module` instead.
warning: Cloning/TensorCyclicFiltration.lean:118:27: Used `tac1 <;> tac2` where `(tac1; tac2)` would suffice

Note: This linter can be disabled with `set_option linter.unnecessarySeqFocus false`
warning: Cloning/TensorCyclicFiltration.lean:118:72: Used `tac1 <;> tac2` where `(tac1; tac2)` would suffice

Note: This linter can be disabled with `set_option linter.unnecessarySeqFocus false`
⚠ [3808/3871] Replayed Cloning.TensorCCRBounds
warning: Cloning/TensorCCRBounds.lean:55:44: This simp argument is unused:
  ContinuousLinearMap.sub_apply

Hint: Omit it from the simp argument list.
  simp only [hbe, if_true, hca, if_false, ContinuousLinearMap.s̵u̵b̵_̵a̵p̵p̵l̵y̵,̵
  ̵ ̵ ̵ ̵ ̵ ̵ ̵C̵o̵n̵t̵i̵n̵u̵o̵u̵s̵L̵i̵n̵e̵a̵r̵M̵a̵p̵.̵zero_apply, sub_zero]

Note: This linter can be disabled with `set_option linter.unusedSimpArgs false`
warning: Cloning/TensorCCRBounds.lean:62:46: This simp argument is unused:
  ContinuousLinearMap.sub_apply

Hint: Omit it from the simp argument list.
  simp only [hbe, if_false, hca, if_true, C̵o̵n̵t̵i̵n̵u̵o̵u̵s̵L̵i̵n̵e̵a̵r̵M̵a̵p̵.̵s̵u̵b̵_̵a̵p̵p̵l̵y̵,̵ContinuousLinearMap.zero_apply, zero_sub, smul_neg,
  ̲  ̲ ̲ ̲ ̲ ̲norm_neg]

Note: This linter can be disabled with `set_option linter.unusedSimpArgs false`
⚠ [3812/3871] Replayed Cloning.TensorWedge
warning: Cloning/TensorWedge.lean:95:48: This simp argument is unused:
  hf

Hint: Omit it from the simp argument list.
  simp [registerBasis_apply, lp.single_apply, h̵f̵,̵ ̵Ne.symm hf, Units.smul_def]

Note: This linter can be disabled with `set_option linter.unusedSimpArgs false`
warning: Cloning/TensorWedge.lean:103:2: Try `simp at hh` instead of `simpa using hh`

Note: This linter can be disabled with `set_option linter.unnecessarySimpa false`
⚠ [3823/3871] Replayed Cloning.WeylIdlerKernel
warning: Cloning/WeylIdlerKernel.lean:43:24: This simp argument is unused:
  star_inv

Hint: Omit it from the simp argument list.
  simp only [star_smul, star_i̵n̵v̵,̵ ̵s̵ta̵r_̵t̵r̵ivial, star_star, smul_smul,
  ̵  ̵ ̵ ̵mul_inv_cancel₀ hs, one_smul]

Note: This linter can be disabled with `set_option linter.unusedSimpArgs false`
⚠ [3825/3871] Replayed Cloning.YoungGeneralTableaux
warning: Cloning/YoungGeneralTableaux.lean:88:26: unused variable `i`

Note: This linter can be disabled with `set_option linter.unusedVariables false`
warning: Cloning/YoungGeneralTableaux.lean:130:36: This simp argument is unused:
  Fintype.card_fun

Hint: Omit it from the simp argument list.
  simp [ContentArray, F̵i̵n̵t̵y̵p̵e̵.̵c̵a̵r̵d̵_̵f̵u̵n̵,̵ ̵← pow_mul]

Note: This linter can be disabled with `set_option linter.unusedSimpArgs false`
⚠ [3837/3871] Replayed Cloning.YoungGeneralLimit
warning: Cloning/YoungGeneralLimit.lean:85:21: Used `tac1 <;> tac2` where `(tac1; tac2)` would suffice

Note: This linter can be disabled with `set_option linter.unnecessarySeqFocus false`
warning: Cloning/YoungGeneralLimit.lean:85:58: Used `tac1 <;> tac2` where `(tac1; tac2)` would suffice

Note: This linter can be disabled with `set_option linter.unnecessarySeqFocus false`
⚠ [3840/3871] Replayed Cloning.YoungGeneralMoments
warning: Cloning/YoungGeneralMoments.lean:223:23: Used `tac1 <;> tac2` where `(tac1; tac2)` would suffice

Note: This linter can be disabled with `set_option linter.unnecessarySeqFocus false`
ℹ [3854/3871] Replayed OccupationLimits
info: OccupationLimits.lean:27:0: Cloning.GeneralSymmetricOccupation.wernerOutput_op {L s : ℕ} (S : Finset (Fin L)) :
  ↑(Cloning.GeneralSymmetricOccupation.wernerOutput S) = Cloning.GeneralSymmetricOccupation.wernerOutputOperator 0 S
info: OccupationLimits.lean:28:0: Cloning.GeneralSymmetricOccupation.occupationRecovery_wernerOutput {L s : ℕ} (S : Finset (Fin L)) :
  (Cloning.GeneralSymmetricOccupation.occupationRecovery L s).toLinearMap
      (Cloning.GeneralSymmetricOccupation.wernerOutput S) =
    Cloning.InfiniteOccupationStates.occupationOperator Cloning.GeneralSymmetricOccupation.numberVector S.card L
info: OccupationLimits.lean:29:0: Cloning.GeneralSymmetricOccupation.physical_werner_traceNorm_limit {s : ℕ} (hs : 1 ≤ s) (m : ℕ → ℕ)
  (hm : ∀ (n : ℕ), n ≤ m n) {γ : ℝ} (hγ : 1 < γ) (h : Filter.Tendsto (fun n => ↑(m n) / ↑n) Filter.atTop (nhds γ)) :
  Filter.Tendsto
    (fun n =>
      ‖(Cloning.GeneralSymmetricOccupation.occupationRecovery (m n) s).toLinearMap
            (Cloning.GeneralSymmetricOccupation.wernerOutput
              (Cloning.GeneralSymmetricOccupation.inputSlots n (m n) ⋯)) -
          Cloning.InfiniteOccupationStates.thermalOperator Cloning.GeneralSymmetricOccupation.numberVector γ‖)
    Filter.atTop (nhds 0)
info: OccupationLimits.lean:30:0: Cloning.GeneralCoherent.exists_twoWay_coherent_product_channels (s : ℕ) :
  ∃ forward reverse,
    ∀ (K : Set (Fin s → ℂ)),
      IsCompact K →
        ∀ (ε : ℝ),
          0 < ε →
            ∀ᶠ (L : ℕ) in Filter.atTop,
              ∀ z ∈ K,
                ‖(forward L).toLinearMap
                          (Cloning.InfiniteTraceClass.vectorProjector (Cloning.MultimodeCoherent.coherentVector z)) -
                        Cloning.InfiniteTraceClass.vectorProjector (Cloning.GeneralCoherent.productTensor z L)‖ <
                    ε ∧
                  ‖(reverse L).toLinearMap
                          (Cloning.InfiniteTraceClass.vectorProjector (Cloning.GeneralCoherent.productTensor z L)) -
                        Cloning.InfiniteTraceClass.vectorProjector (Cloning.MultimodeCoherent.coherentVector z)‖ <
                    ε
info: OccupationLimits.lean:31:0: Cloning.GeneralCoherent.twoWay_coherent_product_uniform_on_compact {s : ℕ} {K : Set (Fin s → ℂ)} (hK : IsCompact K)
  (ε : ℝ) (hε : 0 < ε) :
  ∀ᶠ (L : ℕ) in Filter.atTop,
    ∀ z ∈ K,
      ‖(Cloning.GeneralCoherent.occupationChannel L s).toLinearMap
                (Cloning.InfiniteTraceClass.vectorProjector (Cloning.MultimodeCoherent.coherentVector z)) -
              Cloning.InfiniteTraceClass.vectorProjector (Cloning.GeneralCoherent.productTensor z L)‖ <
          ε ∧
        ‖(Cloning.GeneralSymmetricOccupation.occupationRecovery L s).toLinearMap
                (Cloning.InfiniteTraceClass.vectorProjector (Cloning.GeneralCoherent.productTensor z L)) -
              Cloning.InfiniteTraceClass.vectorProjector (Cloning.MultimodeCoherent.coherentVector z)‖ <
          ε
info: OccupationLimits.lean:32:0: Cloning.GeneralSymmetricOccupation.wernerChannel_physical_sandwich (n r s : ℕ)
  (X :
    Matrix ↑(Cloning.GeneralSymmetricOccupation.Occupation n (s + 1))
      ↑(Cloning.GeneralSymmetricOccupation.Occupation n (s + 1)) ℂ) :
  Cloning.GeneralSymmetricOccupation.splitColumnMatrix n r (s + 1) *
        (Cloning.GeneralSymmetricOccupation.wernerChannel n r s).toFun X *
      (Cloning.GeneralSymmetricOccupation.splitColumnMatrix n r (s + 1)).conjTranspose =
    (↑((n + s).choose s) / ↑((n + r + s).choose s)) •
      (Cloning.GeneralSymmetricOccupation.splitSymmetricProjector n r (s + 1) *
          Matrix.kroneckerMap (fun x1 x2 => x1 * x2)
            (Cloning.GeneralSymmetricOccupation.columnMatrix n (s + 1) * X *
              (Cloning.GeneralSymmetricOccupation.columnMatrix n (s + 1)).conjTranspose)
            1 *
        Cloning.GeneralSymmetricOccupation.splitSymmetricProjector n r (s + 1))
info: OccupationLimits.lean:33:0: Cloning.GeneralSymmetricOccupation.wernerChannel_completelyPositive (n r s k : ℕ)
  (X :
    Matrix (Fin k × ↑(Cloning.GeneralSymmetricOccupation.Occupation n (s + 1)))
      (Fin k × ↑(Cloning.GeneralSymmetricOccupation.Occupation n (s + 1))) ℂ)
  (hX : X.PosSemidef) :
  (Cloning.Channels.amplify (Cloning.GeneralSymmetricOccupation.wernerChannel n r s).toFun X).PosSemidef
info: OccupationLimits.lean:34:0: Cloning.GeneralSymmetricOccupation.wernerChannel_pure_traceClass_agrees (n r s : ℕ) :
  Cloning.GeneralSymmetricOccupation.splitColumnMatrix n r (s + 1) *
        (Cloning.GeneralSymmetricOccupation.wernerChannel n r s).toFun
          (Cloning.GeneralSymmetricOccupation.pureInputMatrix n (s + 1) 0) *
      (Cloning.GeneralSymmetricOccupation.splitColumnMatrix n r (s + 1)).conjTranspose =
    Cloning.GeneralSymmetricOccupation.pairOperatorMatrix
      ↑(Cloning.GeneralSymmetricOccupation.wernerOutput (Cloning.GeneralSymmetricOccupation.inputSlots n (n + r) ⋯))
info: OccupationLimits.lean:35:0: Cloning.GeneralSymmetricOccupation.wernerChannel_pure_output (n r s : ℕ) :
  Cloning.InfiniteFiniteCorner.matrixLift Cloning.GeneralSymmetricOccupation.column
      ((Cloning.GeneralSymmetricOccupation.wernerChannel n r s).toFun
        (Cloning.GeneralSymmetricOccupation.pureInputMatrix n (s + 1) 0)) =
    Cloning.GeneralSymmetricOccupation.wernerOutput (Cloning.GeneralSymmetricOccupation.inputSlots n (n + r) ⋯)
info: OccupationLimits.lean:36:0: Cloning.GeneralSymmetricOccupation.wernerChannel_thermal_limit {s : ℕ} (hs : 1 ≤ s) (r : ℕ → ℕ) {γ : ℝ} (hγ : 1 < γ)
  (h : Filter.Tendsto (fun n => ↑(n + r n) / ↑n) Filter.atTop (nhds γ)) :
  Filter.Tendsto
    (fun n =>
      (Cloning.GeneralSymmetricOccupation.occupationRecovery (n + r n) s).toLinearMap
        (Cloning.InfiniteFiniteCorner.matrixLift Cloning.GeneralSymmetricOccupation.column
          ((Cloning.GeneralSymmetricOccupation.wernerChannel n (r n) s).toFun
            (Cloning.GeneralSymmetricOccupation.pureInputMatrix n (s + 1) 0))))
    Filter.atTop
    (nhds (Cloning.InfiniteOccupationStates.thermalOperator Cloning.GeneralSymmetricOccupation.numberVector γ))
info: OccupationLimits.lean:37:0: Cloning.PCT.exists_pct_product_mixture.{u_2, u_3, u_4} {A : Type u_2} {B : Type u_3} [Fintype A] [Fintype B]
  [DecidableEq A] [DecidableEq B] {s : ℕ} (hs : 1 ≤ s) (hcard : Fintype.card (A × B) = s + 1)
  (ψ : ↥(Cloning.PCT.Register (A × B))) (hψ : ‖ψ‖ = 1) {Ω : Type u_4} [MeasurableSpace Ω] (μ : MeasureTheory.Measure Ω)
  [MeasureTheory.IsProbabilityMeasure μ] (W : Ω → ↥(Cloning.PCT.Register B) →ₗᵢ[ℂ] ↥(Cloning.PCT.Register B))
  (m : ℕ → ℕ) (hm : ∀ (n : ℕ), n ≤ m n) {γ : ℝ} (hγ : 1 < γ)
  (h : Filter.Tendsto (fun n => ↑(m n) / ↑n) Filter.atTop (nhds γ)) :
  ∃ u,
    u 0 = ψ ∧
      Filter.Tendsto
        (fun n =>
          ‖Cloning.PCT.randomizedPurificationOutput hcard ψ hψ μ W
                (Cloning.GeneralSymmetricOccupation.inputSlots n (m n) ⋯) -
              ∫ (z : Fin s → ℂ),
                Cloning.PCT.matrixTensorPower
                  (Cloning.PCT.reducedDensityMatrix (Cloning.PCT.frameParticle (⇑u) z (m n)))
                  (m n) ∂Cloning.MultimodeCoherentGaussianMixture.gaussianProductMeasure fun x => γ - 1‖)
        Filter.atTop (nhds 0)
info: OccupationLimits.lean:38:0: Cloning.PCTPurificationChannel.haarPurificationChannel.{u_1} {A : Type u_1} [Fintype A] [DecidableEq A] [Nonempty A]
  (n : ℕ) : Cloning.Channels.MatrixChannel (Fin n → A) ((Fin n → A) × (Fin n → A))
info: OccupationLimits.lean:39:0: Cloning.PCTPurificationChannel.haarPurificationChannel_tensorPower.{u_1} {A : Type u_1} [Fintype A] [DecidableEq A]
  [Nonempty A] (n : ℕ) (ρ : Matrix A A ℂ) (hρ : ρ.PosSemidef) :
  (Cloning.PCTPurificationChannel.haarPurificationChannel n).toFun (Cloning.PCTPurificationChannel.tensorPower n ρ) =
    ∫ (U : ↥(unitary (Matrix A A ℂ))),
      Cloning.PCTPurificationChannel.entangledMoment n
        (Cloning.PCTPurificationChannel.purificationCoefficients ρ U) ∂Cloning.PCTPurificationChannel.unitaryHaar
info: OccupationLimits.lean:40:0: Cloning.PCTPurificationChannel.haarPurificationChannel_physical.{u_1} {A : Type u_1} [Fintype A] [DecidableEq A]
  [Nonempty A] (n : ℕ) (ρ : Matrix A A ℂ) (hρ : ρ.PosSemidef) :
  Cloning.PCTPurificationChannel.registerLiftCLM
      ((Cloning.PCTPurificationChannel.haarPurificationChannel n).toFun
        (Cloning.PCTPurificationChannel.tensorPower n ρ)) =
    ∫ (U : ↥(unitary (Matrix A A ℂ))),
      Cloning.InfiniteTraceClass.vectorProjector
        ((Cloning.PCT.regroup n)
          (Cloning.PCT.tensorVector fun x =>
            Cloning.PCT.environmentRotate (Cloning.PCTPurificationChannel.purificationEnvironment U)
              (Cloning.PCTPurificationChannel.canonicalPurification ρ))) ∂Cloning.PCTPurificationChannel.unitaryHaar
info: OccupationLimits.lean:41:0: Cloning.PCTPurificationChannel.physical_pct_eq_reducedWerner.{u_1} {A : Type u_1} [Fintype A] [DecidableEq A]
  [Nonempty A] (n r s : ℕ) (hcard : Fintype.card (A × A) = s + 1) (ρ : Cloning.MatrixFidelity.State A) :
  (Cloning.PCTPurificationChannel.physicalCloneTraceCLM n r s)
      ((Cloning.PCTPurificationChannel.haarPurificationChannel n).toFun
        (Cloning.PCTPurificationChannel.tensorPower n ρ.matrix)) =
    Cloning.PCT.reducedWernerOutput hcard (Cloning.PCTPurificationChannel.canonicalPurification ρ.matrix) ⋯
      (Cloning.GeneralSymmetricOccupation.inputSlots n (n + r) ⋯)
info: OccupationLimits.lean:42:0: Cloning.PCTPurificationChannel.physical_pct_gaussian_product_mixture.{u_1} {A : Type u_1} [Fintype A] [DecidableEq A]
  [Nonempty A] {s : ℕ} (hs : 1 ≤ s) (hcard : Fintype.card (A × A) = s + 1) (ρ : Cloning.MatrixFidelity.State A)
  (r : ℕ → ℕ) {γ : ℝ} (hγ : 1 < γ) (h : Filter.Tendsto (fun n => ↑(n + r n) / ↑n) Filter.atTop (nhds γ)) :
  ∃ u,
    u 0 = Cloning.PCTPurificationChannel.canonicalPurification ρ.matrix ∧
      Filter.Tendsto
        (fun n =>
          ‖(Cloning.PCTPurificationChannel.physicalCloneTraceCLM n (r n) s)
                ((Cloning.PCTPurificationChannel.haarPurificationChannel n).toFun
                  (Cloning.PCTPurificationChannel.tensorPower n ρ.matrix)) -
              ∫ (z : Fin s → ℂ),
                Cloning.PCT.matrixTensorPower
                  (Cloning.PCT.reducedDensityMatrix (Cloning.PCT.frameParticle (⇑u) z (n + r n)))
                  (n + r n) ∂Cloning.MultimodeCoherentGaussianMixture.gaussianProductMeasure fun x => γ - 1‖)
        Filter.atTop (nhds 0)
info: OccupationLimits.lean:43:0: Cloning.PCTGlobal.channel.{u_1} {A : Type u_1} [Fintype A] [DecidableEq A] [Nonempty A] {s : ℕ}
  (hcard : Fintype.card (A × A) = s + 1) (n r : ℕ) :
  Cloning.InfiniteTraceClass.QuantumChannel ↥(Cloning.PCT.Register (Fin n → A))
    ↥(Cloning.PCT.Register (Fin (n + r) → A))
info: OccupationLimits.lean:44:0: Cloning.PCTGlobal.channel_matrix_apply.{u_1} {A : Type u_1} [Fintype A] [DecidableEq A] [Nonempty A] {s : ℕ}
  (hcard : Fintype.card (A × A) = s + 1) (n r : ℕ) (X : Matrix (Fin n → A) (Fin n → A) ℂ) :
  (Cloning.PCTGlobal.channel hcard n r).toLinearMap (Cloning.PCTPurificationChannel.registerLiftCLM X) =
    (Cloning.PCTPurificationChannel.physicalCloneTraceCLM n r s)
      ((Cloning.PCTPurificationChannel.haarPurificationChannel n).toFun X)
info: OccupationLimits.lean:45:0: Cloning.PCTGlobal.channel_apply.{u_1} {A : Type u_1} [Fintype A] [DecidableEq A] [Nonempty A] {s : ℕ}
  (hcard : Fintype.card (A × A) = s + 1) (n r : ℕ)
  (T : Cloning.InfiniteTraceClass.TraceClass ↥(Cloning.PCT.Register (Fin n → A))) :
  (Cloning.PCTGlobal.channel hcard n r).toLinearMap T =
    (Cloning.PCTPurificationChannel.physicalCloneTraceCLM n r s)
      ((Cloning.PCTPurificationChannel.haarPurificationChannel n).toFun
        (Cloning.InfiniteFiniteCorner.matrixOf ⇑(Cloning.PCT.registerBasis (Fin n → A)) ↑T))
info: OccupationLimits.lean:46:0: Cloning.PCTGlobal.channel_tensorPower.{u_1} {A : Type u_1} [Fintype A] [DecidableEq A] [Nonempty A] {s : ℕ}
  (hcard : Fintype.card (A × A) = s + 1) (n r : ℕ) (ρ : Cloning.MatrixFidelity.State A) :
  (Cloning.PCTGlobal.channel hcard n r).toLinearMap
      (Cloning.PCTPurificationChannel.registerLiftCLM (Cloning.PCTPurificationChannel.tensorPower n ρ.matrix)) =
    Cloning.PCT.reducedWernerOutput hcard (Cloning.PCTPurificationChannel.canonicalPurification ρ.matrix) ⋯
      (Cloning.GeneralSymmetricOccupation.inputSlots n (n + r) ⋯)
info: OccupationLimits.lean:47:0: Cloning.PCTGlobal.channel_gaussian_product_mixture.{u_1} {A : Type u_1} [Fintype A] [DecidableEq A] [Nonempty A] {s : ℕ}
  (hs : 1 ≤ s) (hcard : Fintype.card (A × A) = s + 1) (ρ : Cloning.MatrixFidelity.State A) (r : ℕ → ℕ) {γ : ℝ}
  (hγ : 1 < γ) (h : Filter.Tendsto (fun n => ↑(n + r n) / ↑n) Filter.atTop (nhds γ)) :
  ∃ u,
    u 0 = Cloning.PCTPurificationChannel.canonicalPurification ρ.matrix ∧
      Filter.Tendsto
        (fun n =>
          ‖(Cloning.PCTGlobal.channel hcard n (r n)).toLinearMap
                (Cloning.PCTPurificationChannel.registerLiftCLM
                  (Cloning.PCTPurificationChannel.tensorPower n ρ.matrix)) -
              ∫ (z : Fin s → ℂ),
                Cloning.PCT.matrixTensorPower
                  (Cloning.PCT.reducedDensityMatrix (Cloning.PCT.frameParticle (⇑u) z (n + r n)))
                  (n + r n) ∂Cloning.MultimodeCoherentGaussianMixture.gaussianProductMeasure fun x => γ - 1‖)
        Filter.atTop (nhds 0)
ℹ [3855/3871] Replayed CoherentGaussianMixtures
info: CoherentGaussianMixtures.lean:29:0: Cloning.MultimodeCoherentGaussianMixture.integral_coherentProjector_gaussian_eq_productThermal {d : ℕ} {s : Fin d → ℝ}
  (hs : ∀ (i : Fin d), 0 < s i) :
  ∫ (z : Fin d → ℂ),
      Cloning.MultimodeCoherent.coherentProjector z ∂Cloning.MultimodeCoherentGaussianMixture.gaussianProductMeasure s =
    Cloning.InfiniteTraceClass.vectorMixture ⇑(Cloning.MultimodeCoherentGaussianMixture.numberBasis d) fun k =>
      ∏ i, Cloning.Thermal.geometric (s i / (1 + s i)) (k i)
info: CoherentGaussianMixtures.lean:30:0: Cloning.InfiniteDiagonalFidelity.stateFidelity_productGeometric.{u_1} {H : Type u_1} [NormedAddCommGroup H]
  [InnerProductSpace ℂ H] [CompleteSpace H] {s : ℕ} (b : HilbertBasis (Fin s → ℕ) ℂ H) (q x : Fin s → ℝ)
  (hq0 : ∀ (i : Fin s), 0 ≤ q i) (hq1 : ∀ (i : Fin s), q i < 1) (hx0 : ∀ (i : Fin s), 0 ≤ x i)
  (hx1 : ∀ (i : Fin s), x i < 1) :
  Cloning.InfiniteFidelity.stateFidelity (Cloning.InfiniteDiagonalFidelity.productGeometricState b q hq0 hq1)
      (Cloning.InfiniteDiagonalFidelity.productGeometricState b x hx0 hx1) =
    ∏ i, Cloning.Thermal.fidelity (q i) (x i)
info: CoherentGaussianMixtures.lean:31:0: Cloning.PCT.exists_pct_product_mixture.{u_2, u_3, u_4} {A : Type u_2} {B : Type u_3} [Fintype A] [Fintype B]
  [DecidableEq A] [DecidableEq B] {s : ℕ} (hs : 1 ≤ s) (hcard : Fintype.card (A × B) = s + 1)
  (ψ : ↥(Cloning.PCT.Register (A × B))) (hψ : ‖ψ‖ = 1) {Ω : Type u_4} [MeasurableSpace Ω] (μ : MeasureTheory.Measure Ω)
  [MeasureTheory.IsProbabilityMeasure μ] (W : Ω → ↥(Cloning.PCT.Register B) →ₗᵢ[ℂ] ↥(Cloning.PCT.Register B))
  (m : ℕ → ℕ) (hm : ∀ (n : ℕ), n ≤ m n) {γ : ℝ} (hγ : 1 < γ)
  (h : Filter.Tendsto (fun n => ↑(m n) / ↑n) Filter.atTop (nhds γ)) :
  ∃ u,
    u 0 = ψ ∧
      Filter.Tendsto
        (fun n =>
          ‖Cloning.PCT.randomizedPurificationOutput hcard ψ hψ μ W
                (Cloning.GeneralSymmetricOccupation.inputSlots n (m n) ⋯) -
              ∫ (z : Fin s → ℂ),
                Cloning.PCT.matrixTensorPower
                  (Cloning.PCT.reducedDensityMatrix (Cloning.PCT.frameParticle (⇑u) z (m n)))
                  (m n) ∂Cloning.MultimodeCoherentGaussianMixture.gaussianProductMeasure fun x => γ - 1‖)
        Filter.atTop (nhds 0)
info: CoherentGaussianMixtures.lean:32:0: Cloning.PCT.randomizedPurificationOutput_eq.{u_2, u_3, u_4} {A : Type u_2} {B : Type u_3} [Fintype A] [Fintype B]
  [DecidableEq A] [DecidableEq B] {L s : ℕ} (hcard : Fintype.card (A × B) = s + 1) (ψ : ↥(Cloning.PCT.Register (A × B)))
  (hψ : ‖ψ‖ = 1) {Ω : Type u_4} [MeasurableSpace Ω] (μ : MeasureTheory.Measure Ω) [MeasureTheory.IsProbabilityMeasure μ]
  (W : Ω → ↥(Cloning.PCT.Register B) →ₗᵢ[ℂ] ↥(Cloning.PCT.Register B)) (S : Finset (Fin L)) :
  Cloning.PCT.randomizedPurificationOutput hcard ψ hψ μ W S = Cloning.PCT.reducedWernerOutput hcard ψ hψ S
info: CoherentGaussianMixtures.lean:33:0: Cloning.PCT.wernerOutput_physical_purification.{u_1} {C : Type u_1} [Fintype C] [DecidableEq C] {L s : ℕ}
  (u : OrthonormalBasis (Fin (s + 1)) ℂ ↥(Cloning.PCT.Register C)) (S : Finset (Fin L)) :
  ↑((Cloning.InfiniteTraceClass.QuantumChannel.ofIsometry (Cloning.PCT.tensorFrame ⋯ L)).toLinearMap
        (Cloning.GeneralSymmetricOccupation.wernerOutput S)) =
    ↑(↑((S.card + s).choose s) / ↑((L + s).choose s)) •
      (Cloning.PCT.physicalProjector L * Cloning.PCT.pureSlotsOperator (u 0) S * Cloning.PCT.physicalProjector L)
info: CoherentGaussianMixtures.lean:34:0: Cloning.MultimodeCoherent.productThermal_tendsto {d : ℕ} {q : ℕ → Fin d → ℝ} {x : Fin d → ℝ}
  (hq0 : ∀ (n : ℕ) (i : Fin d), 0 ≤ q n i) (hq1 : ∀ (n : ℕ) (i : Fin d), q n i < 1) (hx0 : ∀ (i : Fin d), 0 ≤ x i)
  (hx1 : ∀ (i : Fin d), x i < 1) (hlim : ∀ (i : Fin d), Filter.Tendsto (fun n => q n i) Filter.atTop (nhds (x i))) :
  Filter.Tendsto
    (fun n =>
      Cloning.InfiniteTraceClass.vectorMixture (⇑(Cloning.MultimodeCoherentGaussianMixture.numberBasis d))
        (Cloning.ThermalWitness.productGeometric (q n)))
    Filter.atTop
    (nhds
      (Cloning.InfiniteTraceClass.vectorMixture (⇑(Cloning.MultimodeCoherentGaussianMixture.numberBasis d))
        (Cloning.ThermalWitness.productGeometric x)))
info: CoherentGaussianMixtures.lean:35:0: Cloning.MultimodeAmplifier.gainChannel_productThermal_nonneg {d : ℕ} (g : ℝ) (hg : 1 < g) {q : Fin d → ℝ}
  (hq0 : ∀ (i : Fin d), 0 ≤ q i) (hq1 : ∀ (i : Fin d), q i < 1) :
  (Cloning.MultimodeAmplifier.gainChannel g hg).toLinearMap
      (Cloning.InfiniteTraceClass.vectorMixture (⇑(Cloning.MultimodeCoherentGaussianMixture.numberBasis d))
        (Cloning.ThermalWitness.productGeometric q)) =
    Cloning.InfiniteTraceClass.vectorMixture (⇑(Cloning.MultimodeCoherentGaussianMixture.numberBasis d))
      (Cloning.ThermalWitness.productGeometric fun i => Cloning.Thermal.amplified g (q i))
info: CoherentGaussianMixtures.lean:36:0: Cloning.PCTPurificationChannel.partialTrace_purification_tensor.{u_1} {A : Type u_1} [Fintype A] [DecidableEq A]
  [Nonempty A] (n : ℕ) (ρ : Matrix A A ℂ) (hρ : ρ.PosSemidef) (U : ↥(unitary (Matrix A A ℂ))) :
  Cloning.Compression.partialTrace
      (Cloning.PCTPurificationChannel.entangledMoment n (Cloning.PCTPurificationChannel.purificationCoefficients ρ U)) =
    Cloning.PCTPurificationChannel.tensorPower n ρ
info: CoherentGaussianMixtures.lean:37:0: Cloning.PCTPurificationChannel.physicalPurification_eq_environmentRotate.{u_1} {A : Type u_1} [Fintype A]
  [DecidableEq A] [Nonempty A] (ρ : Matrix A A ℂ) (U : ↥(unitary (Matrix A A ℂ))) :
  Cloning.PCTPurificationChannel.physicalPurification ρ U =
    Cloning.PCT.environmentRotate (Cloning.PCTPurificationChannel.purificationEnvironment U)
      (Cloning.PCTPurificationChannel.canonicalPurification ρ)
info: CoherentGaussianMixtures.lean:38:0: Cloning.PCTPurificationChannel.physical_pct_gaussian_product_mixture.{u_1} {A : Type u_1} [Fintype A] [DecidableEq A]
  [Nonempty A] {s : ℕ} (hs : 1 ≤ s) (hcard : Fintype.card (A × A) = s + 1) (ρ : Cloning.MatrixFidelity.State A)
  (r : ℕ → ℕ) {γ : ℝ} (hγ : 1 < γ) (h : Filter.Tendsto (fun n => ↑(n + r n) / ↑n) Filter.atTop (nhds γ)) :
  ∃ u,
    u 0 = Cloning.PCTPurificationChannel.canonicalPurification ρ.matrix ∧
      Filter.Tendsto
        (fun n =>
          ‖(Cloning.PCTPurificationChannel.physicalCloneTraceCLM n (r n) s)
                ((Cloning.PCTPurificationChannel.haarPurificationChannel n).toFun
                  (Cloning.PCTPurificationChannel.tensorPower n ρ.matrix)) -
              ∫ (z : Fin s → ℂ),
                Cloning.PCT.matrixTensorPower
                  (Cloning.PCT.reducedDensityMatrix (Cloning.PCT.frameParticle (⇑u) z (n + r n)))
                  (n + r n) ∂Cloning.MultimodeCoherentGaussianMixture.gaussianProductMeasure fun x => γ - 1‖)
        Filter.atTop (nhds 0)
info: CoherentGaussianMixtures.lean:39:0: Cloning.PCTGlobal.channel_gaussian_product_mixture.{u_1} {A : Type u_1} [Fintype A] [DecidableEq A] [Nonempty A] {s : ℕ}
  (hs : 1 ≤ s) (hcard : Fintype.card (A × A) = s + 1) (ρ : Cloning.MatrixFidelity.State A) (r : ℕ → ℕ) {γ : ℝ}
  (hγ : 1 < γ) (h : Filter.Tendsto (fun n => ↑(n + r n) / ↑n) Filter.atTop (nhds γ)) :
  ∃ u,
    u 0 = Cloning.PCTPurificationChannel.canonicalPurification ρ.matrix ∧
      Filter.Tendsto
        (fun n =>
          ‖(Cloning.PCTGlobal.channel hcard n (r n)).toLinearMap
                (Cloning.PCTPurificationChannel.registerLiftCLM
                  (Cloning.PCTPurificationChannel.tensorPower n ρ.matrix)) -
              ∫ (z : Fin s → ℂ),
                Cloning.PCT.matrixTensorPower
                  (Cloning.PCT.reducedDensityMatrix (Cloning.PCT.frameParticle (⇑u) z (n + r n)))
                  (n + r n) ∂Cloning.MultimodeCoherentGaussianMixture.gaussianProductMeasure fun x => γ - 1‖)
        Filter.atTop (nhds 0)
info: CoherentGaussianMixtures.lean:40:0: Cloning.PCTGaussianCovariance.jointCoordinate_characteristic.{u_1} {A : Type u_1} [Fintype A] [LinearOrder A] {s : ℕ}
  (u : OrthonormalBasis (Fin (s + 1)) ℂ ↥(Cloning.PCT.Register (A × A))) (p : A → ℝ) (hp : ∀ (a : A), 0 ≤ p a)
  (hu : u 0 = Cloning.PCTReducedGaussian.coefficientVector (Cloning.PCTReducedGaussian.schmidtCoefficients p))
  (hgap : ∀ (i j : A), i < j → 0 < p i - p j) {v : ℝ} (hv : 0 < v) (t : A → ℝ)
  (ξ : Cloning.PCTGaussianCovariance.OrbitalPair A → ℂ) :
  (∫ (z : Fin s → ℂ),
      Complex.exp
        (Complex.I *
            ↑(∑ a,
                t a *
                  Cloning.PCTGaussianCovariance.classicalCoordinate p
                    (Cloning.PCTGaussianCovariance.frameTangentMatrix (⇑u) z) a) +
          ∑ ij,
            (ξ ij *
                star
                  (Cloning.PCTGaussianCovariance.orbitalCoordinate p
                    (Cloning.PCTGaussianCovariance.frameTangentMatrix (⇑u) z) (↑ij).1 (↑ij).2) -
              star (ξ ij) *
                Cloning.PCTGaussianCovariance.orbitalCoordinate p
                  (Cloning.PCTGaussianCovariance.frameTangentMatrix (⇑u) z) (↑ij).1
                  (↑ij).2)) ∂Cloning.MultimodeCoherentGaussianMixture.gaussianProductMeasure fun x => v) =
    Complex.exp
      (-↑(v * (∑ a, p a * t a ^ 2 - (∑ a, p a * t a) ^ 2) +
            ∑ ij, v * (p (↑ij).1 + p (↑ij).2) / (p (↑ij).1 - p (↑ij).2) * ‖ξ ij‖ ^ 2))
info: CoherentGaussianMixtures.lean:41:0: Cloning.PCTGaussianOutput.tangent_displacement_productThermal_pct.{u_1} {A : Type u_1} [Fintype A] [LinearOrder A]
  {s d : ℕ} (u : OrthonormalBasis (Fin (s + 1)) ℂ ↥(Cloning.PCT.Register (A × A))) (p : A → ℝ) (hp : ∀ (a : A), 0 < p a)
  (hu : u 0 = Cloning.PCTReducedGaussian.coefficientVector (Cloning.PCTReducedGaussian.schmidtCoefficients p))
  (hgap : ∀ (i j : A), i < j → 0 < p i - p j) (e : Fin d ≃ Cloning.PCTGaussianCovariance.OrbitalPair A) (g : ℝ)
  (hg : 1 < g) :
  have q := fun k => p (↑(e k)).2 / p (↑(e k)).1;
  (∫ (z : Fin s → ℂ),
      (Cloning.MultimodeCoherent.displacementTraceMap (Cloning.PCTGaussianOutput.tangentDisplacement (⇑u) p e z))
        (Cloning.InfiniteTraceClass.vectorMixture (⇑(Cloning.MultimodeCoherentGaussianMixture.numberBasis d))
          (Cloning.ThermalWitness.productGeometric
            q)) ∂Cloning.MultimodeCoherentGaussianMixture.gaussianProductMeasure fun x => g - 1) =
    Cloning.InfiniteTraceClass.vectorMixture (⇑(Cloning.MultimodeCoherentGaussianMixture.numberBasis d))
      (Cloning.ThermalWitness.productGeometric fun k => Cloning.Thermal.pct g (q k))
info: CoherentGaussianMixtures.lean:42:0: Cloning.PCTReducedGaussian.normalizedTangentVector_norm.{u_1} {A : Type u_1} [Fintype A] [DecidableEq A] (p : A → ℝ)
  (hp : ∀ (a : A), 0 ≤ p a) (hs : ∑ a, p a = 1) (Z : Matrix A A ℂ)
  (horth :
    inner ℂ (Cloning.PCTReducedGaussian.coefficientVector (Cloning.PCTReducedGaussian.schmidtCoefficients p))
        (Cloning.PCTReducedGaussian.coefficientVector Z) =
      0)
  (t : ℝ) :
  ‖Cloning.PCTReducedGaussian.normalizedTangentVector p Z (‖Cloning.PCTReducedGaussian.coefficientVector Z‖ ^ 2) t‖ = 1
info: CoherentGaussianMixtures.lean:43:0: Cloning.PCTReducedGaussian.normalizedTangent_remainder.{u_1} {A : Type u_1} [Fintype A] [DecidableEq A] (p : A → ℝ)
  (hp : ∀ (a : A), 0 ≤ p a) (Z : Matrix A A ℂ) (t : ℝ) :
  have e := ‖Cloning.PCTReducedGaussian.coefficientVector Z‖ ^ 2;
  (Cloning.PCT.reducedDensityMatrix (Cloning.PCTReducedGaussian.normalizedTangentVector p Z e t) -
        Matrix.diagonal fun a => ↑(p a)) -
      t • Cloning.PCTReducedGaussian.partialTraceDifferential p Z =
    (t ^ 2 / (1 + t ^ 2 * e)) •
      ((Z * Z.conjTranspose - e • Matrix.diagonal fun a => ↑(p a)) -
        (t * e) • Cloning.PCTReducedGaussian.partialTraceDifferential p Z)
ℹ [3856/3871] Replayed BosonicSeededOptimum
info: BosonicSeededOptimum.lean:27:0: Cloning.OrbitalSeededOptimum.isGreatest_payoff {d : ℕ} (p : Cloning.SimpleSpectrum d) {g : ℝ} (hg : 1 < g) :
  IsGreatest (Set.range (Cloning.OrbitalSeededOptimum.payoff p g hg)) (Cloning.orbitalValue g p)
info: BosonicSeededOptimum.lean:28:0: Cloning.MultimodeLeastNoise.productObservable_moment_le {s : ℕ}
  (σ : Cloning.InfiniteTraceClass.TraceClass ↥(Cloning.MultimodeIdler.Fock s)) (hσ : 0 ≤ ↑σ) (q : Fin s → ℝ)
  (hq0 : ∀ (i : Fin s), 0 ≤ q i) (hq1 : ∀ (i : Fin s), q i < 1) (w : Fin s → ℕ → ℝ)
  (hw0 : ∀ (i : Fin s) (k : ℕ), 0 ≤ w i k) (hw : ∀ (i : Fin s), Antitone (w i)) :
  ((Cloning.InfiniteTraceClass.tracePairing ((Cloning.MultimodeIdler.channel q hq0 hq1).toLinearMap σ))
        (Cloning.MultimodeLeastNoise.productObservable w hw0 hw)).re ≤
    (Cloning.InfiniteTraceClass.trace ↑σ ⋯).re *
      ((Cloning.InfiniteTraceClass.tracePairing
            (Cloning.InfiniteTraceClass.vectorMixture (⇑(Cloning.MultimodeIdler.numberBasis s))
              (Cloning.ThermalWitness.productGeometric q)))
          (Cloning.MultimodeLeastNoise.productObservable w hw0 hw)).re
info: BosonicSeededOptimum.lean:29:0: Cloning.BosonicAmplifier.stateFidelity_channel_gain (g q : ℝ) (hg : 1 < g) (hq0 : 0 ≤ q) (hq1 : q < 1) :
  Cloning.InfiniteFidelity.stateFidelity
      (Cloning.InfiniteDiagonalFidelity.geometricState Cloning.BosonicAmplifier.numberBasis q hq0 hq1)
      ((Cloning.BosonicAmplifier.channel (1 - 1 / g) ⋯ ⋯).mapState
        (Cloning.InfiniteDiagonalFidelity.geometricState Cloning.BosonicAmplifier.numberBasis q hq0 hq1)) =
    Cloning.Thermal.modeFactor g q
info: BosonicSeededOptimum.lean:30:0: Cloning.MultimodeCoherent.displacement_commutant_scalar {d : ℕ}
  (T : ↥(Cloning.MultimodeCoherent.Fock d) →L[ℂ] ↥(Cloning.MultimodeCoherent.Fock d))
  (hT :
    ∀ (a : Fin d → ℂ),
      T.comp (Cloning.MultimodeCoherent.displacement a) = (Cloning.MultimodeCoherent.displacement a).comp T) :
  T =
    inner ℂ (Cloning.MultimodeCoherent.coherentVector 0) (T (Cloning.MultimodeCoherent.coherentVector 0)) •
      ContinuousLinearMap.id ℂ ↥(Cloning.MultimodeCoherent.Fock d)
info: BosonicSeededOptimum.lean:31:0: Cloning.MultimodeCoherent.eigenoperator_eq_scalar_displacement {d : ℕ}
  (T : ↥(Cloning.MultimodeCoherent.Fock d) →L[ℂ] ↥(Cloning.MultimodeCoherent.Fock d)) (b : Fin d → ℂ)
  (hT :
    ∀ (a : Fin d → ℂ),
      (Cloning.MultimodeCoherent.displacement a).comp T =
        Cloning.MultimodeCoherent.weylCharacter a b • T.comp (Cloning.MultimodeCoherent.displacement a)) :
  T =
    inner ℂ (Cloning.MultimodeCoherent.coherentVector 0)
        (T ((Cloning.MultimodeCoherent.displacement (-b)) (Cloning.MultimodeCoherent.coherentVector 0))) •
      Cloning.MultimodeCoherent.displacement b
info: BosonicSeededOptimum.lean:32:0: Cloning.MultimodeCoherent.covariant_linearMap_weyl_multiplier {d : ℕ}
  (Ψ :
    (↥(Cloning.MultimodeCoherent.Fock d) →L[ℂ] ↥(Cloning.MultimodeCoherent.Fock d)) →ₗ[ℂ]
      ↥(Cloning.MultimodeCoherent.Fock d) →L[ℂ] ↥(Cloning.MultimodeCoherent.Fock d))
  (r : ℝ)
  (hΨ :
    ∀ (a : Fin d → ℂ) (A : ↥(Cloning.MultimodeCoherent.Fock d) →L[ℂ] ↥(Cloning.MultimodeCoherent.Fock d)),
      ((Cloning.MultimodeCoherent.displacement a).comp (Ψ A)).comp (Cloning.MultimodeCoherent.displacement (-a)) =
        Ψ
          (((Cloning.MultimodeCoherent.displacement (r • a)).comp A).comp
            (Cloning.MultimodeCoherent.displacement (-(r • a)))))
  (b : Fin d → ℂ) :
  Ψ (Cloning.MultimodeCoherent.displacement b) =
    Cloning.MultimodeCoherent.weylMultiplier Ψ r b • Cloning.MultimodeCoherent.displacement (r • b)
info: BosonicSeededOptimum.lean:33:0: Cloning.MultimodeCoherent.quantumChannel_regular_quantumPositive_multiplier {d : ℕ}
  (Φ :
    Cloning.InfiniteTraceClass.QuantumChannel ↥(Cloning.MultimodeCoherent.Fock d) ↥(Cloning.MultimodeCoherent.Fock d))
  (r : ℝ)
  (hΦ :
    ∀ (a : Fin d → ℂ) (T : Cloning.InfiniteTraceClass.TraceClass ↥(Cloning.MultimodeCoherent.Fock d)),
      Φ.toLinearMap ((Cloning.MultimodeCoherent.displacementTraceMap a) T) =
        (Cloning.MultimodeCoherent.displacementTraceMap (r • a)) (Φ.toLinearMap T)) :
  (∀ (b : Fin d → ℂ),
      Φ.heisenberg (Cloning.MultimodeCoherent.displacement b) =
        Cloning.MultimodeCoherent.weylMultiplier Φ.heisenberg r b • Cloning.MultimodeCoherent.displacement (r • b)) ∧
    Cloning.MultimodeCoherent.weylMultiplier Φ.heisenberg r 0 = 1 ∧
      Continuous (Cloning.MultimodeCoherent.weylMultiplier Φ.heisenberg r) ∧
        Cloning.MultimodeCoherent.IsQuantumPositive (Cloning.MultimodeCoherent.weylMultiplier Φ.heisenberg r) r ∧
          ∀ (b : Fin d → ℂ), ‖Cloning.MultimodeCoherent.weylMultiplier Φ.heisenberg r b‖ ≤ 1
info: BosonicSeededOptimum.lean:34:0: Cloning.MultimodeCoherent.quantumChannel_weyl_gaussian_bound {d : ℕ}
  (Φ :
    Cloning.InfiniteTraceClass.QuantumChannel ↥(Cloning.MultimodeCoherent.Fock d) ↥(Cloning.MultimodeCoherent.Fock d))
  (r : ℝ)
  (hcov :
    ∀ (a : Fin d → ℂ) (T : Cloning.InfiniteTraceClass.TraceClass ↥(Cloning.MultimodeCoherent.Fock d)),
      Φ.toLinearMap ((Cloning.MultimodeCoherent.displacementTraceMap a) T) =
        (Cloning.MultimodeCoherent.displacementTraceMap (r • a)) (Φ.toLinearMap T))
  (hr : 1 < r ^ 2) {t : Fin d → ℝ} (ht : ∀ (i : Fin d), (r ^ 2 - 1) / 2 ≤ t i) :
  ‖∫ (a : Fin d → ℂ),
        ↑(Cloning.MultimodeCoherent.gaussianWeight t a) * Cloning.MultimodeCoherent.weylMultiplier Φ.heisenberg r a‖ ≤
    ∏ i, Real.pi / (t i + (r ^ 2 - 1) / 2)
info: BosonicSeededOptimum.lean:35:0: Cloning.MultimodeCoherent.covariant_thermal_witness_moment_le {d : ℕ}
  (Φ :
    Cloning.InfiniteTraceClass.QuantumChannel ↥(Cloning.MultimodeCoherent.Fock d) ↥(Cloning.MultimodeCoherent.Fock d))
  (r : ℝ)
  (hcov :
    ∀ (a : Fin d → ℂ) (T : Cloning.InfiniteTraceClass.TraceClass ↥(Cloning.MultimodeCoherent.Fock d)),
      Φ.toLinearMap ((Cloning.MultimodeCoherent.displacementTraceMap a) T) =
        (Cloning.MultimodeCoherent.displacementTraceMap (r • a)) (Φ.toLinearMap T))
  (hr : 1 < r ^ 2) {q : Fin d → ℝ} (hq0 : ∀ (i : Fin d), 0 < q i) (hq1 : ∀ (i : Fin d), q i < 1) :
  ((Cloning.InfiniteTraceClass.tracePairing
          (Φ.toLinearMap
            (Cloning.InfiniteTraceClass.vectorMixture (⇑(Cloning.MultimodeCoherentGaussianMixture.numberBasis d))
              (Cloning.ThermalWitness.productGeometric q))))
        (Cloning.ThermalWitness.productWitnessOperator (Cloning.MultimodeCoherentGaussianMixture.numberBasis d) q
          fun i => Cloning.Thermal.amplified (r ^ 2) (q i))).re ≤
    ∏ i, Cloning.Thermal.fidelity (q i) (Cloning.Thermal.amplified (r ^ 2) (q i))
info: BosonicSeededOptimum.lean:36:0: Cloning.MultimodeCoherent.limsup_flatBox_thermal_le_modeFactor {d : ℕ} (γ : ℝ) (hγ : 1 < γ) {q : Fin d → ℝ}
  (hq0 : ∀ (i : Fin d), 0 < q i) (hq1 : ∀ (i : Fin d), q i < 1) :
  Filter.limsup
      (Cloning.MultimodeCoherent.flatBoxOptimalPayoff (√γ) (Cloning.MultimodeCoherent.thermalPositive q ⋯ hq1)
        (Cloning.MultimodeCoherent.thermalPositive q ⋯ hq1))
      Filter.atTop ≤
    ∏ i, Cloning.Thermal.modeFactor γ (q i)
info: BosonicSeededOptimum.lean:38:0: Cloning.MultimodeCoherent.limsup_realFlatBox_thermal_le_modeFactor {d : ℕ} (γ : ℝ) (hγ : 1 < γ) {q : Fin d → ℝ}
  (hq0 : ∀ (i : Fin d), 0 < q i) (hq1 : ∀ (i : Fin d), q i < 1) :
  Filter.limsup
      (Cloning.MultimodeCoherent.realFlatBoxOptimalPayoff (√γ) (Cloning.MultimodeCoherent.thermalPositive q ⋯ hq1)
        (Cloning.MultimodeCoherent.thermalPositive q ⋯ hq1))
      Filter.atTop ≤
    ∏ i, Cloning.Thermal.modeFactor γ (q i)
info: BosonicSeededOptimum.lean:39:0: Cloning.MultimodeAmplifier.gainChannel_covariant {d : ℕ} (g : ℝ) (hg : 1 < g) (a : Fin d → ℂ)
  (A : Cloning.InfiniteTraceClass.TraceClass ↥(Cloning.MultimodeCoherent.Fock d)) :
  (Cloning.MultimodeAmplifier.gainChannel g hg).toLinearMap ((Cloning.MultimodeCoherent.displacementTraceMap a) A) =
    (Cloning.MultimodeCoherent.displacementTraceMap (√g • a))
      ((Cloning.MultimodeAmplifier.gainChannel g hg).toLinearMap A)
info: BosonicSeededOptimum.lean:40:0: Cloning.MultimodeAmplifier.gainChannel_productThermal_nonneg {d : ℕ} (g : ℝ) (hg : 1 < g) {q : Fin d → ℝ}
  (hq0 : ∀ (i : Fin d), 0 ≤ q i) (hq1 : ∀ (i : Fin d), q i < 1) :
  (Cloning.MultimodeAmplifier.gainChannel g hg).toLinearMap
      (Cloning.InfiniteTraceClass.vectorMixture (⇑(Cloning.MultimodeCoherentGaussianMixture.numberBasis d))
        (Cloning.ThermalWitness.productGeometric q)) =
    Cloning.InfiniteTraceClass.vectorMixture (⇑(Cloning.MultimodeCoherentGaussianMixture.numberBasis d))
      (Cloning.ThermalWitness.productGeometric fun i => Cloning.Thermal.amplified g (q i))
info: BosonicSeededOptimum.lean:41:0: Cloning.MultimodeCoherent.gainChannel_orbitPayoff_nonneg {d : ℕ} (g : ℝ) (hg : 1 < g) {q : Fin d → ℝ}
  (hq0 : ∀ (i : Fin d), 0 ≤ q i) (hq1 : ∀ (i : Fin d), q i < 1) (a : Fin d → ℂ) :
  Cloning.MultimodeCoherent.orbitPayoff (√g) (Cloning.MultimodeAmplifier.gainChannel g hg)
      (Cloning.MultimodeCoherent.thermalPositive q hq0 hq1) (Cloning.MultimodeCoherent.thermalPositive q hq0 hq1) a =
    ∏ i, Cloning.Thermal.modeFactor g (q i)
info: BosonicSeededOptimum.lean:42:0: Cloning.MultimodeCoherent.gainChannel_normalized_box_nonneg {d : ℕ} (g : ℝ) (hg : 1 < g) {q : Fin d → ℝ}
  (hq0 : ∀ (i : Fin d), 0 ≤ q i) (hq1 : ∀ (i : Fin d), q i < 1) {L : ℝ} (hL : 0 < L) :
  (MeasureTheory.volume.real (Cloning.MultimodeCoherent.phaseSpaceBox d L))⁻¹ *
      ∫ (a : Fin d → ℂ) in Cloning.MultimodeCoherent.phaseSpaceBox d L,
        Cloning.MultimodeCoherent.orbitPayoff (√g) (Cloning.MultimodeAmplifier.gainChannel g hg)
          (Cloning.MultimodeCoherent.thermalPositive q hq0 hq1) (Cloning.MultimodeCoherent.thermalPositive q hq0 hq1)
          a =
    ∏ i, Cloning.Thermal.modeFactor g (q i)
info: BosonicSeededOptimum.lean:43:0: Cloning.MultimodeCoherent.limsup_realFlatBox_thermal_le_modeFactor_nonneg {d : ℕ} (g : ℝ) (hg : 1 < g) {q : Fin d → ℝ}
  (hq0 : ∀ (i : Fin d), 0 ≤ q i) (hq1 : ∀ (i : Fin d), q i < 1) :
  Filter.limsup
      (Cloning.MultimodeCoherent.realFlatBoxOptimalPayoff (√g) (Cloning.MultimodeCoherent.thermalPositive q hq0 hq1)
        (Cloning.MultimodeCoherent.thermalPositive q hq0 hq1))
      Filter.atTop ≤
    ∏ i, Cloning.Thermal.modeFactor g (q i)
info: BosonicSeededOptimum.lean:44:0: Cloning.MultimodeCoherent.realFlatBoxOptimalPayoff_tendsto_modeFactor_nonneg {d : ℕ} (g : ℝ) (hg : 1 < g)
  {q : Fin d → ℝ} (hq0 : ∀ (i : Fin d), 0 ≤ q i) (hq1 : ∀ (i : Fin d), q i < 1) :
  Filter.Tendsto
    (Cloning.MultimodeCoherent.realFlatBoxOptimalPayoff (√g) (Cloning.MultimodeCoherent.thermalPositive q hq0 hq1)
      (Cloning.MultimodeCoherent.thermalPositive q hq0 hq1))
    Filter.atTop (nhds (∏ i, Cloning.Thermal.modeFactor g (q i)))
ℹ [3857/3871] Replayed QuantumFidelity
info: QuantumFidelity.lean:38:0: Cloning.InfiniteFidelity.fidelity_data_processing.{u_1, u_2} {H : Type u_1} {K : Type u_2} [NormedAddCommGroup H]
  [InnerProductSpace ℂ H] [CompleteSpace H] [NormedAddCommGroup K] [InnerProductSpace ℂ K] [CompleteSpace K]
  (Φ : Cloning.InfiniteTraceClass.QuantumChannel H K) (A B : Cloning.InfiniteTraceClass.TraceClass H) (hA : 0 ≤ ↑A)
  (hB : 0 ≤ ↑B) :
  Cloning.InfiniteFidelity.fidelity (↑A) (↑B) hA hB ⋯ ⋯ ≤
    Cloning.InfiniteFidelity.fidelity ↑(Φ.toLinearMap A) ↑(Φ.toLinearMap B) ⋯ ⋯ ⋯ ⋯
info: QuantumFidelity.lean:39:0: Cloning.InfiniteFidelity.stateFidelity_continuity.{u_1} {H : Type u_1} [NormedAddCommGroup H] [InnerProductSpace ℂ H]
  [CompleteSpace H] (ρ σ ρ' σ' : Cloning.InfiniteTraceClass.DensityState H) :
  |Cloning.InfiniteFidelity.stateFidelity ρ σ - Cloning.InfiniteFidelity.stateFidelity ρ' σ'| ≤
    √(Cloning.InfiniteFidelity.stateTraceDistance ρ ρ') + √(Cloning.InfiniteFidelity.stateTraceDistance σ σ')
info: QuantumFidelity.lean:40:0: Cloning.InfiniteFidelity.fidelity_weighted_joint_concavity.{u_1} {H : Type u_1} [NormedAddCommGroup H]
  [InnerProductSpace ℂ H] [CompleteSpace H] (A B C D : Cloning.InfiniteTraceClass.TraceClass H) (hA : 0 ≤ ↑A)
  (hB : 0 ≤ ↑B) (hC : 0 ≤ ↑C) (hD : 0 ≤ ↑D) (a b : ℝ) (ha : 0 ≤ a) (hb : 0 ≤ b) :
  a * Cloning.InfiniteFidelity.fidelity (↑A) (↑B) hA hB ⋯ ⋯ +
      b * Cloning.InfiniteFidelity.fidelity (↑C) (↑D) hC hD ⋯ ⋯ ≤
    Cloning.InfiniteFidelity.fidelity ↑(↑a • A + ↑b • C) ↑(↑a • B + ↑b • D) ⋯ ⋯ ⋯ ⋯
info: QuantumFidelity.lean:41:0: Cloning.Hybrid.PositiveField.rootFidelity_continuity.{u_1, u_2} {Ω : Type u_1} {H : Type u_2} [MeasurableSpace Ω]
  {μ : MeasureTheory.Measure Ω} [NormedAddCommGroup H] [InnerProductSpace ℂ H] [CompleteSpace H]
  (R S T U : Cloning.Hybrid.PositiveField μ) :
  |R.rootFidelity S - T.rootFidelity U| ≤ √(R.traceDistance T) * √S.mass + √(S.traceDistance U) * √T.mass
info: QuantumFidelity.lean:42:0: Cloning.Hybrid.PositiveField.integral_fidelity_le_fidelity_integral.{u_1, u_2} {Ω : Type u_1} {H : Type u_2}
  [MeasurableSpace Ω] {μ : MeasureTheory.Measure Ω} [NormedAddCommGroup H] [InnerProductSpace ℂ H] [CompleteSpace H]
  [MeasureTheory.SigmaFinite μ] (A B : Ω → Cloning.InfiniteTraceClass.TraceClass H) (hA : MeasureTheory.Integrable A μ)
  (hB : MeasureTheory.Integrable B μ) (hposA : ∀ (x : Ω), 0 ≤ ↑(A x)) (hposB : ∀ (x : Ω), 0 ≤ ↑(B x)) :
  ∫ (x : Ω), Cloning.InfiniteFidelity.fidelity ↑(A x) ↑(B x) ⋯ ⋯ ⋯ ⋯ ∂μ ≤
    Cloning.InfiniteFidelity.fidelity ↑(∫ (x : Ω), A x ∂μ) ↑(∫ (x : Ω), B x ∂μ) ⋯ ⋯ ⋯ ⋯
info: QuantumFidelity.lean:43:0: Cloning.Hybrid.PositiveField.rootFidelity_sq_le_weighted_product.{u_1, u_2} {Ω : Type u_1} {H : Type u_2}
  [MeasurableSpace Ω] {μ : MeasureTheory.Measure Ω} [NormedAddCommGroup H] [InnerProductSpace ℂ H] [CompleteSpace H]
  (R : Cloning.Hybrid.PositiveField μ) (g : Ω → ℝ) (hg : MeasureTheory.Integrable g μ) (hgn : ∀ (x : Ω), 0 ≤ g x)
  (T : Cloning.InfiniteTraceClass.DensityState H) {W : H →L[ℂ] H} (hW : 0 ≤ W) {M : ℝ} (hM : 0 ≤ M)
  (hInv :
    ∀ (ε : ℝ),
      0 < ε →
        Cloning.Hybrid.witnessMoment (Cloning.InfiniteTraceClass.TraceClass.ofOperator T.op ⋯)
            (CFC.rpow (Cloning.InfiniteFidelity.regularizedWeight W ε) (-1)) ≤
          M)
  (χ : Ω → ℝ) (hχ : ∀ (x : Ω), 0 < χ x)
  (hweighted : MeasureTheory.Integrable (fun x => χ x * Cloning.Hybrid.witnessMoment (↑(R.value x)) W) μ)
  (hclassical : MeasureTheory.Integrable (fun x => g x / χ x) μ) :
  R.rootFidelity (Cloning.Hybrid.PositiveField.product g hg hgn T) ^ 2 ≤
    ((∫ (x : Ω), χ x * Cloning.Hybrid.witnessMoment (↑(R.value x)) W ∂μ) * ∫ (x : Ω), g x / χ x ∂μ) * M
info: QuantumFidelity.lean:44:0: Cloning.Hybrid.PositiveField.rootFidelity_sq_le_gaussian_thermal.{u_2} {H : Type u_2} [NormedAddCommGroup H]
  [InnerProductSpace ℂ H] [CompleteSpace H] {k s : ℕ} (R : Cloning.Hybrid.PositiveField MeasureTheory.volume)
  (a : Fin k → ℝ) (ha : ∀ (i : Fin k), 0 < a i) {g : ℝ} (hg : 1 ≤ g) (b : HilbertBasis (Fin s → ℕ) ℂ H)
  (q x : Fin s → ℝ) (hq0 : ∀ (i : Fin s), 0 < q i) (hqx : ∀ (i : Fin s), q i < x i) (hx1 : ∀ (i : Fin s), x i < 1) :
  R.rootFidelity
        (Cloning.Hybrid.PositiveField.product (Cloning.GaussianAffinity.productDensity a) ⋯ ⋯
          (Cloning.InfiniteDiagonalFidelity.productGeometricState b q ⋯ ⋯)) ^
      2 ≤
    Cloning.Hybrid.witnessMoment (R.weightedMarginal (Cloning.GaussianAffinity.productWitness a fun i => a i / g))
          (Cloning.ThermalWitness.productWitnessOperator b q x) *
        Cloning.Thermal.classicalBase g ^ (↑k / 2) *
      ∏ i, Cloning.Thermal.fidelity (q i) (x i)
info: QuantumFidelity.lean:45:0: Cloning.Hybrid.weightedQuantumMap_completelyPositive.{u_1, u_2, u_3} {Ω : Type u_1} {H : Type u_2} {K : Type u_3}
  [MeasurableSpace Ω] {μ : MeasureTheory.Measure Ω} [NormedAddCommGroup H] [InnerProductSpace ℂ H] [CompleteSpace H]
  [NormedAddCommGroup K] [InnerProductSpace ℂ K] [CompleteSpace K]
  (Λ :
    ↥(MeasureTheory.Lp (Cloning.InfiniteTraceClass.TraceClass H) 1 μ) →ₗ[ℂ]
      ↥(MeasureTheory.Lp (Cloning.InfiniteTraceClass.TraceClass K) 1 μ))
  (hΛ : Cloning.Hybrid.L1CompletelyPositive Λ) (g : Ω → ℝ) (hg : MeasureTheory.Integrable g μ)
  (hg0 : ∀ (y : Ω), 0 ≤ g y) (χ : Ω → ℝ) (hχ : MeasureTheory.AEStronglyMeasurable χ μ) (hχ0 : ∀ (y : Ω), 0 ≤ χ y)
  {C : ℝ} (hbound : ∀ (y : Ω), ‖χ y‖ ≤ C) :
  Cloning.InfiniteTraceClass.IsCompletelyPositive (Cloning.Hybrid.weightedQuantumMap Λ g hg χ hχ hbound)
info: QuantumFidelity.lean:46:0: Cloning.Hybrid.weightedQuantumMap_trace_le.{u_1, u_2, u_3} {Ω : Type u_1} {H : Type u_2} {K : Type u_3}
  [MeasurableSpace Ω] {μ : MeasureTheory.Measure Ω} [NormedAddCommGroup H] [InnerProductSpace ℂ H] [CompleteSpace H]
  [NormedAddCommGroup K] [InnerProductSpace ℂ K] [CompleteSpace K]
  (Λ :
    ↥(MeasureTheory.Lp (Cloning.InfiniteTraceClass.TraceClass H) 1 μ) →ₗ[ℂ]
      ↥(MeasureTheory.Lp (Cloning.InfiniteTraceClass.TraceClass K) 1 μ))
  (hΛ : Cloning.Hybrid.L1CompletelyPositive Λ) (hTP : Cloning.Hybrid.L1TracePreserving Λ) (g : Ω → ℝ)
  (hg : MeasureTheory.Integrable g μ) (hg0 : ∀ (y : Ω), 0 ≤ g y) (hprob : ∫ (y : Ω), g y ∂μ = 1) (χ : Ω → ℝ)
  (hχ : MeasureTheory.AEStronglyMeasurable χ μ) {C : ℝ} (hbound : ∀ (y : Ω), ‖χ y‖ ≤ C)
  (A : Cloning.InfiniteTraceClass.TraceClass H) (hA : 0 ≤ ↑A) :
  (Cloning.InfiniteTraceClass.traceCLM ((Cloning.Hybrid.weightedQuantumMap Λ g hg χ hχ hbound) A)).re ≤
    C * (Cloning.InfiniteTraceClass.traceCLM A).re
info: QuantumFidelity.lean:47:0: Cloning.Hybrid.gaussian_shift_weighted_mass_le.{u_1} {H : Type u_1} [NormedAddCommGroup H] [InnerProductSpace ℂ H]
  [CompleteSpace H] {k : ℕ} (R : Cloning.Hybrid.PositiveField MeasureTheory.volume) (a : Fin k → ℝ)
  (ha : ∀ (i : Fin k), 0 < a i) {g : ℝ} (hg : 1 ≤ g) :
  ∫ (h : Fin k → ℝ),
      Cloning.GaussianAffinity.productDensity a h *
        ∫ (v : Fin k → ℝ),
          (Cloning.GaussianAffinity.productWitness a (fun i => a i / g) fun i => v i + √g * h i) * ‖↑(R.value v)‖ ≤
    Cloning.Thermal.classicalBase g ^ (↑k / 2) * R.mass
info: QuantumFidelity.lean:48:0: Cloning.Hybrid.PositiveField.toL1_ofL1.{u_1, u_2} {Ω : Type u_1} {H : Type u_2} [MeasurableSpace Ω]
  {μ : MeasureTheory.Measure Ω} [NormedAddCommGroup H] [InnerProductSpace ℂ H] [CompleteSpace H]
  (A : ↥(MeasureTheory.Lp (Cloning.InfiniteTraceClass.TraceClass H) 1 μ)) (hA : ∀ᵐ (y : Ω) ∂μ, 0 ≤ ↑(↑↑A y)) :
  (Cloning.Hybrid.PositiveField.ofL1 A hA).toL1 = A
info: QuantumFidelity.lean:49:0: Cloning.Hybrid.PositiveL1.continuous_rootFidelity.{u_1, u_2} {Ω : Type u_1} {H : Type u_2} [MeasurableSpace Ω]
  {μ : MeasureTheory.Measure Ω} [NormedAddCommGroup H] [InnerProductSpace ℂ H] [CompleteSpace H] :
  Continuous fun p => p.1.rootFidelity p.2
info: QuantumFidelity.lean:50:0: Cloning.Hybrid.PositiveL1.integral_rootFidelity_le.{u_1, u_2, u_3} {Ω : Type u_1} {H : Type u_2} [MeasurableSpace Ω]
  {μ : MeasureTheory.Measure Ω} [NormedAddCommGroup H] [InnerProductSpace ℂ H] [CompleteSpace H] {Ξ : Type u_3}
  [MeasurableSpace Ξ] {ν : MeasureTheory.Measure Ξ} [MeasureTheory.IsProbabilityMeasure ν]
  (A B : Ξ → Cloning.Hybrid.PositiveL1 H μ) (hA : MeasureTheory.Integrable (fun ξ => ↑(A ξ)) ν)
  (hB : MeasureTheory.Integrable (fun ξ => ↑(B ξ)) ν) (R S : Cloning.Hybrid.PositiveL1 H μ)
  (hR : ↑R = ∫ (ξ : Ξ), ↑(A ξ) ∂ν) (hS : ↑S = ∫ (ξ : Ξ), ↑(B ξ) ∂ν) :
  ∫ (ξ : Ξ), (A ξ).rootFidelity (B ξ) ∂ν ≤ R.rootFidelity S
info: QuantumFidelity.lean:51:0: Cloning.Hybrid.weightedQuantumMap_gaussian_trace_le.{u_1, u_2} {k : ℕ} {H : Type u_1} {K : Type u_2}
  [NormedAddCommGroup H] [InnerProductSpace ℂ H] [CompleteSpace H] [NormedAddCommGroup K] [InnerProductSpace ℂ K]
  [CompleteSpace K]
  (Λ :
    ↥(MeasureTheory.Lp (Cloning.InfiniteTraceClass.TraceClass H) 1 MeasureTheory.volume) →L[ℂ]
      ↥(MeasureTheory.Lp (Cloning.InfiniteTraceClass.TraceClass K) 1 MeasureTheory.volume))
  (hΛ : Cloning.Hybrid.L1CompletelyPositive ↑Λ) (hTP : Cloning.Hybrid.L1TracePreserving ↑Λ) (a : Fin k → ℝ)
  (ha : ∀ (i : Fin k), 0 < a i) {g : ℝ} (hg : 1 ≤ g)
  (hχ :
    MeasureTheory.AEStronglyMeasurable (Cloning.GaussianAffinity.productWitness a fun i => a i / g)
      MeasureTheory.volume)
  {C : ℝ} (hC : 0 ≤ C)
  (hbound : ∀ (y : Fin k → ℝ), ‖Cloning.GaussianAffinity.productWitness a (fun i => a i / g) y‖ ≤ C)
  (b : (Fin k → ℝ) → ℝ)
  (hb : MeasureTheory.Integrable (fun h => Cloning.GaussianAffinity.productDensity a h * b h) MeasureTheory.volume)
  (herror :
    ∀ (h : Fin k → ℝ) (R : ↥(MeasureTheory.Lp (Cloning.InfiniteTraceClass.TraceClass H) 1 MeasureTheory.volume)),
      ‖Λ ((Cloning.Hybrid.classicalTranslation h) R) - (Cloning.Hybrid.classicalTranslation (√g • h)) (Λ R)‖ ≤
        b h * ‖R‖)
  (X : Cloning.InfiniteTraceClass.TraceClass H) (hX : 0 ≤ ↑X) :
  (Cloning.InfiniteTraceClass.traceCLM
        ((Cloning.Hybrid.weightedQuantumMap (↑Λ) (Cloning.GaussianAffinity.productDensity a) ⋯
            (Cloning.GaussianAffinity.productWitness a fun i => a i / g) hχ hbound)
          X)).re ≤
    (Cloning.Thermal.classicalBase g ^ (↑k / 2) +
        C * ∫ (h : Fin k → ℝ), Cloning.GaussianAffinity.productDensity a h * b h) *
      (Cloning.InfiniteTraceClass.traceCLM X).re
info: QuantumFidelity.lean:52:0: Cloning.Hybrid.exists_gaussian_weighted_covariant_residual {k s : ℕ}
  (Λ :
    ℕ →
      ↥(MeasureTheory.Lp (Cloning.InfiniteTraceClass.TraceClass ↥(Cloning.MultimodeCoherent.Fock s)) 1
            MeasureTheory.volume) →L[ℂ]
        ↥(MeasureTheory.Lp (Cloning.InfiniteTraceClass.TraceClass ↥(Cloning.MultimodeCoherent.Fock s)) 1
            MeasureTheory.volume))
  (hΛ : ∀ (n : ℕ), Cloning.Hybrid.L1CompletelyPositive ↑(Λ n))
  (hTP : ∀ (n : ℕ), Cloning.Hybrid.L1TracePreserving ↑(Λ n)) (a : Fin k → ℝ) (ha : ∀ (i : Fin k), 0 < a i) {g : ℝ}
  (hg : 1 ≤ g)
  (hχ :
    MeasureTheory.AEStronglyMeasurable (Cloning.GaussianAffinity.productWitness a fun i => a i / g)
      MeasureTheory.volume)
  {C : ℝ} (hC : 0 ≤ C)
  (hχbound : ∀ (y : Fin k → ℝ), ‖Cloning.GaussianAffinity.productWitness a (fun i => a i / g) y‖ ≤ C)
  (b : ℕ → (Fin k → ℝ) → ℝ) (hb : ∀ (n : ℕ), MeasureTheory.AEStronglyMeasurable (b n) MeasureTheory.volume) {B : ℝ}
  (hbbound : ∀ (n : ℕ) (h : Fin k → ℝ), ‖b n h‖ ≤ B)
  (hlim : ∀ (h : Fin k → ℝ), Filter.Tendsto (fun n => b n h) Filter.atTop (nhds 0))
  (hclassical :
    ∀ (n : ℕ) (h : Fin k → ℝ)
      (R :
        ↥(MeasureTheory.Lp (Cloning.InfiniteTraceClass.TraceClass ↥(Cloning.MultimodeCoherent.Fock s)) 1
            MeasureTheory.volume)),
      ‖(Λ n) ((Cloning.Hybrid.classicalTranslation h) R) - (Cloning.Hybrid.classicalTranslation (√g • h)) ((Λ n) R)‖ ≤
        b n h * ‖R‖)
  (hquantum :
    ∀ (z : Fin s → ℂ)
      (R :
        ↥(MeasureTheory.Lp (Cloning.InfiniteTraceClass.TraceClass ↥(Cloning.MultimodeCoherent.Fock s)) 1
            MeasureTheory.volume)),
      Filter.Tendsto
        (fun n => ‖(Λ n) ((Cloning.Hybrid.quantumL1Action z) R) - (Cloning.Hybrid.quantumL1Action (√g • z)) ((Λ n) R)‖)
        Filter.atTop (nhds 0)) :
  ∃ Γ,
    Cloning.InfiniteTraceClass.IsCompletelyPositive Γ ∧
      (∀ (X : Cloning.InfiniteTraceClass.TraceClass ↥(Cloning.MultimodeCoherent.Fock s)),
          0 ≤ ↑X →
            (Cloning.InfiniteTraceClass.traceCLM (Γ X)).re ≤
              Cloning.Thermal.classicalBase g ^ (↑k / 2) * (Cloning.InfiniteTraceClass.traceCLM X).re) ∧
        (∀ (z : Fin s → ℂ) (X : Cloning.InfiniteTraceClass.TraceClass ↥(Cloning.MultimodeCoherent.Fock s)),
            Γ ((Cloning.MultimodeCoherent.displacementTraceMap z) X) =
              (Cloning.MultimodeCoherent.displacementTraceMap (√g • z)) (Γ X)) ∧
          ∃ φ,
            StrictMono φ ∧
              ∀ (X : Cloning.InfiniteTraceClass.TraceClass ↥(Cloning.MultimodeCoherent.Fock s))
                (O : ↥(Cloning.MultimodeCoherent.Fock s) →L[ℂ] ↥(Cloning.MultimodeCoherent.Fock s)),
                IsCompactOperator ⇑O →
                  Filter.Tendsto
                    (fun n =>
                      (Cloning.InfiniteTraceClass.tracePairing
                          ((Cloning.Hybrid.weightedQuantumMap (↑(Λ (φ n))) (Cloning.GaussianAffinity.productDensity a) ⋯
                              (Cloning.GaussianAffinity.productWitness a fun i => a i / g) hχ hχbound)
                            X))
                        O)
                    Filter.atTop (nhds ((Cloning.InfiniteTraceClass.tracePairing (Γ X)) O))
info: QuantumFidelity.lean:53:0: Cloning.Hybrid.gaussianAmplifierChannel_orbitPayoff {k s : ℕ} (a : Fin k → ℝ) (ha : ∀ (i : Fin k), 0 < a i) (g : ℝ)
  (hg : 1 < g) (q : Fin s → ℝ) (hq0 : ∀ (i : Fin s), 0 ≤ q i) (hq1 : ∀ (i : Fin s), q i < 1)
  (ξ : Cloning.Hybrid.PhaseSpace k s) :
  Cloning.Hybrid.orbitPayoff (√g) (Cloning.Hybrid.gaussianAmplifierChannel g hg)
      (Cloning.Hybrid.gaussianThermalPositive a ha q hq0 hq1) (Cloning.Hybrid.gaussianThermalPositive a ha q hq0 hq1)
      ξ =
    Cloning.Thermal.classicalBase g ^ (↑k / 2) * ∏ i, Cloning.Thermal.modeFactor g (q i)
info: QuantumFidelity.lean:54:0: Cloning.Hybrid.PhaseDensity.gaussianOptimalPayoff_tendsto_modeFactor_nonneg {k s : ℕ}
  (p : Cloning.Hybrid.PhaseDensity k s) (a : Fin k → ℝ) (ha : ∀ (i : Fin k), 0 < a i) (g : ℝ) (hg : 1 < g)
  (q : Fin s → ℝ) (hq0 : ∀ (i : Fin s), 0 ≤ q i) (hq1 : ∀ (i : Fin s), q i < 1) :
  Filter.Tendsto
    (p.gaussianOptimalPayoff (√g) (Cloning.Hybrid.gaussianThermalPositive a ha q hq0 hq1)
      (Cloning.Hybrid.gaussianThermalPositive a ha q hq0 hq1))
    Filter.atTop (nhds (Cloning.Thermal.classicalBase g ^ (↑k / 2) * ∏ i, Cloning.Thermal.modeFactor g (q i)))
info: QuantumFidelity.lean:55:0: Cloning.Hybrid.QuantumToHybrid.fidelity_data_processing.{u_1, u_2, u_3} {Ω : Type u_1} {H : Type u_2} {K : Type u_3}
  [MeasurableSpace Ω] {μ : MeasureTheory.Measure Ω} [NormedAddCommGroup H] [InnerProductSpace ℂ H] [CompleteSpace H]
  [NormedAddCommGroup K] [InnerProductSpace ℂ K] [CompleteSpace K] (T : Cloning.Hybrid.QuantumToHybrid H K μ)
  (A B : Cloning.Hybrid.PositiveTraceClass H) : A.rootFidelity B ≤ (T.mapPositive A).rootFidelity (T.mapPositive B)
info: QuantumFidelity.lean:56:0: Cloning.Hybrid.QuantumToHybrid.prepare.{u_1, u_2} {Ω : Type u_1} {H : Type u_2} [MeasurableSpace Ω]
  {μ : MeasureTheory.Measure Ω} [NormedAddCommGroup H] [InnerProductSpace ℂ H] [CompleteSpace H] (g : Ω → ℝ)
  (hg : MeasureTheory.Integrable g μ) (hg0 : ∀ (y : Ω), 0 ≤ g y) (hprob : ∫ (y : Ω), g y ∂μ = 1) :
  Cloning.Hybrid.QuantumToHybrid H H μ
info: QuantumFidelity.lean:57:0: Cloning.Hybrid.HybridToQuantum.integrate.{u_1, u_2} {Ω : Type u_1} {H : Type u_2} [MeasurableSpace Ω]
  {μ : MeasureTheory.Measure Ω} [NormedAddCommGroup H] [InnerProductSpace ℂ H] [CompleteSpace H] :
  Cloning.Hybrid.HybridToQuantum H H μ
info: QuantumFidelity.lean:58:0: Cloning.Hybrid.HybridToQuantum.norm_le_two.{u_1, u_2, u_3} {Ω : Type u_1} {H : Type u_2} {K : Type u_3}
  [MeasurableSpace Ω] {μ : MeasureTheory.Measure Ω} [NormedAddCommGroup H] [InnerProductSpace ℂ H] [CompleteSpace H]
  [NormedAddCommGroup K] [InnerProductSpace ℂ K] [CompleteSpace K] (S : Cloning.Hybrid.HybridToQuantum H K μ)
  (A : ↥(MeasureTheory.Lp (Cloning.InfiniteTraceClass.TraceClass H) 1 μ)) : ‖S.map A‖ ≤ 2 * ‖A‖
info: QuantumFidelity.lean:59:0: Cloning.Hybrid.HybridToQuantum.fidelity_data_processing.{u_1, u_2, u_3} {Ω : Type u_1} {H : Type u_2} {K : Type u_3}
  [MeasurableSpace Ω] {μ : MeasureTheory.Measure Ω} [NormedAddCommGroup H] [InnerProductSpace ℂ H] [CompleteSpace H]
  [NormedAddCommGroup K] [InnerProductSpace ℂ K] [CompleteSpace K] (S : Cloning.Hybrid.HybridToQuantum H K μ)
  (A B : Cloning.Hybrid.PositiveL1 H μ) : A.rootFidelity B ≤ (S.mapPositive A).rootFidelity (S.mapPositive B)
ℹ [3858/3871] Replayed CompactCPLimits
info: CompactCPLimits.lean:27:0: Cloning.InfiniteTraceClass.exists_subsequence_covariant_cp_limit_of_limsup_trace_bound.{u_1, u_2, u_3} {H : Type u_1}
  {K : Type u_2} [NormedAddCommGroup H] [InnerProductSpace ℂ H] [CompleteSpace H] [TopologicalSpace.SeparableSpace H]
  [NormedAddCommGroup K] [InnerProductSpace ℂ K] [CompleteSpace K] [TopologicalSpace.SeparableSpace K] {G : Type u_3}
  (L : ℕ → Cloning.InfiniteTraceClass.TraceClass H →L[ℂ] Cloning.InfiniteTraceClass.TraceClass K) (M c : ℝ)
  (hbound : ∀ (n : ℕ), ‖L n‖ ≤ M) (hcp : ∀ (n : ℕ), Cloning.InfiniteTraceClass.IsCompletelyPositive ↑(L n))
  (htrace :
    ∀ (A : Cloning.InfiniteTraceClass.TraceClass H),
      0 ≤ ↑A →
        Filter.limsup (fun n => (Cloning.InfiniteTraceClass.traceCLM ((L n) A)).re) Filter.atTop ≤
          c * (Cloning.InfiniteTraceClass.traceCLM A).re)
  (U : G → H →L[ℂ] H) (V : G → K →L[ℂ] K)
  (hdefect :
    ∀ (g : G) (A : Cloning.InfiniteTraceClass.TraceClass H),
      Filter.Tendsto
        (fun n =>
          ‖(L n) ((Cloning.InfiniteTraceClass.sandwichCLM (U g) (star (U g))) A) -
              (Cloning.InfiniteTraceClass.sandwichCLM (V g) (star (V g))) ((L n) A)‖)
        Filter.atTop (nhds 0)) :
  ∃ Ψ,
    Cloning.InfiniteTraceClass.IsCompletelyPositive Ψ ∧
      (∀ (A : Cloning.InfiniteTraceClass.TraceClass H),
          0 ≤ ↑A → (Cloning.InfiniteTraceClass.traceCLM (Ψ A)).re ≤ c * (Cloning.InfiniteTraceClass.traceCLM A).re) ∧
        (∀ (g : G) (A : Cloning.InfiniteTraceClass.TraceClass H),
            Ψ ((Cloning.InfiniteTraceClass.sandwichCLM (U g) (star (U g))) A) =
              (Cloning.InfiniteTraceClass.sandwichCLM (V g) (star (V g))) (Ψ A)) ∧
          ∃ φ,
            StrictMono φ ∧
              (∀ (A : Cloning.InfiniteTraceClass.TraceClass H) (x y : K),
                  Filter.Tendsto (fun n => inner ℂ x (↑((L (φ n)) A) y)) Filter.atTop (nhds (inner ℂ x (↑(Ψ A) y)))) ∧
                ∀ (A : Cloning.InfiniteTraceClass.TraceClass H) (O : K →L[ℂ] K),
                  IsCompactOperator ⇑O →
                    Filter.Tendsto (fun n => (Cloning.InfiniteTraceClass.tracePairing ((L (φ n)) A)) O) Filter.atTop
                      (nhds ((Cloning.InfiniteTraceClass.tracePairing (Ψ A)) O))
info: CompactCPLimits.lean:28:0: Cloning.InfiniteTraceClass.QuantumChannel.finiteBasisCutoff_tendstoUniformlyOn.{u_1, u_2} {H : Type u_1}
  [NormedAddCommGroup H] [InnerProductSpace ℂ H] [CompleteSpace H] {ι : Type u_2} [DecidableEq ι]
  (b : HilbertBasis ι ℂ H) (i₀ : ι) {S : Set (Cloning.InfiniteTraceClass.TraceClass H)} (hS : IsCompact S)
  (hpos : ∀ A ∈ S, 0 ≤ ↑A) :
  TendstoUniformlyOn (fun s => ⇑(Cloning.InfiniteTraceClass.QuantumChannel.finiteBasisCutoff b i₀ s).toLinearMap)
    (fun A => A) Filter.atTop S
info: CompactCPLimits.lean:29:0: Cloning.InfiniteTraceClass.QuantumChannel.average.{u_1, u_2, u_3} {H : Type u_1} {K : Type u_2} {Ω : Type u_3}
  [NormedAddCommGroup H] [InnerProductSpace ℂ H] [CompleteSpace H] [NormedAddCommGroup K] [InnerProductSpace ℂ K]
  [CompleteSpace K] [MeasurableSpace Ω] (μ : MeasureTheory.Measure Ω) [MeasureTheory.IsProbabilityMeasure μ]
  (Φ : Ω → Cloning.InfiniteTraceClass.QuantumChannel H K)
  (hmeas :
    ∀ (A : Cloning.InfiniteTraceClass.TraceClass H),
      MeasureTheory.AEStronglyMeasurable (fun x => (Φ x).toLinearMap A) μ) :
  Cloning.InfiniteTraceClass.QuantumChannel H K
info: CompactCPLimits.lean:30:0: Cloning.MultimodeCoherent.gaussianFoelnerChannel_covariance_tendsto_all {d : ℕ} (gain : ℝ)
  (Φ :
    Cloning.InfiniteTraceClass.QuantumChannel ↥(Cloning.MultimodeCoherent.Fock d) ↥(Cloning.MultimodeCoherent.Fock d))
  (b : Fin d → ℂ) (A : Cloning.InfiniteTraceClass.TraceClass ↥(Cloning.MultimodeCoherent.Fock d)) :
  Filter.Tendsto
    (fun n =>
      ‖(Cloning.MultimodeCoherent.gaussianFoelnerChannel gain Φ n).toLinearMap
            ((Cloning.MultimodeCoherent.displacementTraceMap b) A) -
          (Cloning.MultimodeCoherent.displacementTraceMap (gain • b))
            ((Cloning.MultimodeCoherent.gaussianFoelnerChannel gain Φ n).toLinearMap A)‖)
    Filter.atTop (nhds 0)
info: CompactCPLimits.lean:31:0: Cloning.MultimodeCoherent.exists_gaussianFoelner_covariant_limit {d : ℕ} (gain : ℝ)
  (Φ :
    Cloning.InfiniteTraceClass.QuantumChannel ↥(Cloning.MultimodeCoherent.Fock d) ↥(Cloning.MultimodeCoherent.Fock d)) :
  ∃ Ψ,
    Cloning.InfiniteTraceClass.IsCompletelyPositive Ψ ∧
      (∀ (A : Cloning.InfiniteTraceClass.TraceClass ↥(Cloning.MultimodeCoherent.Fock d)),
          0 ≤ ↑A → (Cloning.InfiniteTraceClass.traceCLM (Ψ A)).re ≤ (Cloning.InfiniteTraceClass.traceCLM A).re) ∧
        (∀ (b : Fin d → ℂ) (A : Cloning.InfiniteTraceClass.TraceClass ↥(Cloning.MultimodeCoherent.Fock d)),
            Ψ ((Cloning.MultimodeCoherent.displacementTraceMap b) A) =
              (Cloning.MultimodeCoherent.displacementTraceMap (gain • b)) (Ψ A)) ∧
          ∃ φ,
            StrictMono φ ∧
              (∀ (A : Cloning.InfiniteTraceClass.TraceClass ↥(Cloning.MultimodeCoherent.Fock d))
                  (x y : ↥(Cloning.MultimodeCoherent.Fock d)),
                  Filter.Tendsto
                    (fun n =>
                      inner ℂ x (↑((Cloning.MultimodeCoherent.gaussianFoelnerChannel gain Φ (φ n)).toLinearMap A) y))
                    Filter.atTop (nhds (inner ℂ x (↑(Ψ A) y)))) ∧
                ∀ (A : Cloning.InfiniteTraceClass.TraceClass ↥(Cloning.MultimodeCoherent.Fock d))
                  (O : ↥(Cloning.MultimodeCoherent.Fock d) →L[ℂ] ↥(Cloning.MultimodeCoherent.Fock d)),
                  IsCompactOperator ⇑O →
                    Filter.Tendsto
                      (fun n =>
                        (Cloning.InfiniteTraceClass.tracePairing
                            ((Cloning.MultimodeCoherent.gaussianFoelnerChannel gain Φ (φ n)).toLinearMap A))
                          O)
                      Filter.atTop (nhds ((Cloning.InfiniteTraceClass.tracePairing (Ψ A)) O))
info: CompactCPLimits.lean:32:0: Cloning.MultimodeCoherent.exists_flatBox_thermal_payoff_limit {d : ℕ} (gain : ℝ)
  (Φ :
    ℕ →
      Cloning.InfiniteTraceClass.QuantumChannel ↥(Cloning.MultimodeCoherent.Fock d) ↥(Cloning.MultimodeCoherent.Fock d))
  (A : Cloning.Hybrid.PositiveTraceClass ↥(Cloning.MultimodeCoherent.Fock d)) {q x : Fin d → ℝ}
  (hq0 : ∀ (i : Fin d), 0 < q i) (hqx : ∀ (i : Fin d), q i < x i) (hx1 : ∀ (i : Fin d), x i < 1) :
  ∃ Ψ,
    Cloning.InfiniteTraceClass.IsCompletelyPositive Ψ ∧
      (∀ (C : Cloning.InfiniteTraceClass.TraceClass ↥(Cloning.MultimodeCoherent.Fock d)),
          0 ≤ ↑C → (Cloning.InfiniteTraceClass.traceCLM (Ψ C)).re ≤ (Cloning.InfiniteTraceClass.traceCLM C).re) ∧
        (∀ (b : Fin d → ℂ) (C : Cloning.InfiniteTraceClass.TraceClass ↥(Cloning.MultimodeCoherent.Fock d)),
            Ψ ((Cloning.MultimodeCoherent.displacementTraceMap b) C) =
              (Cloning.MultimodeCoherent.displacementTraceMap (gain • b)) (Ψ C)) ∧
          ∃ φ,
            StrictMono φ ∧
              (∀ (C : Cloning.InfiniteTraceClass.TraceClass ↥(Cloning.MultimodeCoherent.Fock d))
                  (O : ↥(Cloning.MultimodeCoherent.Fock d) →L[ℂ] ↥(Cloning.MultimodeCoherent.Fock d)),
                  IsCompactOperator ⇑O →
                    Filter.Tendsto
                      (fun n =>
                        (Cloning.InfiniteTraceClass.tracePairing
                            (((Cloning.MultimodeCoherent.flatBoxDensity d).foelnerChannel gain (Φ (φ n))
                                  (φ n)).toLinearMap
                              C))
                          O)
                      Filter.atTop (nhds ((Cloning.InfiniteTraceClass.tracePairing (Ψ C)) O))) ∧
                ∀ ε > 0,
                  ∀ᶠ (n : ℕ) in Filter.atTop,
                    Cloning.MultimodeCoherent.flatBoxPayoff gain (Φ (φ n)) A
                          (Cloning.MultimodeCoherent.thermalPositive q ⋯ ⋯) (φ n) ^
                        2 ≤
                      ((Cloning.InfiniteTraceClass.tracePairing (Ψ ↑A))
                              (Cloning.ThermalWitness.productWitnessOperator
                                (Cloning.MultimodeCoherentGaussianMixture.numberBasis d) q x)).re *
                          ∏ i, Cloning.Thermal.fidelity (q i) (x i) +
                        ε
info: CompactCPLimits.lean:33:0: Cloning.MultimodeCoherent.covariant_cpTNI_zero_or_scaled_channel {d : ℕ}
  (Γ :
    Cloning.InfiniteTraceClass.TraceClass ↥(Cloning.MultimodeCoherent.Fock d) →ₗ[ℂ]
      Cloning.InfiniteTraceClass.TraceClass ↥(Cloning.MultimodeCoherent.Fock d))
  (hpos : ∀ (T : Cloning.InfiniteTraceClass.TraceClass ↥(Cloning.MultimodeCoherent.Fock d)), 0 ≤ ↑T → 0 ≤ ↑(Γ T))
  (hCP : Cloning.InfiniteTraceClass.IsCompletelyPositive Γ)
  (htrace :
    ∀ (T : Cloning.InfiniteTraceClass.TraceClass ↥(Cloning.MultimodeCoherent.Fock d)),
      0 ≤ ↑T → (Cloning.InfiniteTraceClass.traceCLM (Γ T)).re ≤ (Cloning.InfiniteTraceClass.traceCLM T).re)
  (r : ℝ)
  (hcov :
    ∀ (a : Fin d → ℂ) (T : Cloning.InfiniteTraceClass.TraceClass ↥(Cloning.MultimodeCoherent.Fock d)),
      Γ ((Cloning.MultimodeCoherent.displacementTraceMap a) T) =
        (Cloning.MultimodeCoherent.displacementTraceMap (r • a)) (Γ T)) :
  Γ = 0 ∨
    ∃ c Φ,
      0 < c ∧
        c ≤ 1 ∧
          Γ = ↑c • Φ.toLinearMap ∧
            ∀ (a : Fin d → ℂ) (T : Cloning.InfiniteTraceClass.TraceClass ↥(Cloning.MultimodeCoherent.Fock d)),
              Φ.toLinearMap ((Cloning.MultimodeCoherent.displacementTraceMap a) T) =
                (Cloning.MultimodeCoherent.displacementTraceMap (r • a)) (Φ.toLinearMap T)
info: CompactCPLimits.lean:34:0: Cloning.MultimodeCoherent.limsup_flatBox_thermal_le_modeFactor {d : ℕ} (γ : ℝ) (hγ : 1 < γ) {q : Fin d → ℝ}
  (hq0 : ∀ (i : Fin d), 0 < q i) (hq1 : ∀ (i : Fin d), q i < 1) :
  Filter.limsup
      (Cloning.MultimodeCoherent.flatBoxOptimalPayoff (√γ) (Cloning.MultimodeCoherent.thermalPositive q ⋯ hq1)
        (Cloning.MultimodeCoherent.thermalPositive q ⋯ hq1))
      Filter.atTop ≤
    ∏ i, Cloning.Thermal.modeFactor γ (q i)
info: CompactCPLimits.lean:36:0: Cloning.MultimodeCoherent.limsup_realFlatBox_thermal_le_modeFactor {d : ℕ} (γ : ℝ) (hγ : 1 < γ) {q : Fin d → ℝ}
  (hq0 : ∀ (i : Fin d), 0 < q i) (hq1 : ∀ (i : Fin d), q i < 1) :
  Filter.limsup
      (Cloning.MultimodeCoherent.realFlatBoxOptimalPayoff (√γ) (Cloning.MultimodeCoherent.thermalPositive q ⋯ hq1)
        (Cloning.MultimodeCoherent.thermalPositive q ⋯ hq1))
      Filter.atTop ≤
    ∏ i, Cloning.Thermal.modeFactor γ (q i)
info: CompactCPLimits.lean:37:0: Cloning.Hybrid.L1BlockPositive_integral.{u_1, u_4, u_5} {Ω : Type u_1} [MeasurableSpace Ω] {μ : MeasureTheory.Measure Ω}
  {H : Type u_4} [NormedAddCommGroup H] [InnerProductSpace ℂ H] [CompleteSpace H] {n : ℕ} {Ξ : Type u_5}
  [MeasurableSpace Ξ] {ν : MeasureTheory.Measure Ξ} [MeasureTheory.IsProbabilityMeasure ν]
  {A : Ξ → Fin n → Fin n → ↥(MeasureTheory.Lp (Cloning.InfiniteTraceClass.TraceClass H) 1 μ)}
  (hA : MeasureTheory.Integrable A ν) (hp : ∀ᵐ (ξ : Ξ) ∂ν, Cloning.Hybrid.L1BlockPositive (A ξ)) :
  Cloning.Hybrid.L1BlockPositive (∫ (ξ : Ξ), A ξ ∂ν)
info: CompactCPLimits.lean:38:0: Cloning.Hybrid.Channel.average.{u_1, u_2, u_3, u_4} {Ω : Type u_1} {Θ : Type u_2} {H : Type u_3} {K : Type u_4}
  [MeasurableSpace Ω] [MeasurableSpace Θ] {μ : MeasureTheory.Measure Ω} (ν : MeasureTheory.Measure Θ)
  [MeasureTheory.IsProbabilityMeasure ν] [NormedAddCommGroup H] [InnerProductSpace ℂ H] [CompleteSpace H]
  [NormedAddCommGroup K] [InnerProductSpace ℂ K] [CompleteSpace K] (Λ : Θ → Cloning.Hybrid.Channel H K μ)
  (hmeas :
    ∀ (A : ↥(MeasureTheory.Lp (Cloning.InfiniteTraceClass.TraceClass H) 1 μ)),
      MeasureTheory.AEStronglyMeasurable (fun t => (Λ t).map A) ν) :
  Cloning.Hybrid.Channel H K μ
info: CompactCPLimits.lean:39:0: Cloning.Hybrid.PhaseDensity.foelnerMap_covariance_tendsto_varying {k s : ℕ} (p : Cloning.Hybrid.PhaseDensity k s)
  (r : ℝ) (Λ : ℕ → Cloning.Hybrid.HybridChannel k s) (b : Cloning.Hybrid.PhaseSpace k s)
  (A : ↥(Cloning.Hybrid.HybridSpace k s)) :
  Filter.Tendsto
    (fun n =>
      ‖(p.foelnerMap r (Λ n) n) ((Cloning.Hybrid.hybridTranslation b) A) -
          (Cloning.Hybrid.hybridTranslation (r • b)) ((p.foelnerMap r (Λ n) n) A)‖)
    Filter.atTop (nhds 0)
info: CompactCPLimits.lean:40:0: Cloning.Hybrid.exists_gaussian_weighted_covariant_residual {k s : ℕ}
  (Λ :
    ℕ →
      ↥(MeasureTheory.Lp (Cloning.InfiniteTraceClass.TraceClass ↥(Cloning.MultimodeCoherent.Fock s)) 1
            MeasureTheory.volume) →L[ℂ]
        ↥(MeasureTheory.Lp (Cloning.InfiniteTraceClass.TraceClass ↥(Cloning.MultimodeCoherent.Fock s)) 1
            MeasureTheory.volume))
  (hΛ : ∀ (n : ℕ), Cloning.Hybrid.L1CompletelyPositive ↑(Λ n))
  (hTP : ∀ (n : ℕ), Cloning.Hybrid.L1TracePreserving ↑(Λ n)) (a : Fin k → ℝ) (ha : ∀ (i : Fin k), 0 < a i) {g : ℝ}
  (hg : 1 ≤ g)
  (hχ :
    MeasureTheory.AEStronglyMeasurable (Cloning.GaussianAffinity.productWitness a fun i => a i / g)
      MeasureTheory.volume)
  {C : ℝ} (hC : 0 ≤ C)
  (hχbound : ∀ (y : Fin k → ℝ), ‖Cloning.GaussianAffinity.productWitness a (fun i => a i / g) y‖ ≤ C)
  (b : ℕ → (Fin k → ℝ) → ℝ) (hb : ∀ (n : ℕ), MeasureTheory.AEStronglyMeasurable (b n) MeasureTheory.volume) {B : ℝ}
  (hbbound : ∀ (n : ℕ) (h : Fin k → ℝ), ‖b n h‖ ≤ B)
  (hlim : ∀ (h : Fin k → ℝ), Filter.Tendsto (fun n => b n h) Filter.atTop (nhds 0))
  (hclassical :
    ∀ (n : ℕ) (h : Fin k → ℝ)
      (R :
        ↥(MeasureTheory.Lp (Cloning.InfiniteTraceClass.TraceClass ↥(Cloning.MultimodeCoherent.Fock s)) 1
            MeasureTheory.volume)),
      ‖(Λ n) ((Cloning.Hybrid.classicalTranslation h) R) - (Cloning.Hybrid.classicalTranslation (√g • h)) ((Λ n) R)‖ ≤
        b n h * ‖R‖)
  (hquantum :
    ∀ (z : Fin s → ℂ)
      (R :
        ↥(MeasureTheory.Lp (Cloning.InfiniteTraceClass.TraceClass ↥(Cloning.MultimodeCoherent.Fock s)) 1
            MeasureTheory.volume)),
      Filter.Tendsto
        (fun n => ‖(Λ n) ((Cloning.Hybrid.quantumL1Action z) R) - (Cloning.Hybrid.quantumL1Action (√g • z)) ((Λ n) R)‖)
        Filter.atTop (nhds 0)) :
  ∃ Γ,
    Cloning.InfiniteTraceClass.IsCompletelyPositive Γ ∧
      (∀ (X : Cloning.InfiniteTraceClass.TraceClass ↥(Cloning.MultimodeCoherent.Fock s)),
          0 ≤ ↑X →
            (Cloning.InfiniteTraceClass.traceCLM (Γ X)).re ≤
              Cloning.Thermal.classicalBase g ^ (↑k / 2) * (Cloning.InfiniteTraceClass.traceCLM X).re) ∧
        (∀ (z : Fin s → ℂ) (X : Cloning.InfiniteTraceClass.TraceClass ↥(Cloning.MultimodeCoherent.Fock s)),
            Γ ((Cloning.MultimodeCoherent.displacementTraceMap z) X) =
              (Cloning.MultimodeCoherent.displacementTraceMap (√g • z)) (Γ X)) ∧
          ∃ φ,
            StrictMono φ ∧
              ∀ (X : Cloning.InfiniteTraceClass.TraceClass ↥(Cloning.MultimodeCoherent.Fock s))
                (O : ↥(Cloning.MultimodeCoherent.Fock s) →L[ℂ] ↥(Cloning.MultimodeCoherent.Fock s)),
                IsCompactOperator ⇑O →
                  Filter.Tendsto
                    (fun n =>
                      (Cloning.InfiniteTraceClass.tracePairing
                          ((Cloning.Hybrid.weightedQuantumMap (↑(Λ (φ n))) (Cloning.GaussianAffinity.productDensity a) ⋯
                              (Cloning.GaussianAffinity.productWitness a fun i => a i / g) hχ hχbound)
                            X))
                        O)
                    Filter.atTop (nhds ((Cloning.InfiniteTraceClass.tracePairing (Γ X)) O))
info: CompactCPLimits.lean:41:0: Cloning.Hybrid.eventually_gaussianThermal_output_rootFidelity_le {k s : ℕ}
  (Λ :
    ℕ →
      ↥(MeasureTheory.Lp (Cloning.InfiniteTraceClass.TraceClass ↥(Cloning.MultimodeCoherent.Fock s)) 1
            MeasureTheory.volume) →L[ℂ]
        ↥(MeasureTheory.Lp (Cloning.InfiniteTraceClass.TraceClass ↥(Cloning.MultimodeCoherent.Fock s)) 1
            MeasureTheory.volume))
  (hΛ : ∀ (n : ℕ), Cloning.Hybrid.L1CompletelyPositive ↑(Λ n))
  (hTP : ∀ (n : ℕ), Cloning.Hybrid.L1TracePreserving ↑(Λ n)) (a : Fin k → ℝ) (ha : ∀ (i : Fin k), 0 < a i) (g : ℝ)
  (hg : 1 < g) (q : Fin s → ℝ) (hq0 : ∀ (i : Fin s), 0 < q i) (hq1 : ∀ (i : Fin s), q i < 1) (b : ℕ → (Fin k → ℝ) → ℝ)
  (hb : ∀ (n : ℕ), MeasureTheory.AEStronglyMeasurable (b n) MeasureTheory.volume) {B : ℝ}
  (hbbound : ∀ (n : ℕ) (h : Fin k → ℝ), ‖b n h‖ ≤ B)
  (hlim : ∀ (h : Fin k → ℝ), Filter.Tendsto (fun n => b n h) Filter.atTop (nhds 0))
  (hclassical :
    ∀ (n : ℕ) (h : Fin k → ℝ)
      (R :
        ↥(MeasureTheory.Lp (Cloning.InfiniteTraceClass.TraceClass ↥(Cloning.MultimodeCoherent.Fock s)) 1
            MeasureTheory.volume)),
      ‖(Λ n) ((Cloning.Hybrid.classicalTranslation h) R) - (Cloning.Hybrid.classicalTranslation (√g • h)) ((Λ n) R)‖ ≤
        b n h * ‖R‖)
  (hquantum :
    ∀ (z : Fin s → ℂ)
      (R :
        ↥(MeasureTheory.Lp (Cloning.InfiniteTraceClass.TraceClass ↥(Cloning.MultimodeCoherent.Fock s)) 1
            MeasureTheory.volume)),
      Filter.Tendsto
        (fun n => ‖(Λ n) ((Cloning.Hybrid.quantumL1Action z) R) - (Cloning.Hybrid.quantumL1Action (√g • z)) ((Λ n) R)‖)
        Filter.atTop (nhds 0))
  (R : ℕ → Cloning.Hybrid.PositiveField MeasureTheory.volume)
  (hR : ∀ (n : ℕ), (R n).toL1 = (Λ n) (Cloning.Hybrid.gaussianThermalField a ha q ⋯ hq1).toL1) (ε : ℝ) :
  ε > 0 →
    ∀ᶠ (n : ℕ) in Filter.atTop,
      (R n).rootFidelity (Cloning.Hybrid.gaussianThermalField a ha q ⋯ hq1) ≤
        Cloning.Thermal.classicalBase g ^ (↑k / 2) *
            ∏ i, Cloning.Thermal.fidelity (q i) (Cloning.Thermal.amplified g (q i)) +
          ε
info: CompactCPLimits.lean:42:0: Cloning.MultimodeCoherent.limsup_realFlatBox_thermal_le_modeFactor_nonneg {d : ℕ} (g : ℝ) (hg : 1 < g) {q : Fin d → ℝ}
  (hq0 : ∀ (i : Fin d), 0 ≤ q i) (hq1 : ∀ (i : Fin d), q i < 1) :
  Filter.limsup
      (Cloning.MultimodeCoherent.realFlatBoxOptimalPayoff (√g) (Cloning.MultimodeCoherent.thermalPositive q hq0 hq1)
        (Cloning.MultimodeCoherent.thermalPositive q hq0 hq1))
      Filter.atTop ≤
    ∏ i, Cloning.Thermal.modeFactor g (q i)
info: CompactCPLimits.lean:43:0: Cloning.Hybrid.limsup_realFlatBox_gaussian_le_modeFactor_nonneg {k s : ℕ} (a : Fin k → ℝ) (ha : ∀ (i : Fin k), 0 < a i)
  (g : ℝ) (hg : 1 < g) (q : Fin s → ℝ) (hq0 : ∀ (i : Fin s), 0 ≤ q i) (hq1 : ∀ (i : Fin s), q i < 1) :
  Filter.limsup
      (Cloning.Hybrid.realFlatBoxOptimalPayoff (√g) (Cloning.Hybrid.gaussianThermalPositive a ha q hq0 hq1)
        (Cloning.Hybrid.gaussianThermalPositive a ha q hq0 hq1))
      Filter.atTop ≤
    Cloning.Thermal.classicalBase g ^ (↑k / 2) * ∏ i, Cloning.Thermal.modeFactor g (q i)
ℹ [3859/3871] Replayed LANTransfer
info: LANTransfer.lean:28:0: Cloning.InfiniteLANTransfer.fidelity_transfer.{u_1, u_2, u_3, u_4} {A : Type u_1} {B : Type u_2} {G : Type u_3}
  {H : Type u_4} [NormedAddCommGroup A] [InnerProductSpace ℂ A] [CompleteSpace A] [NormedAddCommGroup B]
  [InnerProductSpace ℂ B] [CompleteSpace B] [NormedAddCommGroup G] [InnerProductSpace ℂ G] [CompleteSpace G]
  [NormedAddCommGroup H] [InnerProductSpace ℂ H] [CompleteSpace H] (S : Cloning.InfiniteTraceClass.QuantumChannel G A)
  (M : Cloning.InfiniteTraceClass.QuantumChannel A B) (T : Cloning.InfiniteTraceClass.QuantumChannel B H)
  (ρ : Cloning.InfiniteTraceClass.DensityState A) (σ : Cloning.InfiniteTraceClass.DensityState B)
  (Φ : Cloning.InfiniteTraceClass.DensityState G) (Ψ : Cloning.InfiniteTraceClass.DensityState H) {δ η : ℝ}
  (hδ : Cloning.InfiniteFidelity.stateTraceDistance (Cloning.InfiniteLANTransfer.mapState S Φ) ρ ≤ δ)
  (hη : Cloning.InfiniteFidelity.stateTraceDistance (Cloning.InfiniteLANTransfer.mapState T σ) Ψ ≤ η) :
  Cloning.InfiniteFidelity.stateFidelity (Cloning.InfiniteLANTransfer.mapState M ρ) σ ≤
    Cloning.InfiniteFidelity.stateFidelity
          (Cloning.InfiniteLANTransfer.mapState T
            (Cloning.InfiniteLANTransfer.mapState M (Cloning.InfiniteLANTransfer.mapState S Φ)))
          Ψ +
        √δ +
      √η
info: LANTransfer.lean:29:0: Cloning.InfiniteLANTransfer.minimax_le_bayesValue.{u_1, u_2, u_3, u_4, u_5, u_6, u_7} {A : Type u_1} {B : Type u_2}
  {G : Type u_3} {H : Type u_4} [NormedAddCommGroup A] [InnerProductSpace ℂ A] [CompleteSpace A] [NormedAddCommGroup B]
  [InnerProductSpace ℂ B] [CompleteSpace B] [NormedAddCommGroup G] [InnerProductSpace ℂ G] [CompleteSpace G]
  [NormedAddCommGroup H] [InnerProductSpace ℂ H] [CompleteSpace H] {I : Type u_5} {P : Type u_6} {Θ : Type u_7}
  [Nonempty I] [MeasurableSpace Θ] (prior : MeasureTheory.Measure Θ) [MeasureTheory.IsProbabilityMeasure prior]
  (S : Cloning.InfiniteTraceClass.QuantumChannel G A) (M : I → Cloning.InfiniteTraceClass.QuantumChannel A B)
  (T : Cloning.InfiniteTraceClass.QuantumChannel B H) (ρ : P → Cloning.InfiniteTraceClass.DensityState A)
  (σ : P → Cloning.InfiniteTraceClass.DensityState B) (Φ : Θ → Cloning.InfiniteTraceClass.DensityState G)
  (Ψ : Θ → Cloning.InfiniteTraceClass.DensityState H) (localChart : Θ → P) (δ η : ℝ)
  (hδ :
    ∀ (θ : Θ),
      Cloning.InfiniteFidelity.stateTraceDistance (Cloning.InfiniteLANTransfer.mapState S (Φ θ)) (ρ (localChart θ)) ≤ δ)
  (hη :
    ∀ (θ : Θ),
      Cloning.InfiniteFidelity.stateTraceDistance (Cloning.InfiniteLANTransfer.mapState T (σ (localChart θ))) (Ψ θ) ≤ η)
  (hintegrable :
    ∀ (N : Cloning.InfiniteTraceClass.QuantumChannel G H),
      MeasureTheory.Integrable
        (fun θ => Cloning.InfiniteFidelity.stateFidelity (Cloning.InfiniteLANTransfer.mapState N (Φ θ)) (Ψ θ)) prior) :
  (Cloning.LAN.minimaxValue fun i p =>
      Cloning.InfiniteFidelity.stateFidelity (Cloning.InfiniteLANTransfer.mapState (M i) (ρ p)) (σ p)) ≤
    (Cloning.LAN.bayesValue prior fun N θ =>
        Cloning.InfiniteFidelity.stateFidelity (Cloning.InfiniteLANTransfer.mapState N (Φ θ)) (Ψ θ)) +
      (√δ + √η)
info: LANTransfer.lean:30:0: Cloning.GeneralCoherent.exists_twoWay_coherent_product_channels (s : ℕ) :
  ∃ forward reverse,
    ∀ (K : Set (Fin s → ℂ)),
      IsCompact K →
        ∀ (ε : ℝ),
          0 < ε →
            ∀ᶠ (L : ℕ) in Filter.atTop,
              ∀ z ∈ K,
                ‖(forward L).toLinearMap
                          (Cloning.InfiniteTraceClass.vectorProjector (Cloning.MultimodeCoherent.coherentVector z)) -
                        Cloning.InfiniteTraceClass.vectorProjector (Cloning.GeneralCoherent.productTensor z L)‖ <
                    ε ∧
                  ‖(reverse L).toLinearMap
                          (Cloning.InfiniteTraceClass.vectorProjector (Cloning.GeneralCoherent.productTensor z L)) -
                        Cloning.InfiniteTraceClass.vectorProjector (Cloning.MultimodeCoherent.coherentVector z)‖ <
                    ε
info: LANTransfer.lean:31:0: Cloning.Hybrid.PositiveField.integral_fidelity_le_fidelity_integral.{u_1, u_2} {Ω : Type u_1} {H : Type u_2}
  [MeasurableSpace Ω] {μ : MeasureTheory.Measure Ω} [NormedAddCommGroup H] [InnerProductSpace ℂ H] [CompleteSpace H]
  [MeasureTheory.SigmaFinite μ] (A B : Ω → Cloning.InfiniteTraceClass.TraceClass H) (hA : MeasureTheory.Integrable A μ)
  (hB : MeasureTheory.Integrable B μ) (hposA : ∀ (x : Ω), 0 ≤ ↑(A x)) (hposB : ∀ (x : Ω), 0 ≤ ↑(B x)) :
  ∫ (x : Ω), Cloning.InfiniteFidelity.fidelity ↑(A x) ↑(B x) ⋯ ⋯ ⋯ ⋯ ∂μ ≤
    Cloning.InfiniteFidelity.fidelity ↑(∫ (x : Ω), A x ∂μ) ↑(∫ (x : Ω), B x ∂μ) ⋯ ⋯ ⋯ ⋯
info: LANTransfer.lean:32:0: Cloning.MultimodeCoherent.limsup_flatBox_thermal_le_modeFactor {d : ℕ} (γ : ℝ) (hγ : 1 < γ) {q : Fin d → ℝ}
  (hq0 : ∀ (i : Fin d), 0 < q i) (hq1 : ∀ (i : Fin d), q i < 1) :
  Filter.limsup
      (Cloning.MultimodeCoherent.flatBoxOptimalPayoff (√γ) (Cloning.MultimodeCoherent.thermalPositive q ⋯ hq1)
        (Cloning.MultimodeCoherent.thermalPositive q ⋯ hq1))
      Filter.atTop ≤
    ∏ i, Cloning.Thermal.modeFactor γ (q i)
info: LANTransfer.lean:34:0: Cloning.MultimodeCoherent.limsup_realFlatBox_thermal_le_modeFactor {d : ℕ} (γ : ℝ) (hγ : 1 < γ) {q : Fin d → ℝ}
  (hq0 : ∀ (i : Fin d), 0 < q i) (hq1 : ∀ (i : Fin d), q i < 1) :
  Filter.limsup
      (Cloning.MultimodeCoherent.realFlatBoxOptimalPayoff (√γ) (Cloning.MultimodeCoherent.thermalPositive q ⋯ hq1)
        (Cloning.MultimodeCoherent.thermalPositive q ⋯ hq1))
      Filter.atTop ≤
    ∏ i, Cloning.Thermal.modeFactor γ (q i)
info: LANTransfer.lean:35:0: Cloning.Hybrid.PositiveL1.integral_rootFidelity_le.{u_1, u_2, u_3} {Ω : Type u_1} {H : Type u_2} [MeasurableSpace Ω]
  {μ : MeasureTheory.Measure Ω} [NormedAddCommGroup H] [InnerProductSpace ℂ H] [CompleteSpace H] {Ξ : Type u_3}
  [MeasurableSpace Ξ] {ν : MeasureTheory.Measure Ξ} [MeasureTheory.IsProbabilityMeasure ν]
  (A B : Ξ → Cloning.Hybrid.PositiveL1 H μ) (hA : MeasureTheory.Integrable (fun ξ => ↑(A ξ)) ν)
  (hB : MeasureTheory.Integrable (fun ξ => ↑(B ξ)) ν) (R S : Cloning.Hybrid.PositiveL1 H μ)
  (hR : ↑R = ∫ (ξ : Ξ), ↑(A ξ) ∂ν) (hS : ↑S = ∫ (ξ : Ξ), ↑(B ξ) ∂ν) :
  ∫ (ξ : Ξ), (A ξ).rootFidelity (B ξ) ∂ν ≤ R.rootFidelity S
info: LANTransfer.lean:36:0: Cloning.MultimodeCoherent.realFlatBoxOptimalPayoff_tendsto_modeFactor_nonneg {d : ℕ} (g : ℝ) (hg : 1 < g)
  {q : Fin d → ℝ} (hq0 : ∀ (i : Fin d), 0 ≤ q i) (hq1 : ∀ (i : Fin d), q i < 1) :
  Filter.Tendsto
    (Cloning.MultimodeCoherent.realFlatBoxOptimalPayoff (√g) (Cloning.MultimodeCoherent.thermalPositive q hq0 hq1)
      (Cloning.MultimodeCoherent.thermalPositive q hq0 hq1))
    Filter.atTop (nhds (∏ i, Cloning.Thermal.modeFactor g (q i)))
info: LANTransfer.lean:37:0: Cloning.Hybrid.PhaseDensity.gaussianOptimalPayoff_tendsto_modeFactor_nonneg {k s : ℕ}
  (p : Cloning.Hybrid.PhaseDensity k s) (a : Fin k → ℝ) (ha : ∀ (i : Fin k), 0 < a i) (g : ℝ) (hg : 1 < g)
  (q : Fin s → ℝ) (hq0 : ∀ (i : Fin s), 0 ≤ q i) (hq1 : ∀ (i : Fin s), q i < 1) :
  Filter.Tendsto
    (p.gaussianOptimalPayoff (√g) (Cloning.Hybrid.gaussianThermalPositive a ha q hq0 hq1)
      (Cloning.Hybrid.gaussianThermalPositive a ha q hq0 hq1))
    Filter.atTop (nhds (Cloning.Thermal.classicalBase g ^ (↑k / 2) * ∏ i, Cloning.Thermal.modeFactor g (q i)))
info: LANTransfer.lean:38:0: Cloning.Hybrid.realFlatBoxOptimalPayoff_tendsto_modeFactor_nonneg {k s : ℕ} (a : Fin k → ℝ)
  (ha : ∀ (i : Fin k), 0 < a i) (g : ℝ) (hg : 1 < g) (q : Fin s → ℝ) (hq0 : ∀ (i : Fin s), 0 ≤ q i)
  (hq1 : ∀ (i : Fin s), q i < 1) :
  Filter.Tendsto
    (Cloning.Hybrid.realFlatBoxOptimalPayoff (√g) (Cloning.Hybrid.gaussianThermalPositive a ha q hq0 hq1)
      (Cloning.Hybrid.gaussianThermalPositive a ha q hq0 hq1))
    Filter.atTop (nhds (Cloning.Thermal.classicalBase g ^ (↑k / 2) * ∏ i, Cloning.Thermal.modeFactor g (q i)))
info: LANTransfer.lean:39:0: Cloning.MixedLANTransfer.fidelity_transfer.{u_1, u_2, u_3, u_4, u_5} {Ω : Type u_1} {A : Type u_2} {B : Type u_3}
  {G : Type u_4} {H : Type u_5} [MeasurableSpace Ω] {μ : MeasureTheory.Measure Ω} [NormedAddCommGroup A]
  [InnerProductSpace ℂ A] [CompleteSpace A] [NormedAddCommGroup B] [InnerProductSpace ℂ B] [CompleteSpace B]
  [NormedAddCommGroup G] [InnerProductSpace ℂ G] [CompleteSpace G] [NormedAddCommGroup H] [InnerProductSpace ℂ H]
  [CompleteSpace H] (S : Cloning.Hybrid.HybridToQuantum G A μ) (M : Cloning.InfiniteTraceClass.QuantumChannel A B)
  (T : Cloning.Hybrid.QuantumToHybrid B H μ) (ρ : Cloning.Hybrid.PositiveTraceClass A)
  (σ : Cloning.Hybrid.PositiveTraceClass B) (Φ : Cloning.Hybrid.PositiveL1 G μ) (Ψ : Cloning.Hybrid.PositiveL1 H μ)
  (hσ : ‖↑σ‖ = 1) (hΦ : ‖↑Φ‖ = 1) {δ η : ℝ} (hδ : ‖S.map ↑Φ - ↑ρ‖ ≤ δ) (hη : ‖T.map ↑σ - ↑Ψ‖ ≤ η) :
  (Cloning.Hybrid.PositiveTraceClass.map M.toPositiveTracePreservingMap ρ).rootFidelity σ ≤
    (Cloning.Hybrid.PositiveL1.map (Cloning.MixedLANTransfer.transferred S M T) Φ).rootFidelity Ψ + √δ + √η
info: LANTransfer.lean:40:0: Cloning.MixedLANTransfer.minimax_le_bayesValue_ae.{u_1, u_2, u_3, u_4, u_5, u_6, u_7, u_8} {Ω : Type u_1} {A : Type u_2}
  {B : Type u_3} {G : Type u_4} {H : Type u_5} [MeasurableSpace Ω] {μ : MeasureTheory.Measure Ω} [NormedAddCommGroup A]
  [InnerProductSpace ℂ A] [CompleteSpace A] [NormedAddCommGroup B] [InnerProductSpace ℂ B] [CompleteSpace B]
  [NormedAddCommGroup G] [InnerProductSpace ℂ G] [CompleteSpace G] [NormedAddCommGroup H] [InnerProductSpace ℂ H]
  [CompleteSpace H] {I : Type u_6} {P : Type u_7} {Θ : Type u_8} [Nonempty I] [MeasurableSpace Θ]
  (prior : MeasureTheory.Measure Θ) [MeasureTheory.IsProbabilityMeasure prior]
  (S : Cloning.Hybrid.HybridToQuantum G A μ) (M : I → Cloning.InfiniteTraceClass.QuantumChannel A B)
  (T : Cloning.Hybrid.QuantumToHybrid B H μ) (ρ : P → Cloning.InfiniteTraceClass.DensityState A)
  (σ : P → Cloning.InfiniteTraceClass.DensityState B) (Φ : Θ → Cloning.Hybrid.PositiveL1 G μ)
  (Ψ : Θ → Cloning.Hybrid.PositiveL1 H μ) (hΦ : ∀ (θ : Θ), ‖↑(Φ θ)‖ = 1) (hΨ : ∀ (θ : Θ), ‖↑(Ψ θ)‖ = 1)
  (localChart : Θ → P) (δ η : ℝ)
  (hδ : ∀ᵐ (θ : Θ) ∂prior, ‖S.map ↑(Φ θ) - ↑(Cloning.MixedLANTransfer.statePositive (ρ (localChart θ)))‖ ≤ δ)
  (hη : ∀ᵐ (θ : Θ) ∂prior, ‖T.map ↑(Cloning.MixedLANTransfer.statePositive (σ (localChart θ))) - ↑(Ψ θ)‖ ≤ η)
  (hintegrable :
    ∀ (N : Cloning.Hybrid.Channel G H μ),
      MeasureTheory.Integrable (fun θ => (Cloning.Hybrid.PositiveL1.map N (Φ θ)).rootFidelity (Ψ θ)) prior) :
  (Cloning.LAN.minimaxValue fun i p => Cloning.InfiniteFidelity.stateFidelity ((M i).mapState (ρ p)) (σ p)) ≤
    (Cloning.LAN.bayesValue prior fun N θ => (Cloning.Hybrid.PositiveL1.map N (Φ θ)).rootFidelity (Ψ θ)) + (√δ + √η)
info: LANTransfer.lean:41:0: Cloning.MixedLANTransfer.limsup_minimax_le_modeFactor_of_mixed_approximation.{u_3, u_4, u_5, u_6} {k s : ℕ}
  {Q : ℕ → Type u_3} {R : ℕ → Type u_4} [(n : ℕ) → NormedAddCommGroup (Q n)] [(n : ℕ) → InnerProductSpace ℂ (Q n)]
  [∀ (n : ℕ), CompleteSpace (Q n)] [(n : ℕ) → NormedAddCommGroup (R n)] [(n : ℕ) → InnerProductSpace ℂ (R n)]
  [∀ (n : ℕ), CompleteSpace (R n)] {I : ℕ → Type u_5} [∀ (n : ℕ), Nonempty (I n)] {P : Type u_6} [Nonempty P]
  (p : Cloning.Hybrid.PhaseDensity k s) (a : Fin k → ℝ) (ha : ∀ (i : Fin k), 0 < a i) (g : ℝ) (hg : 1 < g)
  (q : Fin s → ℝ) (hq0 : ∀ (i : Fin s), 0 ≤ q i) (hq1 : ∀ (i : Fin s), q i < 1)
  (S : (n : ℕ) → Cloning.Hybrid.HybridToQuantum (↥(Cloning.MultimodeCoherent.Fock s)) (Q n) MeasureTheory.volume)
  (M : (n : ℕ) → I n → Cloning.InfiniteTraceClass.QuantumChannel (Q n) (R n))
  (T : (n : ℕ) → Cloning.Hybrid.QuantumToHybrid (R n) (↥(Cloning.MultimodeCoherent.Fock s)) MeasureTheory.volume)
  (ρ : (n : ℕ) → P → Cloning.InfiniteTraceClass.DensityState (Q n))
  (σ : (n : ℕ) → P → Cloning.InfiniteTraceClass.DensityState (R n)) (localChart : ℕ → Cloning.Hybrid.PhaseSpace k s → P)
  (δ η : ℕ → ℕ → ℝ)
  (hδ :
    ∀ (L : ℕ),
      ∀ᶠ (n : ℕ) in Filter.atTop,
        ∀ᵐ (ξ : Cloning.Hybrid.PhaseSpace k s) ∂p.expandingPrior L,
          ‖(S n).map ↑(Cloning.Hybrid.translatedPositive ξ (Cloning.Hybrid.gaussianThermalPositive a ha q hq0 hq1)) -
                ↑(Cloning.MixedLANTransfer.statePositive (ρ n (localChart n ξ)))‖ ≤
            δ L n)
  (hη :
    ∀ (L : ℕ),
      ∀ᶠ (n : ℕ) in Filter.atTop,
        ∀ᵐ (ξ : Cloning.Hybrid.PhaseSpace k s) ∂p.expandingPrior L,
          ‖(T n).map ↑(Cloning.MixedLANTransfer.statePositive (σ n (localChart n ξ))) -
                ↑(Cloning.Hybrid.translatedPositive (√g • ξ) (Cloning.Hybrid.gaussianThermalPositive a ha q hq0 hq1))‖ ≤
            η L n)
  (hδlim : ∀ (L : ℕ), Filter.Tendsto (δ L) Filter.atTop (nhds 0))
  (hηlim : ∀ (L : ℕ), Filter.Tendsto (η L) Filter.atTop (nhds 0)) :
  Filter.limsup
      (fun n =>
        Cloning.LAN.minimaxValue fun i u => Cloning.InfiniteFidelity.stateFidelity ((M n i).mapState (ρ n u)) (σ n u))
      Filter.atTop ≤
    Cloning.Thermal.classicalBase g ^ (↑k / 2) * ∏ i, Cloning.Thermal.modeFactor g (q i)
ℹ [3860/3871] Replayed ConditionalCloningTheorems
info: ConditionalCloningTheorems.lean:30:0: Cloning.known_spectrum_optimum_of_bounds.{u_1, u_2} {d : ℕ} {g : ℝ} (p : Cloning.SimpleSpectrum d) {I : ℕ → Type u_1}
  {Orbit : Type u_2} [Nonempty Orbit] (payoff : (n : ℕ) → I n → Orbit → ℝ) (candidate : (n : ℕ) → I n) (a b : ℕ → ℝ)
  (error : ℕ → ℕ → ℝ) (hzero : ∀ (n : ℕ) (i : I n) (u : Orbit), 0 ≤ payoff n i u)
  (hone : ∀ (n : ℕ) (i : I n) (u : Orbit), payoff n i u ≤ 1)
  (hcandidate : ∀ (n : ℕ) (u : Orbit), a n ≤ payoff n (candidate n) u)
  (ha : Filter.Tendsto a Filter.atTop (nhds (Cloning.orbitalValue g p)))
  (hupper : ∀ (L : ℕ), ∀ᶠ (n : ℕ) in Filter.atTop, Cloning.LAN.minimaxValue (payoff n) ≤ b L + error L n)
  (herror : ∀ (L : ℕ), Filter.Tendsto (error L) Filter.atTop (nhds 0))
  (hb : Filter.Tendsto b Filter.atTop (nhds (Cloning.orbitalValue g p))) :
  Filter.Tendsto (fun n => Cloning.LAN.minimaxValue (payoff n)) Filter.atTop (nhds (Cloning.orbitalValue g p))
info: ConditionalCloningTheorems.lean:31:0: Cloning.unknown_spectrum_optimum_of_bounds.{u_1, u_2} {d : ℕ} {g : ℝ} (hg : 1 < g) {I : ℕ → Type u_1} {P : Type u_2}
  [Nonempty P] (spectrum : P → Cloning.SimpleSpectrum d) (payoff : (n : ℕ) → I n → P → ℝ) (candidate : (n : ℕ) → I n)
  (δ b : ℕ → ℝ) (error : ℕ → ℕ → ℝ) (hzero : ∀ (n : ℕ) (i : I n) (p : P), 0 ≤ payoff n i p)
  (hone : ∀ (n : ℕ) (i : I n) (p : P), payoff n i p ≤ 1)
  (hcandidate : ∀ (n : ℕ) (p : P), |payoff n (candidate n) p - Cloning.universalValue g (spectrum p)| ≤ δ n)
  (hδ : Filter.Tendsto δ Filter.atTop (nhds 0))
  (hupper : ∀ (L : ℕ), ∀ᶠ (n : ℕ) in Filter.atTop, Cloning.LAN.minimaxValue (payoff n) ≤ b L + error L n)
  (herror : ∀ (L : ℕ), Filter.Tendsto (error L) Filter.atTop (nhds 0))
  (hb : Filter.Tendsto b Filter.atTop (nhds (⨅ p, Cloning.universalValue g (spectrum p)))) :
  Filter.Tendsto (fun n => Cloning.LAN.minimaxValue (payoff n)) Filter.atTop
    (nhds (⨅ p, Cloning.universalValue g (spectrum p)))
info: ConditionalCloningTheorems.lean:32:0: Cloning.pctValue_lt_universalValue {d : ℕ} (hd : 2 ≤ d) {g : ℝ} (hg : 1 < g) (p : Cloning.SimpleSpectrum d) :
  Cloning.pctValue g p < Cloning.universalValue g p
info: ConditionalCloningTheorems.lean:33:0: Cloning.PCT.exists_pct_product_mixture.{u_2, u_3, u_4} {A : Type u_2} {B : Type u_3} [Fintype A] [Fintype B]
  [DecidableEq A] [DecidableEq B] {s : ℕ} (hs : 1 ≤ s) (hcard : Fintype.card (A × B) = s + 1)
  (ψ : ↥(Cloning.PCT.Register (A × B))) (hψ : ‖ψ‖ = 1) {Ω : Type u_4} [MeasurableSpace Ω] (μ : MeasureTheory.Measure Ω)
  [MeasureTheory.IsProbabilityMeasure μ] (W : Ω → ↥(Cloning.PCT.Register B) →ₗᵢ[ℂ] ↥(Cloning.PCT.Register B))
  (m : ℕ → ℕ) (hm : ∀ (n : ℕ), n ≤ m n) {γ : ℝ} (hγ : 1 < γ)
  (h : Filter.Tendsto (fun n => ↑(m n) / ↑n) Filter.atTop (nhds γ)) :
  ∃ u,
    u 0 = ψ ∧
      Filter.Tendsto
        (fun n =>
          ‖Cloning.PCT.randomizedPurificationOutput hcard ψ hψ μ W
                (Cloning.GeneralSymmetricOccupation.inputSlots n (m n) ⋯) -
              ∫ (z : Fin s → ℂ),
                Cloning.PCT.matrixTensorPower
                  (Cloning.PCT.reducedDensityMatrix (Cloning.PCT.frameParticle (⇑u) z (m n)))
                  (m n) ∂Cloning.MultimodeCoherentGaussianMixture.gaussianProductMeasure fun x => γ - 1‖)
        Filter.atTop (nhds 0)
info: ConditionalCloningTheorems.lean:34:0: Cloning.MultimodeCoherent.limsup_flatBox_thermal_le_modeFactor {d : ℕ} (γ : ℝ) (hγ : 1 < γ) {q : Fin d → ℝ}
  (hq0 : ∀ (i : Fin d), 0 < q i) (hq1 : ∀ (i : Fin d), q i < 1) :
  Filter.limsup
      (Cloning.MultimodeCoherent.flatBoxOptimalPayoff (√γ) (Cloning.MultimodeCoherent.thermalPositive q ⋯ hq1)
        (Cloning.MultimodeCoherent.thermalPositive q ⋯ hq1))
      Filter.atTop ≤
    ∏ i, Cloning.Thermal.modeFactor γ (q i)
info: ConditionalCloningTheorems.lean:36:0: Cloning.MultimodeCoherent.limsup_realFlatBox_thermal_le_modeFactor {d : ℕ} (γ : ℝ) (hγ : 1 < γ) {q : Fin d → ℝ}
  (hq0 : ∀ (i : Fin d), 0 < q i) (hq1 : ∀ (i : Fin d), q i < 1) :
  Filter.limsup
      (Cloning.MultimodeCoherent.realFlatBoxOptimalPayoff (√γ) (Cloning.MultimodeCoherent.thermalPositive q ⋯ hq1)
        (Cloning.MultimodeCoherent.thermalPositive q ⋯ hq1))
      Filter.atTop ≤
    ∏ i, Cloning.Thermal.modeFactor γ (q i)
info: ConditionalCloningTheorems.lean:37:0: Cloning.MultimodeCoherent.realFlatBoxOptimalPayoff_tendsto_modeFactor_nonneg {d : ℕ} (g : ℝ) (hg : 1 < g)
  {q : Fin d → ℝ} (hq0 : ∀ (i : Fin d), 0 ≤ q i) (hq1 : ∀ (i : Fin d), q i < 1) :
  Filter.Tendsto
    (Cloning.MultimodeCoherent.realFlatBoxOptimalPayoff (√g) (Cloning.MultimodeCoherent.thermalPositive q hq0 hq1)
      (Cloning.MultimodeCoherent.thermalPositive q hq0 hq1))
    Filter.atTop (nhds (∏ i, Cloning.Thermal.modeFactor g (q i)))
info: ConditionalCloningTheorems.lean:38:0: Cloning.Hybrid.PhaseDensity.gaussianOptimalPayoff_tendsto_modeFactor_nonneg {k s : ℕ}
  (p : Cloning.Hybrid.PhaseDensity k s) (a : Fin k → ℝ) (ha : ∀ (i : Fin k), 0 < a i) (g : ℝ) (hg : 1 < g)
  (q : Fin s → ℝ) (hq0 : ∀ (i : Fin s), 0 ≤ q i) (hq1 : ∀ (i : Fin s), q i < 1) :
  Filter.Tendsto
    (p.gaussianOptimalPayoff (√g) (Cloning.Hybrid.gaussianThermalPositive a ha q hq0 hq1)
      (Cloning.Hybrid.gaussianThermalPositive a ha q hq0 hq1))
    Filter.atTop (nhds (Cloning.Thermal.classicalBase g ^ (↑k / 2) * ∏ i, Cloning.Thermal.modeFactor g (q i)))
info: ConditionalCloningTheorems.lean:39:0: Cloning.Hybrid.realFlatBoxOptimalPayoff_tendsto_modeFactor_nonneg {k s : ℕ} (a : Fin k → ℝ)
  (ha : ∀ (i : Fin k), 0 < a i) (g : ℝ) (hg : 1 < g) (q : Fin s → ℝ) (hq0 : ∀ (i : Fin s), 0 ≤ q i)
  (hq1 : ∀ (i : Fin s), q i < 1) :
  Filter.Tendsto
    (Cloning.Hybrid.realFlatBoxOptimalPayoff (√g) (Cloning.Hybrid.gaussianThermalPositive a ha q hq0 hq1)
      (Cloning.Hybrid.gaussianThermalPositive a ha q hq0 hq1))
    Filter.atTop (nhds (Cloning.Thermal.classicalBase g ^ (↑k / 2) * ∏ i, Cloning.Thermal.modeFactor g (q i)))
info: ConditionalCloningTheorems.lean:40:0: Cloning.PCTPurificationChannel.haarPurificationChannel_tensorPower.{u_1} {A : Type u_1} [Fintype A] [DecidableEq A]
  [Nonempty A] (n : ℕ) (ρ : Matrix A A ℂ) (hρ : ρ.PosSemidef) :
  (Cloning.PCTPurificationChannel.haarPurificationChannel n).toFun (Cloning.PCTPurificationChannel.tensorPower n ρ) =
    ∫ (U : ↥(unitary (Matrix A A ℂ))),
      Cloning.PCTPurificationChannel.entangledMoment n
        (Cloning.PCTPurificationChannel.purificationCoefficients ρ U) ∂Cloning.PCTPurificationChannel.unitaryHaar
info: ConditionalCloningTheorems.lean:41:0: Cloning.PCTPurificationChannel.physical_pct_gaussian_product_mixture.{u_1} {A : Type u_1} [Fintype A] [DecidableEq A]
  [Nonempty A] {s : ℕ} (hs : 1 ≤ s) (hcard : Fintype.card (A × A) = s + 1) (ρ : Cloning.MatrixFidelity.State A)
  (r : ℕ → ℕ) {γ : ℝ} (hγ : 1 < γ) (h : Filter.Tendsto (fun n => ↑(n + r n) / ↑n) Filter.atTop (nhds γ)) :
  ∃ u,
    u 0 = Cloning.PCTPurificationChannel.canonicalPurification ρ.matrix ∧
      Filter.Tendsto
        (fun n =>
          ‖(Cloning.PCTPurificationChannel.physicalCloneTraceCLM n (r n) s)
                ((Cloning.PCTPurificationChannel.haarPurificationChannel n).toFun
                  (Cloning.PCTPurificationChannel.tensorPower n ρ.matrix)) -
              ∫ (z : Fin s → ℂ),
                Cloning.PCT.matrixTensorPower
                  (Cloning.PCT.reducedDensityMatrix (Cloning.PCT.frameParticle (⇑u) z (n + r n)))
                  (n + r n) ∂Cloning.MultimodeCoherentGaussianMixture.gaussianProductMeasure fun x => γ - 1‖)
        Filter.atTop (nhds 0)
info: ConditionalCloningTheorems.lean:42:0: Cloning.PCTGlobal.channel_matrix_apply.{u_1} {A : Type u_1} [Fintype A] [DecidableEq A] [Nonempty A] {s : ℕ}
  (hcard : Fintype.card (A × A) = s + 1) (n r : ℕ) (X : Matrix (Fin n → A) (Fin n → A) ℂ) :
  (Cloning.PCTGlobal.channel hcard n r).toLinearMap (Cloning.PCTPurificationChannel.registerLiftCLM X) =
    (Cloning.PCTPurificationChannel.physicalCloneTraceCLM n r s)
      ((Cloning.PCTPurificationChannel.haarPurificationChannel n).toFun X)
info: ConditionalCloningTheorems.lean:43:0: Cloning.PCTGlobal.channel_gaussian_product_mixture.{u_1} {A : Type u_1} [Fintype A] [DecidableEq A] [Nonempty A] {s : ℕ}
  (hs : 1 ≤ s) (hcard : Fintype.card (A × A) = s + 1) (ρ : Cloning.MatrixFidelity.State A) (r : ℕ → ℕ) {γ : ℝ}
  (hγ : 1 < γ) (h : Filter.Tendsto (fun n => ↑(n + r n) / ↑n) Filter.atTop (nhds γ)) :
  ∃ u,
    u 0 = Cloning.PCTPurificationChannel.canonicalPurification ρ.matrix ∧
      Filter.Tendsto
        (fun n =>
          ‖(Cloning.PCTGlobal.channel hcard n (r n)).toLinearMap
                (Cloning.PCTPurificationChannel.registerLiftCLM
                  (Cloning.PCTPurificationChannel.tensorPower n ρ.matrix)) -
              ∫ (z : Fin s → ℂ),
                Cloning.PCT.matrixTensorPower
                  (Cloning.PCT.reducedDensityMatrix (Cloning.PCT.frameParticle (⇑u) z (n + r n)))
                  (n + r n) ∂Cloning.MultimodeCoherentGaussianMixture.gaussianProductMeasure fun x => γ - 1‖)
        Filter.atTop (nhds 0)
info: ConditionalCloningTheorems.lean:44:0: Cloning.PCTGaussianCovariance.jointCoordinate_characteristic.{u_1} {A : Type u_1} [Fintype A] [LinearOrder A] {s : ℕ}
  (u : OrthonormalBasis (Fin (s + 1)) ℂ ↥(Cloning.PCT.Register (A × A))) (p : A → ℝ) (hp : ∀ (a : A), 0 ≤ p a)
  (hu : u 0 = Cloning.PCTReducedGaussian.coefficientVector (Cloning.PCTReducedGaussian.schmidtCoefficients p))
  (hgap : ∀ (i j : A), i < j → 0 < p i - p j) {v : ℝ} (hv : 0 < v) (t : A → ℝ)
  (ξ : Cloning.PCTGaussianCovariance.OrbitalPair A → ℂ) :
  (∫ (z : Fin s → ℂ),
      Complex.exp
        (Complex.I *
            ↑(∑ a,
                t a *
                  Cloning.PCTGaussianCovariance.classicalCoordinate p
                    (Cloning.PCTGaussianCovariance.frameTangentMatrix (⇑u) z) a) +
          ∑ ij,
            (ξ ij *
                star
                  (Cloning.PCTGaussianCovariance.orbitalCoordinate p
                    (Cloning.PCTGaussianCovariance.frameTangentMatrix (⇑u) z) (↑ij).1 (↑ij).2) -
              star (ξ ij) *
                Cloning.PCTGaussianCovariance.orbitalCoordinate p
                  (Cloning.PCTGaussianCovariance.frameTangentMatrix (⇑u) z) (↑ij).1
                  (↑ij).2)) ∂Cloning.MultimodeCoherentGaussianMixture.gaussianProductMeasure fun x => v) =
    Complex.exp
      (-↑(v * (∑ a, p a * t a ^ 2 - (∑ a, p a * t a) ^ 2) +
            ∑ ij, v * (p (↑ij).1 + p (↑ij).2) / (p (↑ij).1 - p (↑ij).2) * ‖ξ ij‖ ^ 2))
ℹ [3866/3871] Replayed ProjectorBounds
info: ProjectorBounds.lean:20:0: Cloning.MatrixFidelity.finite_kraus_projector_converse.{u_2, u_3, u_5, u_6} {κ : Type u_2} {α : Type u_3} [Fintype κ]
  [Fintype α] {ι : Type u_5} [Fintype ι] [DecidableEq ι] {d : ι → Type u_6} [(i : ι) → Fintype (d i)]
  [(i : ι) → DecidableEq (d i)] [DecidableEq α] (K : κ → Matrix (Sigma d) α ℂ) (X B : Matrix α α ℂ)
  (P : (i : ι) → Matrix (d i) (d i) ℂ) (z q D s : ι → ℝ) (hK : ∑ k, (K k).conjTranspose * K k = 1) (hXB : X ≤ B)
  (hP : ∀ (i : ι), (P i).PosSemidef) (hPP : ∀ (i : ι), P i * P i = P i) (hz : ∀ (i : ι), 0 ≤ z i)
  (hq : ∀ (i : ι), 0 ≤ q i) (hD : ∀ (i : ι), 0 < D i) (hs : ∀ (i : ι), 0 < s i)
  (hdim : ∀ (i : ι), D i = ↑(Fintype.card (d i))) (htrace : ∀ (i : ι), (P i).trace.re = s i)
  (hinvariant : Cloning.Channels.krausMap K B = Matrix.blockDiagonal' fun i => (z i / D i) • 1) :
  Cloning.MatrixFidelity.fidelity (Cloning.Channels.krausMap K X) (Matrix.blockDiagonal' fun i => (q i / s i) • P i) ≤
    √(B.trace.re * ∑ i, q i / (D i / s i))
info: ProjectorBounds.lean:21:0: Cloning.YoungDimensionRatio.projector_sector_factor_tendsto (r k : ℕ) (hr : 0 < r) (rowIn rowOut : ℕ → Fin r → ℝ)
  (N M δ ε : ℕ → ℝ) (γ : ℝ) (hNpos : ∀ (n : ℕ), 0 < N n) (hMpos : ∀ (n : ℕ), 0 < M n)
  (hN : Filter.Tendsto N Filter.atTop Filter.atTop) (hγ : 0 < γ)
  (hratio : Filter.Tendsto (fun n => M n / N n) Filter.atTop (nhds γ)) (hδ : Filter.Tendsto δ Filter.atTop (nhds 0))
  (hε : Filter.Tendsto ε Filter.atTop (nhds 0)) (hcloseIn : ∀ (n : ℕ) (i : Fin r), |rowIn n i / N n - 1 / ↑r| ≤ δ n)
  (hcloseOut : ∀ (n : ℕ) (i : Fin r), |rowOut n i / M n - 1 / ↑r| ≤ ε n)
  (hout : ∀ (n : ℕ) (i : Fin r), 0 ≤ rowOut n i) :
  Filter.Tendsto
    (fun n =>
      √(Cloning.YoungDimensionRatio.dimensionRatio r k (rowIn n) /
          Cloning.YoungDimensionRatio.dimensionRatio r k (rowOut n)))
    Filter.atTop (nhds (γ ^ (-↑(r * k) / 2)))
info: ProjectorBounds.lean:22:0: Cloning.YoungGeneral.dimension_moments_tendsto_one (r k : ℕ) (hr : 0 < r)
  (P : (N : ℕ) → PMF (Cloning.YoungGeneral.Shape r N))
  (hformula :
    ∀ (N : ℕ) (μ : Cloning.YoungGeneral.Shape r N),
      ((P N) μ).toReal = Cloning.YoungGeneral.youngWeight N (Cloning.YoungGeneral.flatSpectrum r) fun i => ↑(μ i)) :
  Filter.Tendsto (fun N => ∑ μ, ((P N) μ).toReal * Cloning.YoungGeneral.normalizedDimension r k N μ) Filter.atTop
      (nhds 1) ∧
    Filter.Tendsto (fun N => ∑ μ, ((P N) μ).toReal * Cloning.YoungGeneral.inverseNormalizedDimension r k N μ)
      Filter.atTop (nhds 1)
info: ProjectorBounds.lean:23:0: Cloning.YoungGeneral.totalTableauMass_eq_one {d : ℕ} (N : ℕ) (p : Fin d → ℝ) (hs : ∑ i, p i = 1) :
  Cloning.YoungGeneral.totalTableauMass d N p = 1
info: ProjectorBounds.lean:24:0: Cloning.YoungGeneral.flatTableauPMF (r N : ℕ) (hr : 0 < r) : PMF (Cloning.YoungGeneral.Shape r N)
info: ProjectorBounds.lean:25:0: Cloning.YoungGeneral.flatTableauPMF_dimension_moments (r k : ℕ) (hr : 0 < r) :
  Filter.Tendsto
      (fun N =>
        ∑ μ, ((Cloning.YoungGeneral.flatTableauPMF r N hr) μ).toReal * Cloning.YoungGeneral.normalizedDimension r k N μ)
      Filter.atTop (nhds 1) ∧
    Filter.Tendsto
      (fun N =>
        ∑ μ,
          ((Cloning.YoungGeneral.flatTableauPMF r N hr) μ).toReal *
            Cloning.YoungGeneral.inverseNormalizedDimension r k N μ)
      Filter.atTop (nhds 1)
ℹ [3867/3871] Replayed ClassicalRounding
info: ClassicalRounding.lean:27:0: Cloning.YoungRounding.roundedDensity_l1_of_local_limit.{u_1} {ι : Type u_1} [Fintype ι] (h γ : ℕ → ℝ) (a : ℕ → ι → ℝ)
  (p : ℕ → PMF (ι → ℤ)) (hh : ∀ (n : ℕ), 0 < h n) (hγ : ∀ (n : ℕ), 0 < γ n)
  (hlim : Filter.Tendsto h Filter.atTop (nhds 0)) {g : (ι → ℝ) → ℝ}
  (hg : MeasureTheory.Integrable g MeasureTheory.volume) (hg0 : ∀ (x : ι → ℝ), 0 ≤ g x) (hgc : Continuous g)
  (hgmass : ∫ (x : ι → ℝ), g x = 1)
  (hlocal :
    ∀ (k δ : ℝ),
      0 < δ →
        ∀ᶠ (n : ℕ) in Filter.atTop,
          ∀ x ∈ Metric.closedBall 0 k, |Cloning.YoungRounding.preRoundedDensity (h n) (a n) (γ n) (p n) x - g x| ≤ δ)
  (ε : ℝ) :
  0 < ε →
    ∀ᶠ (n : ℕ) in Filter.atTop,
      ∫ (x : ι → ℝ), |Cloning.YoungRounding.roundedDensity (h n) (a n) (γ n) (p n) x - g x| < ε
info: ClassicalRounding.lean:28:0: Cloning.YoungCompatibility.eventually_fallback_error_bounds {d : ℕ} (hd : 1 ≤ d) (K : Set (Fin (d + 1) → ℝ))
  (hK : IsCompact K) (hpos : ∀ p ∈ K, ∀ (i : Fin (d + 1)), 0 < p i) (hanti : ∀ p ∈ K, StrictAnti p) (m : ℕ → ℤ)
  (γn ε : ℕ → ℝ) (γ : ℝ) (hγ : 1 < γ) (hγn : Filter.Tendsto γn Filter.atTop (nhds γ))
  (hε : Filter.Tendsto ε Filter.atTop (nhds 0)) (hm : ∀ (n : ℕ), ↑(m n) = γn n * ↑n) :
  ∀ᶠ (n : ℕ) in Filter.atTop,
    ∀ p ∈ K,
      ∀ (P Q : PMF (Fin (d + 1) → ℤ)),
        Cloning.CountableScheffe.l1Distance
              (Cloning.YoungCompatibility.probability
                (P.bind (Cloning.YoungCompatibility.fallbackKernel (γn n) (↑n) (m n))))
              (Cloning.YoungCompatibility.probability (P.bind (Cloning.YoungCompatibility.rawKernel (γn n) (m n)))) ≤
            2 * Cloning.YoungCompatibility.badMass P (Cloning.YoungCompatibility.Typical (↑n) p (ε n)) ∧
          |Cloning.CountableScheffe.affinity
                  (Cloning.YoungCompatibility.probability
                    (P.bind (Cloning.YoungCompatibility.fallbackKernel (γn n) (↑n) (m n))))
                  (Cloning.YoungCompatibility.probability Q) -
                Cloning.CountableScheffe.affinity
                  (Cloning.YoungCompatibility.probability (P.bind (Cloning.YoungCompatibility.rawKernel (γn n) (m n))))
                  (Cloning.YoungCompatibility.probability Q)| ≤
            √(2 * Cloning.YoungCompatibility.badMass P (Cloning.YoungCompatibility.Typical (↑n) p (ε n)))
info: ClassicalRounding.lean:29:0: Cloning.YoungCompatibility.fallback_errors_tendsto_zero {d : ℕ} (hd : 1 ≤ d) (K : Set (Fin (d + 1) → ℝ))
  (hK : IsCompact K) (hpos : ∀ p ∈ K, ∀ (i : Fin (d + 1)), 0 < p i) (hanti : ∀ p ∈ K, StrictAnti p) (m : ℕ → ℤ)
  (γn ε : ℕ → ℝ) (γ : ℝ) (hγ : 1 < γ) (hγn : Filter.Tendsto γn Filter.atTop (nhds γ))
  (hε : Filter.Tendsto ε Filter.atTop (nhds 0)) (hm : ∀ (n : ℕ), ↑(m n) = γn n * ↑n) (p : ℕ → Fin (d + 1) → ℝ)
  (hp : ∀ (n : ℕ), p n ∈ K) (P Q : ℕ → PMF (Fin (d + 1) → ℤ))
  (hbad :
    Filter.Tendsto
      (fun n => Cloning.YoungCompatibility.badMass (P n) (Cloning.YoungCompatibility.Typical (↑n) (p n) (ε n)))
      Filter.atTop (nhds 0)) :
  Filter.Tendsto
      (fun n =>
        Cloning.CountableScheffe.l1Distance
          (Cloning.YoungCompatibility.probability
            ((P n).bind (Cloning.YoungCompatibility.fallbackKernel (γn n) (↑n) (m n))))
          (Cloning.YoungCompatibility.probability ((P n).bind (Cloning.YoungCompatibility.rawKernel (γn n) (m n)))))
      Filter.atTop (nhds 0) ∧
    Filter.Tendsto
      (fun n =>
        |Cloning.CountableScheffe.affinity
              (Cloning.YoungCompatibility.probability
                ((P n).bind (Cloning.YoungCompatibility.fallbackKernel (γn n) (↑n) (m n))))
              (Cloning.YoungCompatibility.probability (Q n)) -
            Cloning.CountableScheffe.affinity
              (Cloning.YoungCompatibility.probability ((P n).bind (Cloning.YoungCompatibility.rawKernel (γn n) (m n))))
              (Cloning.YoungCompatibility.probability (Q n))|)
      Filter.atTop (nhds 0)
info: ClassicalRounding.lean:30:0: Cloning.YoungHyperplane.volume_eq_sqrt_smul_coordinateMeasure (d : ℕ) :
  MeasureTheory.volume = ENNReal.ofReal √(↑d + 1) • Cloning.YoungHyperplane.coordinateMeasure d
info: ClassicalRounding.lean:31:0: Cloning.YoungHyperplane.sampleInterpolate_l1_isometry (d : ℕ) (N : ℤ) (hN : 0 < ↑N) (p : Fin (d + 1) → ℝ)
  (P Q : Cloning.YoungHyperplane.Lattice d N → ℝ) (hP : Summable P) (hQ : Summable Q) :
  ∫ (x : ↥(Cloning.YoungHyperplane.rootSpace d)),
      |Cloning.YoungHyperplane.sampleInterpolate d N p P x - Cloning.YoungHyperplane.sampleInterpolate d N p Q x| =
    ∑' (μ : Cloning.YoungHyperplane.Lattice d N), |P μ - Q μ|
info: ClassicalRounding.lean:32:0: Cloning.YoungHyperplane.rootCovariance_det (d : ℕ) (p : Fin (d + 1) → ℝ) (hp : ∑ i, p i = 1) :
  LinearMap.det (Cloning.YoungHyperplane.rootCovariance d p) = (↑d + 1) * ∏ i, p i
info: ClassicalRounding.lean:33:0: Cloning.YoungHyperplane.rootCovarianceEquiv_inverse_quadratic (d : ℕ) (p : Fin (d + 1) → ℝ) (hp : ∑ i, p i = 1)
  (hp0 : ∀ (i : Fin (d + 1)), p i ≠ 0) (x : ↥(Cloning.YoungHyperplane.rootSpace d)) :
  inner ℝ x ((Cloning.YoungHyperplane.rootCovarianceEquiv d p hp hp0).symm x) = ∑ i, (↑x).ofLp i ^ 2 / p i
info: ClassicalRounding.lean:34:0: Cloning.YoungTwoRow.meanDimensionRatio_relative_isBigO (k : ℕ) :
  (fun N =>
      Cloning.YoungTwoRow.meanDimensionRatio k N / (Cloning.YoungDimensionRatio.leadingConstant 2 k * ↑N ^ (2 * k)) -
        1) =O[Filter.atTop]
    fun N => 1 / ↑N
info: ClassicalRounding.lean:35:0: Cloning.YoungTwoRow.meanInverseDimensionRatio_relative_isBigO (k : ℕ) :
  (fun N =>
      Cloning.YoungDimensionRatio.leadingConstant 2 k * ↑N ^ (2 * k) *
          Cloning.YoungTwoRow.meanInverseDimensionRatio k N -
        1) =O[Filter.atTop]
    fun N => 1 / ↑N
info: ClassicalRounding.lean:36:0: Cloning.YoungGeneral.atypicalMass_le {d : ℕ} (N : ℕ) (p : Fin d → ℝ) (hp : ∀ (i : Fin d), 0 ≤ p i) (hs : ∑ i, p i = 1)
  (horder : Antitone p) (ε : ℝ) (hε : 0 ≤ ε) (hε2 : ε ≤ 2) :
  Cloning.YoungGeneral.atypicalMass N p ε ≤ (↑N + 1) ^ (d * d) * (2 * ↑d * Real.exp (-↑N * ε ^ 2 / 4))
info: ClassicalRounding.lean:37:0: Cloning.YoungGeneral.tableau_fallback_errors_tendsto_zero {d : ℕ} (hd : 1 ≤ d) (K : Set (Fin (d + 1) → ℝ))
  (hK : IsCompact K) (hpos : ∀ p ∈ K, ∀ (i : Fin (d + 1)), 0 < p i) (hanti : ∀ p ∈ K, StrictAnti p) (m : ℕ → ℤ)
  (γn : ℕ → ℝ) (γ : ℝ) (hγ : 1 < γ) (hγn : Filter.Tendsto γn Filter.atTop (nhds γ)) (hm : ∀ (n : ℕ), ↑(m n) = γn n * ↑n)
  (p : ℕ → Fin (d + 1) → ℝ) (hp : ∀ (n : ℕ), p n ∈ K) (hs : ∀ (n : ℕ), ∑ i, p n i = 1)
  (P : (N : ℕ) → PMF (Cloning.YoungGeneral.Shape (d + 1) N)) (Q : ℕ → PMF (Fin (d + 1) → ℤ))
  (hformula :
    ∀ (N : ℕ) (μ : Cloning.YoungGeneral.Shape (d + 1) N),
      ((P N) μ).toReal = Cloning.YoungGeneral.youngWeight N (p N) fun i => ↑(μ i)) :
  Filter.Tendsto
      (fun n =>
        Cloning.CountableScheffe.l1Distance
          (Cloning.YoungCompatibility.probability
            ((P n).bind fun μ =>
              Cloning.YoungCompatibility.fallbackKernel (γn n) (↑n) (m n) (Cloning.YoungGeneral.integerShape μ)))
          (Cloning.YoungCompatibility.probability
            ((P n).bind fun μ =>
              Cloning.YoungCompatibility.rawKernel (γn n) (m n) (Cloning.YoungGeneral.integerShape μ))))
      Filter.atTop (nhds 0) ∧
    Filter.Tendsto
      (fun n =>
        |Cloning.CountableScheffe.affinity
              (Cloning.YoungCompatibility.probability
                ((P n).bind fun μ =>
                  Cloning.YoungCompatibility.fallbackKernel (γn n) (↑n) (m n) (Cloning.YoungGeneral.integerShape μ)))
              (Cloning.YoungCompatibility.probability (Q n)) -
            Cloning.CountableScheffe.affinity
              (Cloning.YoungCompatibility.probability
                ((P n).bind fun μ =>
                  Cloning.YoungCompatibility.rawKernel (γn n) (m n) (Cloning.YoungGeneral.integerShape μ)))
              (Cloning.YoungCompatibility.probability (Q n))|)
      Filter.atTop (nhds 0)
info: ClassicalRounding.lean:38:0: Cloning.YoungGeneral.dimension_moments_tendsto_one (r k : ℕ) (hr : 0 < r)
  (P : (N : ℕ) → PMF (Cloning.YoungGeneral.Shape r N))
  (hformula :
    ∀ (N : ℕ) (μ : Cloning.YoungGeneral.Shape r N),
      ((P N) μ).toReal = Cloning.YoungGeneral.youngWeight N (Cloning.YoungGeneral.flatSpectrum r) fun i => ↑(μ i)) :
  Filter.Tendsto (fun N => ∑ μ, ((P N) μ).toReal * Cloning.YoungGeneral.normalizedDimension r k N μ) Filter.atTop
      (nhds 1) ∧
    Filter.Tendsto (fun N => ∑ μ, ((P N) μ).toReal * Cloning.YoungGeneral.inverseNormalizedDimension r k N μ)
      Filter.atTop (nhds 1)
info: ClassicalRounding.lean:39:0: Cloning.YoungGeneral.totalTableauMass_eq_pow (d N : ℕ) (p : Fin d → ℝ) :
  Cloning.YoungGeneral.totalTableauMass d N p = (∑ i, p i) ^ N
info: ClassicalRounding.lean:40:0: Cloning.YoungGeneral.tableauPMF {d : ℕ} (N : ℕ) (p : Fin d → ℝ) (hp : ∀ (i : Fin d), 0 ≤ p i) (hs : ∑ i, p i = 1) :
  PMF (Cloning.YoungGeneral.Shape d N)
info: ClassicalRounding.lean:41:0: Cloning.YoungGeneral.tableauPMF_tailProbability_tendsto_zero {d : ℕ} (p : ℕ → Fin d → ℝ)
  (hp : ∀ (N : ℕ) (i : Fin d), 0 ≤ p N i) (hs : ∀ (N : ℕ), ∑ i, p N i = 1) (horder : ∀ (N : ℕ), Antitone (p N)) :
  Filter.Tendsto
    (fun N =>
      Cloning.YoungGeneral.tailProbability (Cloning.YoungGeneral.tableauPMF N (p N) ⋯ ⋯) (p N)
        (Cloning.YoungGeneral.shrinkingRadius N))
    Filter.atTop (nhds 0)
info: ClassicalRounding.lean:42:0: Cloning.YoungGeneral.tableauPMF_fallback_errors {d : ℕ} (hd : 1 ≤ d) (K : Set (Fin (d + 1) → ℝ)) (hK : IsCompact K)
  (hpos : ∀ p ∈ K, ∀ (i : Fin (d + 1)), 0 < p i) (hanti : ∀ p ∈ K, StrictAnti p) (m : ℕ → ℤ) (γn : ℕ → ℝ) (γ : ℝ)
  (hγ : 1 < γ) (hγn : Filter.Tendsto γn Filter.atTop (nhds γ)) (hm : ∀ (n : ℕ), ↑(m n) = γn n * ↑n)
  (p : ℕ → Fin (d + 1) → ℝ) (hp : ∀ (n : ℕ), p n ∈ K) (hs : ∀ (n : ℕ), ∑ i, p n i = 1) (Q : ℕ → PMF (Fin (d + 1) → ℤ)) :
  have P := fun N => Cloning.YoungGeneral.tableauPMF N (p N) ⋯ ⋯;
  Filter.Tendsto
      (fun n =>
        Cloning.CountableScheffe.l1Distance
          (Cloning.YoungCompatibility.probability
            ((P n).bind fun μ =>
              Cloning.YoungCompatibility.fallbackKernel (γn n) (↑n) (m n) (Cloning.YoungGeneral.integerShape μ)))
          (Cloning.YoungCompatibility.probability
            ((P n).bind fun μ =>
              Cloning.YoungCompatibility.rawKernel (γn n) (m n) (Cloning.YoungGeneral.integerShape μ))))
      Filter.atTop (nhds 0) ∧
    Filter.Tendsto
      (fun n =>
        |Cloning.CountableScheffe.affinity
              (Cloning.YoungCompatibility.probability
                ((P n).bind fun μ =>
                  Cloning.YoungCompatibility.fallbackKernel (γn n) (↑n) (m n) (Cloning.YoungGeneral.integerShape μ)))
              (Cloning.YoungCompatibility.probability (Q n)) -
            Cloning.CountableScheffe.affinity
              (Cloning.YoungCompatibility.probability
                ((P n).bind fun μ =>
                  Cloning.YoungCompatibility.rawKernel (γn n) (m n) (Cloning.YoungGeneral.integerShape μ)))
              (Cloning.YoungCompatibility.probability (Q n))|)
      Filter.atTop (nhds 0)
info: ClassicalRounding.lean:43:0: Cloning.YoungGeneral.flatTableauPMF_dimension_moments (r k : ℕ) (hr : 0 < r) :
  Filter.Tendsto
      (fun N =>
        ∑ μ, ((Cloning.YoungGeneral.flatTableauPMF r N hr) μ).toReal * Cloning.YoungGeneral.normalizedDimension r k N μ)
      Filter.atTop (nhds 1) ∧
    Filter.Tendsto
      (fun N =>
        ∑ μ,
          ((Cloning.YoungGeneral.flatTableauPMF r N hr) μ).toReal *
            Cloning.YoungGeneral.inverseNormalizedDimension r k N μ)
      Filter.atTop (nhds 1)
✔ [3868/3871] Built Cloning (8.9s)
ℹ [3869/3871] Built LiftedSectorFidelity (9.0s)
info: LiftedSectorFidelity.lean:27:0: Cloning.MatrixFidelity.lifted_matrix_factorization_bound.{u_1, u_2, u_3} {ι : Type u_1} [Fintype ι] [DecidableEq ι]
  {d : ι → Type u_2} {s : ι → Type u_3} [(i : ι) → Fintype (d i)] [(i : ι) → DecidableEq (d i)]
  [(i : ι) → Fintype (s i)] [(i : ι) → DecidableEq (s i)] (X G : (i : ι) → Matrix (d i) (d i) ℂ)
  (ρ : (i : ι) → Cloning.MatrixFidelity.State (d i)) (τ : (i : ι) → Cloning.MatrixFidelity.State (s i)) (p : ι → ℝ)
  (c η : ℝ) (hX : ∀ (i : ι), (X i).PosSemidef) (hG : ∀ (i : ι), (G i).PosSemidef)
  (hdiff : ∀ (i : ι), (X i - G i).PosSemidef) (hp : ∀ (i : ι), 0 ≤ p i) (hpsum : ∑ i, p i = 1)
  (hXmass : ∑ i, (X i).trace.re ≤ 1) (hc0 : 0 ≤ c) (hc1 : c ≤ 1) (hη : 0 ≤ η)
  (hsector :
    ∀ (i : ι),
      0 < (G i).trace.re →
        |Cloning.MatrixFidelity.fidelity (Cloning.MatrixFidelity.normalizedBlock (G i)) (ρ i).matrix - c| ≤ η) :
  |Cloning.MatrixFidelity.fidelity
          (Matrix.blockDiagonal' fun i => Matrix.kroneckerMap (fun x1 x2 => x1 * x2) (X i) (τ i).matrix)
          (Matrix.blockDiagonal' fun i =>
            Matrix.kroneckerMap (fun x1 x2 => x1 * x2) (p i • (ρ i).matrix) (τ i).matrix) -
        c * Cloning.BlockFidelity.classicalAffinity (fun i => (X i).trace.re) p| ≤
    η + 2 * √(∑ i, ((X i).trace.re - (G i).trace.re))
info: LiftedSectorFidelity.lean:28:0: Cloning.MatrixCovariantBalance.cartanChannel_of_irreducible_intertwiner.{u_1, u_2, u_3, u_4} {G : Type u_1}
  {A : Type u_2} [Monoid G] [Fintype A] [DecidableEq A] {B : Type u_3} {C : Type u_4} [Fintype B] [Fintype C]
  [DecidableEq B] [DecidableEq C] (ρ : Representation ℂ G (A → ℂ)) (σ : Representation ℂ G (B → ℂ))
  (τ : Representation ℂ G (C → ℂ)) [ρ.IsIrreducible] (V : Matrix (A × B) C ℂ) (hA : 0 < Fintype.card A)
  (hC : 0 < Fintype.card C) (hV : V.conjTranspose * V = 1)
  (hρ : ∀ (g : G), (LinearMap.toMatrix' (ρ g)).conjTranspose * LinearMap.toMatrix' (ρ g) = 1)
  (hσ : ∀ (g : G), (LinearMap.toMatrix' (σ g)).conjTranspose * LinearMap.toMatrix' (σ g) = 1)
  (hτ : ∀ (g : G), LinearMap.toMatrix' (τ g) * (LinearMap.toMatrix' (τ g)).conjTranspose = 1)
  (hintertwine :
    ∀ (g : G),
      Matrix.kroneckerMap (fun x1 x2 => x1 * x2) (LinearMap.toMatrix' (ρ g)) (LinearMap.toMatrix' (σ g)) * V =
        V * LinearMap.toMatrix' (τ g)) :
  Cloning.Channels.MatrixChannel A C
info: LiftedSectorFidelity.lean:29:0: Cloning.MatrixFidelity.lifted_matrix_fidelity_converges.{u_1, u_2, u_3} {I : ℕ → Type u_1} [(n : ℕ) → Fintype (I n)]
  [(n : ℕ) → DecidableEq (I n)] {d : (n : ℕ) → I n → Type u_2} {s : (n : ℕ) → I n → Type u_3}
  [(n : ℕ) → (i : I n) → Fintype (d n i)] [(n : ℕ) → (i : I n) → DecidableEq (d n i)]
  [(n : ℕ) → (i : I n) → Fintype (s n i)] [(n : ℕ) → (i : I n) → DecidableEq (s n i)]
  (X G : (n : ℕ) → (i : I n) → Matrix (d n i) (d n i) ℂ)
  (ρ : (n : ℕ) → (i : I n) → Cloning.MatrixFidelity.State (d n i))
  (τ : (n : ℕ) → (i : I n) → Cloning.MatrixFidelity.State (s n i)) (p : (n : ℕ) → I n → ℝ) (η : ℕ → ℝ) (c l : ℝ)
  (hX : ∀ (n : ℕ) (i : I n), (X n i).PosSemidef) (hG : ∀ (n : ℕ) (i : I n), (G n i).PosSemidef)
  (hdiff : ∀ (n : ℕ) (i : I n), (X n i - G n i).PosSemidef) (hp : ∀ (n : ℕ) (i : I n), 0 ≤ p n i)
  (hpsum : ∀ (n : ℕ), ∑ i, p n i = 1) (hXmass : ∀ (n : ℕ), ∑ i, (X n i).trace.re ≤ 1) (hc0 : 0 ≤ c) (hc1 : c ≤ 1)
  (hη : ∀ (n : ℕ), 0 ≤ η n)
  (hsector :
    ∀ (n : ℕ) (i : I n),
      0 < (G n i).trace.re →
        |Cloning.MatrixFidelity.fidelity (Cloning.MatrixFidelity.normalizedBlock (G n i)) (ρ n i).matrix - c| ≤ η n)
  (hηlimit : Filter.Tendsto η Filter.atTop (nhds 0))
  (hmass : Filter.Tendsto (fun n => ∑ i, ((X n i).trace.re - (G n i).trace.re)) Filter.atTop (nhds 0))
  (hlabel :
    Filter.Tendsto (fun n => Cloning.BlockFidelity.classicalAffinity (fun i => (X n i).trace.re) (p n)) Filter.atTop
      (nhds l)) :
  Filter.Tendsto
    (fun n =>
      Cloning.MatrixFidelity.fidelity
        (Matrix.blockDiagonal' fun i => Matrix.kroneckerMap (fun x1 x2 => x1 * x2) (X n i) (τ n i).matrix)
        (Matrix.blockDiagonal' fun i =>
          Matrix.kroneckerMap (fun x1 x2 => x1 * x2) (p n i • (ρ n i).matrix) (τ n i).matrix))
    Filter.atTop (nhds (c * l))
info: LiftedSectorFidelity.lean:30:0: Cloning.MatrixTransitionAchievability.transition_achievability_bound.{u_1, u_2, u_3, u_4, u_5} {μ : Type u_1}
  {ν : Type u_2} [Fintype μ] {α : μ → Type u_3} {β : ν → Type u_4} [(i : μ) → Fintype (α i)] [(j : ν) → Fintype (β j)]
  [(j : ν) → DecidableEq (β j)] [Fintype ν] [DecidableEq ν] {κ : ν → Type u_5} [(j : ν) → Fintype (κ j)]
  [(j : ν) → DecidableEq (κ j)] (Φ : (i : μ) → (j : ν) → Cloning.Channels.MatrixChannel (α i) (β j))
  (ρ : (i : μ) → Cloning.MatrixFidelity.State (α i)) (σ : (j : ν) → Cloning.MatrixFidelity.State (β j))
  (τ : (j : ν) → Cloning.MatrixFidelity.State (κ j)) {joint : μ → ν → ℝ} (hjoint : ∀ (i : μ) (j : ν), 0 ≤ joint i j)
  (keep : μ → ν → Prop) (p : ν → ℝ) (c η : ℝ) (hp : ∀ (j : ν), 0 ≤ p j) (hpsum : ∑ j, p j = 1)
  (hjointmass : ∑ j, ∑ i, joint i j ≤ 1) (hc0 : 0 ≤ c) (hc1 : c ≤ 1) (hη : 0 ≤ η)
  (hindividual :
    ∀ (i : μ) (j : ν),
      keep i j → 0 < joint i j → c - η ≤ Cloning.MatrixFidelity.fidelity ((Φ i j).toFun (ρ i).matrix) (σ j).matrix) :
  c * Cloning.BlockFidelity.classicalAffinity (fun j => ∑ i, joint i j) p - η -
      √(∑ j, ∑ i, Cloning.MatrixLiftedTrimming.discardedJoint joint keep i j) ≤
    Cloning.MatrixFidelity.fidelity (Cloning.MatrixLiftedChannel.liftedOutput Φ ρ τ joint)
      (Matrix.blockDiagonal' fun j => Matrix.kroneckerMap (fun x1 x2 => x1 * x2) (p j • (σ j).matrix) (τ j).matrix)
info: LiftedSectorFidelity.lean:31:0: Cloning.PBW.normalized_gram_error_le_of_root_filtration.{u_1, u_2} {ι : Type u_1} {H : Type u_2} [DecidableEq ι]
  [Fintype ι] [NormedAddCommGroup H] [InnerProductSpace ℂ H] (F A : ι → H →L[ℂ] H) (K : ℕ → Submodule ℂ H)
  (hK : Monotone K) (Ω : H) (hΩmem : Ω ∈ K 0) (hnorm : inner ℂ Ω Ω = 1)
  (hadj : ∀ (i : ι) (x y : H), inner ℂ ((F i) x) y = inner ℂ x ((A i) y)) (hzero : ∀ (i : ι), ∀ x ∈ K 0, (A i) x = 0)
  (hlower : ∀ (i : ι) (r : ℕ), ∀ x ∈ K (r + 1), (A i) x ∈ K r) (D L : ℕ)
  (hraise : ∀ (i : ι) (r : ℕ), ∀ x ∈ K r, (F i) x ∈ K (r + D)) (ε : ℝ) (hε : 0 ≤ ε) (hεone : ε ≤ 1)
  (hcomm : ∀ (i j : ι), ∀ r ≤ L * D, ∀ x ∈ K r, ‖Cloning.PBW.commutatorDefect F A i j x‖ ≤ ε * ‖x‖) (u v : List ι)
  (hu : u.length ≤ L) (hv : v.length ≤ L) :
  ‖inner ℂ (Cloning.PBW.normalizedWord F u Ω) (Cloning.PBW.normalizedWord F v Ω) - if u.Perm v then 1 else 0‖ ≤
    ↑(Cloning.PBW.gramConstant L u.length) * (√(↑(L * D) + 1) * √2) ^ (2 * L) * ε
info: LiftedSectorFidelity.lean:32:0: Cloning.PBW.normalized_gram_tendsto_of_cutoff.{u_1, u_3} {ι : Type u_1} [DecidableEq ι] [Fintype ι] (E : ℕ → Type u_3)
  [(n : ℕ) → NormedAddCommGroup (E n)] [(n : ℕ) → InnerProductSpace ℂ (E n)] (F A : (n : ℕ) → ι → E n →L[ℂ] E n)
  (K : (n : ℕ) → ℕ → Submodule ℂ (E n)) (Ω : (n : ℕ) → E n) (L : ℕ) (M : ℝ) (ε : ℕ → ℝ) (hM : 1 ≤ M)
  (hε : ∀ (n : ℕ), 0 ≤ ε n) (hεlim : Filter.Tendsto ε Filter.atTop (nhds 0)) (hK : ∀ (n : ℕ), Monotone (K n))
  (hΩmem : ∀ (n : ℕ), Ω n ∈ K n 0) (hnorm : ∀ (n : ℕ), inner ℂ (Ω n) (Ω n) = 1)
  (hΩ : ∀ (n : ℕ) (i : ι), (A n i) (Ω n) = 0)
  (hadj : ∀ (n : ℕ) (i : ι) (x y : E n), inner ℂ ((F n i) x) y = inner ℂ x ((A n i) y))
  (hF : ∀ (n : ℕ) (i : ι) (r : ℕ), ∀ x ∈ K n r, (F n i) x ∈ K n (r + 1))
  (hA : ∀ (n : ℕ) (i : ι) (r : ℕ), ∀ x ∈ K n r, (A n i) x ∈ K n (r + 1))
  (hbound : ∀ (n : ℕ) (i : ι), ∀ r ≤ L, ∀ x ∈ K n r, ‖(F n i) x‖ ≤ M * ‖x‖)
  (hcomm : ∀ (n : ℕ) (i j : ι), ∀ r ≤ L, ∀ x ∈ K n r, ‖Cloning.PBW.commutatorDefect (F n) (A n) i j x‖ ≤ ε n * ‖x‖)
  (u v : List ι) (hu : u.length ≤ L) (hv : v.length ≤ L) :
  Filter.Tendsto
    (fun n => inner ℂ (Cloning.PBW.normalizedWord (F n) u (Ω n)) (Cloning.PBW.normalizedWord (F n) v (Ω n)))
    Filter.atTop (nhds (if u.Perm v then 1 else 0))
info: LiftedSectorFidelity.lean:33:0: Cloning.TensorLie.slotGenerator_apply.{u_1} {A : Type u_1} [Fintype A] [DecidableEq A] {n : ℕ} (t : Fin n) (a b : A)
  (x : ↥(Cloning.TensorLie.TensorRegister n A)) (w : Fin n → A) :
  ↑((Cloning.TensorLie.slotGenerator t a b) x) w = if w t = a then ↑x (Function.update w t b) else 0
info: LiftedSectorFidelity.lean:34:0: Cloning.TensorLie.collectiveGenerator_adjoint.{u_1} {A : Type u_1} [Fintype A] [DecidableEq A] {n : ℕ} (a b : A) :
  ContinuousLinearMap.adjoint (Cloning.TensorLie.collectiveGenerator n a b) =
    Cloning.TensorLie.collectiveGenerator n b a
info: LiftedSectorFidelity.lean:35:0: Cloning.TensorLie.collectiveGenerator_commutator.{u_1} {A : Type u_1} [Fintype A] [DecidableEq A] {n : ℕ}
  (a b c e : A) :
  Cloning.TensorLie.collectiveGenerator n a b * Cloning.TensorLie.collectiveGenerator n c e -
      Cloning.TensorLie.collectiveGenerator n c e * Cloning.TensorLie.collectiveGenerator n a b =
    (if b = c then Cloning.TensorLie.collectiveGenerator n a e else 0) -
      if e = a then Cloning.TensorLie.collectiveGenerator n c b else 0
info: LiftedSectorFidelity.lean:36:0: Cloning.TensorLie.collectiveGenerator_diagonal.{u_1} {A : Type u_1} [Fintype A] [DecidableEq A] {n : ℕ} (a : A)
  (x : ↥(Cloning.TensorLie.TensorRegister n A)) (w : Fin n → A) :
  ↑((Cloning.TensorLie.collectiveGenerator n a a) x) w = ↑(Cloning.TensorLie.occupancy w a) * ↑x w
info: LiftedSectorFidelity.lean:37:0: Cloning.TensorLie.highestTensor_norm (n d : ℕ) : ‖Cloning.TensorLie.highestTensor n d‖ = 1
info: LiftedSectorFidelity.lean:38:0: Cloning.TensorLie.highestTensor_raising_zero (n d : ℕ) (a b : Fin (d + 1)) (hab : a < b) :
  (Cloning.TensorLie.collectiveGenerator n a b) (Cloning.TensorLie.highestTensor n d) = 0
info: LiftedSectorFidelity.lean:39:0: Cloning.TensorLie.highestTensor_cartan (n d : ℕ) (a : Fin (d + 1)) :
  (Cloning.TensorLie.collectiveGenerator n a a) (Cloning.TensorLie.highestTensor n d) =
    (if a = 0 then ↑n else 0) • Cloning.TensorLie.highestTensor n d
info: LiftedSectorFidelity.lean:40:0: Cloning.TensorLie.collectiveGenerator_lowers_cutoff {n d : ℕ} (a b : Fin (d + 1)) (hab : a < b) (r : ℕ)
  (x : ↥(Cloning.TensorLie.TensorRegister n (Fin (d + 1)))) (hx : x ∈ Cloning.TensorLie.heightCutoff n d (r + 1)) :
  (Cloning.TensorLie.collectiveGenerator n a b) x ∈ Cloning.TensorLie.heightCutoff n d r
info: LiftedSectorFidelity.lean:41:0: Cloning.TensorLie.collectiveGenerator_raises_cutoff {n d : ℕ} (a b : Fin (d + 1)) (r : ℕ)
  (x : ↥(Cloning.TensorLie.TensorRegister n (Fin (d + 1)))) (hx : x ∈ Cloning.TensorLie.heightCutoff n d r) :
  (Cloning.TensorLie.collectiveGenerator n b a) x ∈ Cloning.TensorLie.heightCutoff n d (r + d)
info: LiftedSectorFidelity.lean:42:0: Cloning.TensorLie.exists_partitionHighestTensor {d : ℕ} (μ : Fin d → ℕ) (hμ : Antitone μ) :
  ∃ Ω,
    ‖Ω‖ = 1 ∧
      (∀ (a b : Fin d), a < b → (Cloning.TensorLie.collectiveGenerator (∑ i, μ i) a b) Ω = 0) ∧
        ∀ (a : Fin d), (Cloning.TensorLie.collectiveGenerator (∑ i, μ i) a a) Ω = ↑(μ a) • Ω
info: LiftedSectorFidelity.lean:43:0: Cloning.TensorLie.normalized_CCR_norm_le {n d : ℕ} (Ω : ↥(Cloning.TensorLie.TensorRegister n (Fin d))) (mu : Fin d → ℕ)
  (hweight : ∀ (a : Fin d), (Cloning.TensorLie.collectiveGenerator n a a) Ω = ↑(mu a) • Ω)
  (hraise : ∀ (a b : Fin d), a < b → (Cloning.TensorLie.collectiveGenerator n a b) Ω = 0) (r : ℕ)
  {x : ↥(Cloning.TensorLie.TensorRegister n (Fin d))} (hx : x ∈ Cloning.TensorLie.cyclicCutoff Ω ↑r) (a b c e : Fin d)
  {δ : ℝ} (hδ : 0 < δ) (hab : δ ≤ ↑(mu a) - ↑(mu b)) (hce : δ ≤ ↑(mu c) - ↑(mu e)) :
  ‖(Cloning.TensorLie.normalizedAnnihilator n mu a b) ((Cloning.TensorLie.normalizedCreator n mu c e) x) -
          (Cloning.TensorLie.normalizedCreator n mu c e) ((Cloning.TensorLie.normalizedAnnihilator n mu a b) x) -
        (if (a, b) = (c, e) then 1 else 0) • x‖ ≤
    Cloning.TensorLie.rootError r δ * ‖x‖
info: LiftedSectorFidelity.lean:44:0: Cloning.TensorLie.partition_normalized_gram_error_le.{u_1} {d : ℕ} {ι : Type u_1} [Fintype ι] [DecidableEq ι]
  (root : ι → Cloning.TensorLie.PositiveRoot d) (hinj : Function.Injective root) (mu : Fin d → ℕ) (hmu : Antitone mu)
  (L : ℕ) {δ : ℝ} (hδ : 2 * (↑(L * d) + 1) ≤ δ) (hgap : ∀ (i : ι), δ ≤ ↑(mu (↑(root i)).1) - ↑(mu (↑(root i)).2))
  (u v : List ι) (hu : u.length ≤ L) (hv : v.length ≤ L) :
  ‖inner ℂ
          (Cloning.PBW.normalizedWord
            (fun i => Cloning.TensorLie.normalizedCreator (∑ j, mu j) mu (↑(root i)).1 (↑(root i)).2) u
            (Cloning.TensorLie.partitionHighestTensor mu hmu))
          (Cloning.PBW.normalizedWord
            (fun i => Cloning.TensorLie.normalizedCreator (∑ j, mu j) mu (↑(root i)).1 (↑(root i)).2) v
            (Cloning.TensorLie.partitionHighestTensor mu hmu)) -
        if u.Perm v then 1 else 0‖ ≤
    ↑(Cloning.PBW.gramConstant L u.length) * (√(↑(L * d) + 1) * √2) ^ (2 * L) * Cloning.TensorLie.rootError (L * d) δ
info: LiftedSectorFidelity.lean:45:0: Cloning.TensorLie.partition_normalized_gram_tendsto.{u_1} {d : ℕ} {ι : Type u_1} [Fintype ι] [DecidableEq ι]
  (root : ι → Cloning.TensorLie.PositiveRoot d) (hinj : Function.Injective root) (mu : ℕ → Fin d → ℕ)
  (hmu : ∀ (N : ℕ), Antitone (mu N)) (δ : ℕ → ℝ) (hδ : Filter.Tendsto δ Filter.atTop Filter.atTop)
  (hgap : ∀ᶠ (N : ℕ) in Filter.atTop, ∀ (i : ι), δ N ≤ ↑(mu N (↑(root i)).1) - ↑(mu N (↑(root i)).2)) (u v : List ι) :
  Filter.Tendsto
    (fun N =>
      inner ℂ
        (Cloning.PBW.normalizedWord
          (fun i => Cloning.TensorLie.normalizedCreator (∑ j, mu N j) (mu N) (↑(root i)).1 (↑(root i)).2) u
          (Cloning.TensorLie.partitionHighestTensor (mu N) ⋯))
        (Cloning.PBW.normalizedWord
          (fun i => Cloning.TensorLie.normalizedCreator (∑ j, mu N j) (mu N) (↑(root i)).1 (↑(root i)).2) v
          (Cloning.TensorLie.partitionHighestTensor (mu N) ⋯)))
    Filter.atTop (nhds (if u.Perm v then 1 else 0))
info: LiftedSectorFidelity.lean:46:0: Cloning.TensorLie.partition_normalized_gramMatrix_tendsto.{u_1, u_2} {d : ℕ} {ι : Type u_1} [Fintype ι] [DecidableEq ι]
  {κ : Type u_2} [Fintype κ] [DecidableEq κ] (root : ι → Cloning.TensorLie.PositiveRoot d)
  (hinj : Function.Injective root) (mu : ℕ → Fin d → ℕ) (hmu : ∀ (N : ℕ), Antitone (mu N)) (δ : ℕ → ℝ)
  (hδ : Filter.Tendsto δ Filter.atTop Filter.atTop)
  (hgap : ∀ᶠ (N : ℕ) in Filter.atTop, ∀ (i : ι), δ N ≤ ↑(mu N (↑(root i)).1) - ↑(mu N (↑(root i)).2))
  (words : κ → List ι) (hwords : ∀ (i j : κ), (words i).Perm (words j) ↔ i = j) :
  Filter.Tendsto
    (fun N i j =>
      inner ℂ
        (Cloning.PBW.normalizedWord
          (fun a => Cloning.TensorLie.normalizedCreator (∑ k, mu N k) (mu N) (↑(root a)).1 (↑(root a)).2) (words i)
          (Cloning.TensorLie.partitionHighestTensor (mu N) ⋯))
        (Cloning.PBW.normalizedWord
          (fun a => Cloning.TensorLie.normalizedCreator (∑ k, mu N k) (mu N) (↑(root a)).1 (↑(root a)).2) (words j)
          (Cloning.TensorLie.partitionHighestTensor (mu N) ⋯)))
    Filter.atTop (nhds 1)
info: LiftedSectorFidelity.lean:47:0: Cloning.TensorLie.partition_normalizedWord_eventually_linearIndependent.{u_1, u_2} {d : ℕ} {ι : Type u_1} {κ : Type u_2}
  [Fintype ι] [DecidableEq ι] [Fintype κ] [DecidableEq κ] (root : ι → Cloning.TensorLie.PositiveRoot d)
  (hinj : Function.Injective root) (mu : ℕ → Fin d → ℕ) (hmu : ∀ (N : ℕ), Antitone (mu N)) (δ : ℕ → ℝ)
  (hδ : Filter.Tendsto δ Filter.atTop Filter.atTop)
  (hgap : ∀ᶠ (N : ℕ) in Filter.atTop, ∀ (i : ι), δ N ≤ ↑(mu N (↑(root i)).1) - ↑(mu N (↑(root i)).2))
  (words : κ → List ι) (hwords : ∀ (i j : κ), (words i).Perm (words j) ↔ i = j) :
  ∀ᶠ (N : ℕ) in Filter.atTop,
    LinearIndependent ℂ fun i =>
      Cloning.PBW.normalizedWord
        (fun a => Cloning.TensorLie.normalizedCreator (∑ k, mu N k) (mu N) (↑(root a)).1 (↑(root a)).2) (words i)
        (Cloning.TensorLie.partitionHighestTensor (mu N) ⋯)
✔ [3870/3871] Built All (3.4s)
Build completed successfully (3871 jobs).
